dataset,subject_id,phase,date,day_index,time_of_day_h,counts_per_min,light_level
Lab A,1316,ADL,2026-06-17,-8,5.0,0.0,0.0
Lab A,1316,ADL,2026-06-17,-8,5.167,0.0,755.2
Lab A,1316,ADL,2026-06-17,-8,5.333,0.0,750.2
Lab A,1316,ADL,2026-06-17,-8,5.5,0.0,748.7
Lab A,1316,ADL,2026-06-17,-8,5.667,0.0,748.4
Lab A,1316,ADL,2026-06-17,-8,5.833,0.0,747.6
Lab A,1316,ADL,2026-06-17,-8,6.0,0.0,747.5
Lab A,1316,ADL,2026-06-17,-8,6.167,0.0,747.3
Lab A,1316,ADL,2026-06-17,-8,6.333,0.0,746.9
Lab A,1316,ADL,2026-06-17,-8,6.5,0.0,746.8
Lab A,1316,ADL,2026-06-17,-8,6.667,0.0,746.6
Lab A,1316,ADL,2026-06-17,-8,6.833,0.0,746.0
Lab A,1316,ADL,2026-06-17,-8,7.0,12.7,744.1
Lab A,1316,ADL,2026-06-17,-8,7.167,9.4,749.2
Lab A,1316,ADL,2026-06-17,-8,7.333,18.6,747.6
Lab A,1316,ADL,2026-06-17,-8,7.5,1.7,749.2
Lab A,1316,ADL,2026-06-17,-8,7.667,0.0,749.0
Lab A,1316,ADL,2026-06-17,-8,7.833,0.0,748.7
Lab A,1316,ADL,2026-06-17,-8,8.0,0.0,749.3
Lab A,1316,ADL,2026-06-17,-8,8.167,0.0,750.1
Lab A,1316,ADL,2026-06-17,-8,8.333,0.0,749.9
Lab A,1316,ADL,2026-06-17,-8,8.5,0.0,750.3
Lab A,1316,ADL,2026-06-17,-8,8.667,0.0,749.2
Lab A,1316,ADL,2026-06-17,-8,8.833,0.0,750.3
Lab A,1316,ADL,2026-06-17,-8,9.0,0.0,750.0
Lab A,1316,ADL,2026-06-17,-8,9.167,0.0,750.1
Lab A,1316,ADL,2026-06-17,-8,9.333,0.0,749.5
Lab A,1316,ADL,2026-06-17,-8,9.5,0.0,749.5
Lab A,1316,ADL,2026-06-17,-8,9.667,0.0,749.8
Lab A,1316,ADL,2026-06-17,-8,9.833,0.0,749.8
Lab A,1316,ADL,2026-06-17,-8,10.0,0.0,749.7
Lab A,1316,ADL,2026-06-17,-8,10.167,0.0,749.6
Lab A,1316,ADL,2026-06-17,-8,10.333,0.0,749.7
Lab A,1316,ADL,2026-06-17,-8,10.5,0.0,750.0
Lab A,1316,ADL,2026-06-17,-8,10.667,0.0,749.8
Lab A,1316,ADL,2026-06-17,-8,10.833,1.1,748.3
Lab A,1316,ADL,2026-06-17,-8,11.0,0.0,748.6
Lab A,1316,ADL,2026-06-17,-8,11.167,0.0,749.2
Lab A,1316,ADL,2026-06-17,-8,11.333,0.0,749.5
Lab A,1316,ADL,2026-06-17,-8,11.5,0.0,749.0
Lab A,1316,ADL,2026-06-17,-8,11.667,0.0,748.8
Lab A,1316,ADL,2026-06-17,-8,11.833,0.0,749.0
Lab A,1316,ADL,2026-06-17,-8,12.0,0.0,749.4
Lab A,1316,ADL,2026-06-17,-8,12.167,0.0,749.7
Lab A,1316,ADL,2026-06-17,-8,12.333,3.1,719.6
Lab A,1316,ADL,2026-06-17,-8,12.5,26.3,695.7
Lab A,1316,ADL,2026-06-17,-8,12.667,31.7,705.1
Lab A,1316,ADL,2026-06-17,-8,12.833,30.2,705.7
Lab A,1316,ADL,2026-06-17,-8,13.0,26.2,705.7
Lab A,1316,ADL,2026-06-17,-8,13.167,7.0,708.9
Lab A,1316,ADL,2026-06-17,-8,13.333,0.0,707.8
Lab A,1316,ADL,2026-06-17,-8,13.5,0.0,718.9
Lab A,1316,ADL,2026-06-17,-8,13.667,2.1,740.6
Lab A,1316,ADL,2026-06-17,-8,13.833,0.0,742.4
Lab A,1316,ADL,2026-06-17,-8,14.0,0.0,741.7
Lab A,1316,ADL,2026-06-17,-8,14.167,0.0,742.3
Lab A,1316,ADL,2026-06-17,-8,14.333,0.0,742.0
Lab A,1316,ADL,2026-06-17,-8,14.5,0.0,729.6
Lab A,1316,ADL,2026-06-17,-8,14.667,8.5,703.6
Lab A,1316,ADL,2026-06-17,-8,14.833,20.2,696.8
Lab A,1316,ADL,2026-06-17,-8,15.0,12.5,732.2
Lab A,1316,ADL,2026-06-17,-8,15.167,17.5,755.2
Lab A,1316,ADL,2026-06-17,-8,15.333,1.9,758.2
Lab A,1316,ADL,2026-06-17,-8,15.5,0.0,758.0
Lab A,1316,ADL,2026-06-17,-8,15.667,0.0,757.9
Lab A,1316,ADL,2026-06-17,-8,15.833,0.0,758.4
Lab A,1316,ADL,2026-06-17,-8,16.0,0.0,757.8
Lab A,1316,ADL,2026-06-17,-8,16.167,0.0,758.5
Lab A,1316,ADL,2026-06-17,-8,16.333,1.4,758.3
Lab A,1316,ADL,2026-06-17,-8,16.5,0.0,758.2
Lab A,1316,ADL,2026-06-17,-8,16.667,0.0,758.5
Lab A,1316,ADL,2026-06-17,-8,16.833,0.0,758.5
Lab A,1316,ADL,2026-06-17,-8,17.0,0.0,606.8
Lab A,1316,ADL,2026-06-17,-8,17.167,15.7,0.0
Lab A,1316,ADL,2026-06-17,-8,17.333,22.7,0.0
Lab A,1316,ADL,2026-06-17,-8,17.5,13.6,0.0
Lab A,1316,ADL,2026-06-17,-8,17.667,32.4,0.0
Lab A,1316,ADL,2026-06-17,-8,17.833,22.6,0.0
Lab A,1316,ADL,2026-06-17,-8,18.0,1.7,0.0
Lab A,1316,ADL,2026-06-17,-8,18.167,0.0,0.0
Lab A,1316,ADL,2026-06-17,-8,18.333,32.6,0.0
Lab A,1316,ADL,2026-06-17,-8,18.5,9.6,0.0
Lab A,1316,ADL,2026-06-17,-8,18.667,0.0,0.0
Lab A,1316,ADL,2026-06-17,-8,18.833,0.0,0.0
Lab A,1316,ADL,2026-06-17,-8,19.0,0.0,0.0
Lab A,1316,ADL,2026-06-17,-8,19.167,0.0,0.0
Lab A,1316,ADL,2026-06-17,-8,19.333,0.0,0.0
Lab A,1316,ADL,2026-06-17,-8,19.5,6.9,0.0
Lab A,1316,ADL,2026-06-17,-8,19.667,12.6,0.0
Lab A,1316,ADL,2026-06-17,-8,19.833,24.6,0.0
Lab A,1316,ADL,2026-06-17,-8,20.0,18.2,0.0
Lab A,1316,ADL,2026-06-17,-8,20.167,5.9,0.0
Lab A,1316,ADL,2026-06-17,-8,20.333,32.9,0.0
Lab A,1316,ADL,2026-06-17,-8,20.5,17.0,0.0
Lab A,1316,ADL,2026-06-17,-8,20.667,13.7,0.0
Lab A,1316,ADL,2026-06-17,-8,20.833,20.2,0.0
Lab A,1316,ADL,2026-06-17,-8,21.0,34.5,0.0
Lab A,1316,ADL,2026-06-17,-8,21.167,30.8,0.0
Lab A,1316,ADL,2026-06-17,-8,21.333,12.9,0.0
Lab A,1316,ADL,2026-06-17,-8,21.5,5.5,0.0
Lab A,1316,ADL,2026-06-17,-8,21.667,0.0,0.0
Lab A,1316,ADL,2026-06-17,-8,21.833,0.0,0.0
Lab A,1316,ADL,2026-06-17,-8,22.0,0.0,0.0
Lab A,1316,ADL,2026-06-17,-8,22.167,1.2,0.0
Lab A,1316,ADL,2026-06-17,-8,22.333,25.8,0.0
Lab A,1316,ADL,2026-06-17,-8,22.5,25.2,0.0
Lab A,1316,ADL,2026-06-17,-8,22.667,35.1,0.0
Lab A,1316,ADL,2026-06-17,-8,22.833,20.0,0.0
Lab A,1316,ADL,2026-06-17,-8,23.0,39.1,0.0
Lab A,1316,ADL,2026-06-17,-8,23.167,27.3,0.0
Lab A,1316,ADL,2026-06-17,-8,23.333,22.7,0.0
Lab A,1316,ADL,2026-06-17,-8,23.5,19.1,0.0
Lab A,1316,ADL,2026-06-17,-8,23.667,27.6,0.0
Lab A,1316,ADL,2026-06-17,-8,23.833,17.0,0.0
Lab A,1316,ADL,2026-06-18,-7,0.0,34.4,0.0
Lab A,1316,ADL,2026-06-18,-7,0.167,33.4,0.0
Lab A,1316,ADL,2026-06-18,-7,0.333,5.2,0.0
Lab A,1316,ADL,2026-06-18,-7,0.5,0.0,0.0
Lab A,1316,ADL,2026-06-18,-7,0.667,4.0,0.0
Lab A,1316,ADL,2026-06-18,-7,0.833,7.5,0.0
Lab A,1316,ADL,2026-06-18,-7,1.0,13.4,0.0
Lab A,1316,ADL,2026-06-18,-7,1.167,0.0,0.0
Lab A,1316,ADL,2026-06-18,-7,1.333,0.0,0.0
Lab A,1316,ADL,2026-06-18,-7,1.5,0.0,0.0
Lab A,1316,ADL,2026-06-18,-7,1.667,0.0,0.0
Lab A,1316,ADL,2026-06-18,-7,1.833,0.0,0.0
Lab A,1316,ADL,2026-06-18,-7,2.0,0.0,0.0
Lab A,1316,ADL,2026-06-18,-7,2.167,0.0,0.0
Lab A,1316,ADL,2026-06-18,-7,2.333,8.9,0.0
Lab A,1316,ADL,2026-06-18,-7,2.5,0.0,0.0
Lab A,1316,ADL,2026-06-18,-7,2.667,0.0,0.0
Lab A,1316,ADL,2026-06-18,-7,2.833,0.0,0.0
Lab A,1316,ADL,2026-06-18,-7,3.0,16.4,0.0
Lab A,1316,ADL,2026-06-18,-7,3.167,13.5,0.0
Lab A,1316,ADL,2026-06-18,-7,3.333,19.0,0.0
Lab A,1316,ADL,2026-06-18,-7,3.5,34.7,0.0
Lab A,1316,ADL,2026-06-18,-7,3.667,30.5,0.0
Lab A,1316,ADL,2026-06-18,-7,3.833,16.9,0.0
Lab A,1316,ADL,2026-06-18,-7,4.0,6.0,0.0
Lab A,1316,ADL,2026-06-18,-7,4.167,29.7,0.0
Lab A,1316,ADL,2026-06-18,-7,4.333,4.1,0.0
Lab A,1316,ADL,2026-06-18,-7,4.5,0.0,0.0
Lab A,1316,ADL,2026-06-18,-7,4.667,0.0,0.0
Lab A,1316,ADL,2026-06-18,-7,4.833,0.5,0.0
Lab A,1316,ADL,2026-06-18,-7,5.0,0.0,0.0
Lab A,1316,ADL,2026-06-18,-7,5.167,0.0,767.3
Lab A,1316,ADL,2026-06-18,-7,5.333,0.0,762.2
Lab A,1316,ADL,2026-06-18,-7,5.5,0.0,761.4
Lab A,1316,ADL,2026-06-18,-7,5.667,0.0,760.9
Lab A,1316,ADL,2026-06-18,-7,5.833,1.2,760.5
Lab A,1316,ADL,2026-06-18,-7,6.0,0.1,760.7
Lab A,1316,ADL,2026-06-18,-7,6.167,28.5,754.5
Lab A,1316,ADL,2026-06-18,-7,6.333,36.4,754.0
Lab A,1316,ADL,2026-06-18,-7,6.5,22.4,753.9
Lab A,1316,ADL,2026-06-18,-7,6.667,4.4,758.4
Lab A,1316,ADL,2026-06-18,-7,6.833,2.2,759.1
Lab A,1316,ADL,2026-06-18,-7,7.0,0.0,758.7
Lab A,1316,ADL,2026-06-18,-7,7.167,0.0,758.7
Lab A,1316,ADL,2026-06-18,-7,7.333,0.0,759.0
Lab A,1316,ADL,2026-06-18,-7,7.5,0.0,758.8
Lab A,1316,ADL,2026-06-18,-7,7.667,0.0,758.6
Lab A,1316,ADL,2026-06-18,-7,7.833,0.0,758.5
Lab A,1316,ADL,2026-06-18,-7,8.0,0.0,758.5
Lab A,1316,ADL,2026-06-18,-7,8.167,0.0,758.4
Lab A,1316,ADL,2026-06-18,-7,8.333,0.0,758.1
Lab A,1316,ADL,2026-06-18,-7,8.5,0.0,757.9
Lab A,1316,ADL,2026-06-18,-7,8.667,0.0,758.2
Lab A,1316,ADL,2026-06-18,-7,8.833,0.0,758.4
Lab A,1316,ADL,2026-06-18,-7,9.0,0.0,758.2
Lab A,1316,ADL,2026-06-18,-7,9.167,0.0,758.2
Lab A,1316,ADL,2026-06-18,-7,9.333,0.0,757.5
Lab A,1316,ADL,2026-06-18,-7,9.5,1.9,757.0
Lab A,1316,ADL,2026-06-18,-7,9.667,23.6,755.0
Lab A,1316,ADL,2026-06-18,-7,9.833,25.6,755.0
Lab A,1316,ADL,2026-06-18,-7,10.0,8.6,758.4
Lab A,1316,ADL,2026-06-18,-7,10.167,0.0,759.6
Lab A,1316,ADL,2026-06-18,-7,10.333,0.0,759.5
Lab A,1316,ADL,2026-06-18,-7,10.5,0.0,759.6
Lab A,1316,ADL,2026-06-18,-7,10.667,0.0,736.8
Lab A,1316,ADL,2026-06-18,-7,10.833,1.6,725.7
Lab A,1316,ADL,2026-06-18,-7,11.0,0.0,727.3
Lab A,1316,ADL,2026-06-18,-7,11.167,16.2,704.3
Lab A,1316,ADL,2026-06-18,-7,11.333,17.5,710.8
Lab A,1316,ADL,2026-06-18,-7,11.5,1.7,715.2
Lab A,1316,ADL,2026-06-18,-7,11.667,0.0,715.5
Lab A,1316,ADL,2026-06-18,-7,11.833,0.0,715.4
Lab A,1316,ADL,2026-06-18,-7,12.0,0.0,716.1
Lab A,1316,ADL,2026-06-18,-7,12.167,0.0,716.2
Lab A,1316,ADL,2026-06-18,-7,12.333,0.0,716.2
Lab A,1316,ADL,2026-06-18,-7,12.5,0.0,715.0
Lab A,1316,ADL,2026-06-18,-7,12.667,0.0,715.6
Lab A,1316,ADL,2026-06-18,-7,12.833,0.0,715.9
Lab A,1316,ADL,2026-06-18,-7,13.0,0.6,714.3
Lab A,1316,ADL,2026-06-18,-7,13.167,13.7,711.4
Lab A,1316,ADL,2026-06-18,-7,13.333,0.0,714.5
Lab A,1316,ADL,2026-06-18,-7,13.5,0.0,746.4
Lab A,1316,ADL,2026-06-18,-7,13.667,0.0,754.7
Lab A,1316,ADL,2026-06-18,-7,13.833,0.0,754.9
Lab A,1316,ADL,2026-06-18,-7,14.0,0.0,754.4
Lab A,1316,ADL,2026-06-18,-7,14.167,0.0,754.4
Lab A,1316,ADL,2026-06-18,-7,14.333,0.0,754.9
Lab A,1316,ADL,2026-06-18,-7,14.5,0.0,754.8
Lab A,1316,ADL,2026-06-18,-7,14.667,0.0,754.6
Lab A,1316,ADL,2026-06-18,-7,14.833,0.0,754.8
Lab A,1316,ADL,2026-06-18,-7,15.0,0.9,754.9
Lab A,1316,ADL,2026-06-18,-7,15.167,0.0,753.1
Lab A,1316,ADL,2026-06-18,-7,15.333,0.0,753.9
Lab A,1316,ADL,2026-06-18,-7,15.5,0.0,753.9
Lab A,1316,ADL,2026-06-18,-7,15.667,18.6,750.2
Lab A,1316,ADL,2026-06-18,-7,15.833,4.7,752.3
Lab A,1316,ADL,2026-06-18,-7,16.0,0.0,753.6
Lab A,1316,ADL,2026-06-18,-7,16.167,0.0,753.9
Lab A,1316,ADL,2026-06-18,-7,16.333,0.0,754.0
Lab A,1316,ADL,2026-06-18,-7,16.5,0.0,753.6
Lab A,1316,ADL,2026-06-18,-7,16.667,0.0,753.4
Lab A,1316,ADL,2026-06-18,-7,16.833,0.0,753.8
Lab A,1316,ADL,2026-06-18,-7,17.0,8.8,602.7
Lab A,1316,ADL,2026-06-18,-7,17.167,17.9,0.0
Lab A,1316,ADL,2026-06-18,-7,17.333,0.1,0.0
Lab A,1316,ADL,2026-06-18,-7,17.5,0.0,0.0
Lab A,1316,ADL,2026-06-18,-7,17.667,0.0,0.0
Lab A,1316,ADL,2026-06-18,-7,17.833,0.0,0.0
Lab A,1316,ADL,2026-06-18,-7,18.0,22.9,0.0
Lab A,1316,ADL,2026-06-18,-7,18.167,38.1,0.0
Lab A,1316,ADL,2026-06-18,-7,18.333,5.1,0.0
Lab A,1316,ADL,2026-06-18,-7,18.5,0.0,0.0
Lab A,1316,ADL,2026-06-18,-7,18.667,0.0,0.0
Lab A,1316,ADL,2026-06-18,-7,18.833,0.0,0.0
Lab A,1316,ADL,2026-06-18,-7,19.0,4.0,0.0
Lab A,1316,ADL,2026-06-18,-7,19.167,0.0,0.0
Lab A,1316,ADL,2026-06-18,-7,19.333,3.1,0.0
Lab A,1316,ADL,2026-06-18,-7,19.5,0.0,0.0
Lab A,1316,ADL,2026-06-18,-7,19.667,0.0,0.0
Lab A,1316,ADL,2026-06-18,-7,19.833,1.5,0.0
Lab A,1316,ADL,2026-06-18,-7,20.0,0.0,0.0
Lab A,1316,ADL,2026-06-18,-7,20.167,28.8,0.0
Lab A,1316,ADL,2026-06-18,-7,20.333,13.9,0.0
Lab A,1316,ADL,2026-06-18,-7,20.5,18.1,0.0
Lab A,1316,ADL,2026-06-18,-7,20.667,34.8,0.0
Lab A,1316,ADL,2026-06-18,-7,20.833,11.8,0.0
Lab A,1316,ADL,2026-06-18,-7,21.0,1.4,0.0
Lab A,1316,ADL,2026-06-18,-7,21.167,0.0,0.0
Lab A,1316,ADL,2026-06-18,-7,21.333,0.0,0.0
Lab A,1316,ADL,2026-06-18,-7,21.5,3.5,0.0
Lab A,1316,ADL,2026-06-18,-7,21.667,0.0,0.0
Lab A,1316,ADL,2026-06-18,-7,21.833,0.0,0.0
Lab A,1316,ADL,2026-06-18,-7,22.0,0.0,0.0
Lab A,1316,ADL,2026-06-18,-7,22.167,0.7,0.0
Lab A,1316,ADL,2026-06-18,-7,22.333,0.7,0.0
Lab A,1316,ADL,2026-06-18,-7,22.5,0.0,0.0
Lab A,1316,ADL,2026-06-18,-7,22.667,0.0,0.0
Lab A,1316,ADL,2026-06-18,-7,22.833,0.0,0.0
Lab A,1316,ADL,2026-06-18,-7,23.0,12.2,0.0
Lab A,1316,ADL,2026-06-18,-7,23.167,40.4,0.0
Lab A,1316,ADL,2026-06-18,-7,23.333,11.0,0.0
Lab A,1316,ADL,2026-06-18,-7,23.5,39.7,0.0
Lab A,1316,ADL,2026-06-18,-7,23.667,18.1,0.0
Lab A,1316,ADL,2026-06-18,-7,23.833,5.9,0.0
Lab A,1316,ADL,2026-06-19,-6,0.0,0.0,0.0
Lab A,1316,ADL,2026-06-19,-6,0.167,0.0,0.0
Lab A,1316,ADL,2026-06-19,-6,0.333,0.0,0.0
Lab A,1316,ADL,2026-06-19,-6,0.5,0.0,0.0
Lab A,1316,ADL,2026-06-19,-6,0.667,0.0,0.0
Lab A,1316,ADL,2026-06-19,-6,0.833,5.9,0.0
Lab A,1316,ADL,2026-06-19,-6,1.0,0.0,0.0
Lab A,1316,ADL,2026-06-19,-6,1.167,0.0,0.0
Lab A,1316,ADL,2026-06-19,-6,1.333,0.0,0.0
Lab A,1316,ADL,2026-06-19,-6,1.5,1.1,0.0
Lab A,1316,ADL,2026-06-19,-6,1.667,0.0,0.0
Lab A,1316,ADL,2026-06-19,-6,1.833,5.1,0.0
Lab A,1316,ADL,2026-06-19,-6,2.0,0.0,0.0
Lab A,1316,ADL,2026-06-19,-6,2.167,0.0,0.0
Lab A,1316,ADL,2026-06-19,-6,2.333,0.0,0.0
Lab A,1316,ADL,2026-06-19,-6,2.5,2.2,0.0
Lab A,1316,ADL,2026-06-19,-6,2.667,38.8,0.0
Lab A,1316,ADL,2026-06-19,-6,2.833,13.9,0.0
Lab A,1316,ADL,2026-06-19,-6,3.0,25.8,0.0
Lab A,1316,ADL,2026-06-19,-6,3.167,21.5,0.0
Lab A,1316,ADL,2026-06-19,-6,3.333,19.5,0.0
Lab A,1316,ADL,2026-06-19,-6,3.5,44.0,0.0
Lab A,1316,ADL,2026-06-19,-6,3.667,27.3,0.0
Lab A,1316,ADL,2026-06-19,-6,3.833,2.1,0.0
Lab A,1316,ADL,2026-06-19,-6,4.0,0.0,0.0
Lab A,1316,ADL,2026-06-19,-6,4.167,0.0,0.0
Lab A,1316,ADL,2026-06-19,-6,4.333,0.0,0.0
Lab A,1316,ADL,2026-06-19,-6,4.5,0.0,0.0
Lab A,1316,ADL,2026-06-19,-6,4.667,0.0,0.0
Lab A,1316,ADL,2026-06-19,-6,4.833,0.0,0.0
Lab A,1316,ADL,2026-06-19,-6,5.0,0.0,0.0
Lab A,1316,ADL,2026-06-19,-6,5.167,1.6,764.6
Lab A,1316,ADL,2026-06-19,-6,5.333,2.4,760.4
Lab A,1316,ADL,2026-06-19,-6,5.5,18.9,750.4
Lab A,1316,ADL,2026-06-19,-6,5.667,23.1,750.2
Lab A,1316,ADL,2026-06-19,-6,5.833,10.1,755.9
Lab A,1316,ADL,2026-06-19,-6,6.0,7.5,755.5
Lab A,1316,ADL,2026-06-19,-6,6.167,0.0,757.8
Lab A,1316,ADL,2026-06-19,-6,6.333,0.0,757.9
Lab A,1316,ADL,2026-06-19,-6,6.5,0.0,757.8
Lab A,1316,ADL,2026-06-19,-6,6.667,0.0,757.5
Lab A,1316,ADL,2026-06-19,-6,6.833,0.0,757.5
Lab A,1316,ADL,2026-06-19,-6,7.0,0.0,757.7
Lab A,1316,ADL,2026-06-19,-6,7.167,0.0,756.8
Lab A,1316,ADL,2026-06-19,-6,7.333,0.0,757.4
Lab A,1316,ADL,2026-06-19,-6,7.5,0.0,757.2
Lab A,1316,ADL,2026-06-19,-6,7.667,2.2,755.7
Lab A,1316,ADL,2026-06-19,-6,7.833,0.0,756.2
Lab A,1316,ADL,2026-06-19,-6,8.0,0.0,756.7
Lab A,1316,ADL,2026-06-19,-6,8.167,0.0,756.4
Lab A,1316,ADL,2026-06-19,-6,8.333,0.0,756.2
Lab A,1316,ADL,2026-06-19,-6,8.5,0.0,756.3
Lab A,1316,ADL,2026-06-19,-6,8.667,0.0,756.4
Lab A,1316,ADL,2026-06-19,-6,8.833,0.0,756.1
Lab A,1316,ADL,2026-06-19,-6,9.0,18.8,750.6
Lab A,1316,ADL,2026-06-19,-6,9.167,10.0,753.9
Lab A,1316,ADL,2026-06-19,-6,9.333,4.3,758.0
Lab A,1316,ADL,2026-06-19,-6,9.5,0.0,759.2
Lab A,1316,ADL,2026-06-19,-6,9.667,0.0,760.2
Lab A,1316,ADL,2026-06-19,-6,9.833,0.0,759.9
Lab A,1316,ADL,2026-06-19,-6,10.0,0.0,759.9
Lab A,1316,ADL,2026-06-19,-6,10.167,0.0,758.7
Lab A,1316,ADL,2026-06-19,-6,10.333,0.0,760.0
Lab A,1316,ADL,2026-06-19,-6,10.5,0.0,759.6
Lab A,1316,ADL,2026-06-19,-6,10.667,0.0,759.3
Lab A,1316,ADL,2026-06-19,-6,10.833,0.0,759.5
Lab A,1316,ADL,2026-06-19,-6,11.0,,
Lab A,1316,ADL,2026-06-19,-6,11.167,0.3,757.9
Lab A,1316,ADL,2026-06-19,-6,11.333,5.6,712.9
Lab A,1316,ADL,2026-06-19,-6,11.5,26.3,718.5
Lab A,1316,ADL,2026-06-19,-6,11.667,0.0,754.3
Lab A,1316,ADL,2026-06-19,-6,11.833,0.0,759.0
Lab A,1316,ADL,2026-06-19,-6,12.0,0.0,759.0
Lab A,1316,ADL,2026-06-19,-6,12.167,0.0,759.4
Lab A,1316,ADL,2026-06-19,-6,12.333,0.0,759.5
Lab A,1316,ADL,2026-06-19,-6,12.5,0.0,759.6
Lab A,1316,ADL,2026-06-19,-6,12.667,0.0,758.6
Lab A,1316,ADL,2026-06-19,-6,12.833,0.0,757.9
Lab A,1316,ADL,2026-06-19,-6,13.0,1.0,757.3
Lab A,1316,ADL,2026-06-19,-6,13.167,4.2,758.3
Lab A,1316,ADL,2026-06-19,-6,13.333,0.0,758.4
Lab A,1316,ADL,2026-06-19,-6,13.5,0.0,758.0
Lab A,1316,ADL,2026-06-19,-6,13.667,0.0,758.5
Lab A,1316,ADL,2026-06-19,-6,13.833,0.0,758.3
Lab A,1316,ADL,2026-06-19,-6,14.0,0.0,757.7
Lab A,1316,ADL,2026-06-19,-6,14.167,0.0,758.0
Lab A,1316,ADL,2026-06-19,-6,14.333,0.0,757.2
Lab A,1316,ADL,2026-06-19,-6,14.5,0.0,757.8
Lab A,1316,ADL,2026-06-19,-6,14.667,0.0,758.0
Lab A,1316,ADL,2026-06-19,-6,14.833,2.0,757.3
Lab A,1316,ADL,2026-06-19,-6,15.0,0.0,758.2
Lab A,1316,ADL,2026-06-19,-6,15.167,0.0,757.9
Lab A,1316,ADL,2026-06-19,-6,15.333,0.0,758.6
Lab A,1316,ADL,2026-06-19,-6,15.5,0.0,757.9
Lab A,1316,ADL,2026-06-19,-6,15.667,0.0,757.6
Lab A,1316,ADL,2026-06-19,-6,15.833,0.1,757.4
Lab A,1316,ADL,2026-06-19,-6,16.0,3.5,758.3
Lab A,1316,ADL,2026-06-19,-6,16.167,1.5,758.6
Lab A,1316,ADL,2026-06-19,-6,16.333,0.0,757.9
Lab A,1316,ADL,2026-06-19,-6,16.5,0.0,758.3
Lab A,1316,ADL,2026-06-19,-6,16.667,2.2,756.8
Lab A,1316,ADL,2026-06-19,-6,16.833,0.0,758.3
Lab A,1316,ADL,2026-06-19,-6,17.0,0.0,606.8
Lab A,1316,ADL,2026-06-19,-6,17.167,0.0,0.0
Lab A,1316,ADL,2026-06-19,-6,17.333,6.1,0.0
Lab A,1316,ADL,2026-06-19,-6,17.5,15.5,0.0
Lab A,1316,ADL,2026-06-19,-6,17.667,0.0,0.0
Lab A,1316,ADL,2026-06-19,-6,17.833,0.0,0.0
Lab A,1316,ADL,2026-06-19,-6,18.0,1.4,0.0
Lab A,1316,ADL,2026-06-19,-6,18.167,0.0,0.0
Lab A,1316,ADL,2026-06-19,-6,18.333,2.8,0.0
Lab A,1316,ADL,2026-06-19,-6,18.5,11.1,0.0
Lab A,1316,ADL,2026-06-19,-6,18.667,10.4,0.0
Lab A,1316,ADL,2026-06-19,-6,18.833,0.0,0.0
Lab A,1316,ADL,2026-06-19,-6,19.0,0.0,0.0
Lab A,1316,ADL,2026-06-19,-6,19.167,0.0,0.0
Lab A,1316,ADL,2026-06-19,-6,19.333,0.2,0.0
Lab A,1316,ADL,2026-06-19,-6,19.5,27.3,0.0
Lab A,1316,ADL,2026-06-19,-6,19.667,22.1,0.0
Lab A,1316,ADL,2026-06-19,-6,19.833,0.0,0.0
Lab A,1316,ADL,2026-06-19,-6,20.0,0.0,0.0
Lab A,1316,ADL,2026-06-19,-6,20.167,0.0,0.0
Lab A,1316,ADL,2026-06-19,-6,20.333,3.0,0.0
Lab A,1316,ADL,2026-06-19,-6,20.5,0.0,0.0
Lab A,1316,ADL,2026-06-19,-6,20.667,2.5,0.0
Lab A,1316,ADL,2026-06-19,-6,20.833,0.0,0.0
Lab A,1316,ADL,2026-06-19,-6,21.0,0.0,0.0
Lab A,1316,ADL,2026-06-19,-6,21.167,0.0,0.0
Lab A,1316,ADL,2026-06-19,-6,21.333,13.7,0.0
Lab A,1316,ADL,2026-06-19,-6,21.5,34.6,0.0
Lab A,1316,ADL,2026-06-19,-6,21.667,8.2,0.0
Lab A,1316,ADL,2026-06-19,-6,21.833,5.0,0.0
Lab A,1316,ADL,2026-06-19,-6,22.0,0.0,0.0
Lab A,1316,ADL,2026-06-19,-6,22.167,0.0,0.0
Lab A,1316,ADL,2026-06-19,-6,22.333,1.6,0.0
Lab A,1316,ADL,2026-06-19,-6,22.5,0.0,0.0
Lab A,1316,ADL,2026-06-19,-6,22.667,10.7,0.0
Lab A,1316,ADL,2026-06-19,-6,22.833,8.4,0.0
Lab A,1316,ADL,2026-06-19,-6,23.0,22.4,0.0
Lab A,1316,ADL,2026-06-19,-6,23.167,0.0,0.0
Lab A,1316,ADL,2026-06-19,-6,23.333,0.0,0.0
Lab A,1316,ADL,2026-06-19,-6,23.5,0.0,0.0
Lab A,1316,ADL,2026-06-19,-6,23.667,0.0,0.0
Lab A,1316,ADL,2026-06-19,-6,23.833,9.6,0.0
Lab A,1316,ADL,2026-06-20,-5,0.0,30.6,0.0
Lab A,1316,ADL,2026-06-20,-5,0.167,10.4,0.0
Lab A,1316,ADL,2026-06-20,-5,0.333,0.0,0.0
Lab A,1316,ADL,2026-06-20,-5,0.5,0.0,0.0
Lab A,1316,ADL,2026-06-20,-5,0.667,0.0,0.0
Lab A,1316,ADL,2026-06-20,-5,0.833,0.0,0.0
Lab A,1316,ADL,2026-06-20,-5,1.0,5.3,0.0
Lab A,1316,ADL,2026-06-20,-5,1.167,15.1,0.0
Lab A,1316,ADL,2026-06-20,-5,1.333,8.4,0.0
Lab A,1316,ADL,2026-06-20,-5,1.5,37.3,0.0
Lab A,1316,ADL,2026-06-20,-5,1.667,36.8,0.0
Lab A,1316,ADL,2026-06-20,-5,1.833,12.4,0.0
Lab A,1316,ADL,2026-06-20,-5,2.0,0.0,0.0
Lab A,1316,ADL,2026-06-20,-5,2.167,0.0,0.0
Lab A,1316,ADL,2026-06-20,-5,2.333,,0.0
Lab A,1316,ADL,2026-06-20,-5,2.5,0.0,0.0
Lab A,1316,ADL,2026-06-20,-5,2.667,0.0,0.0
Lab A,1316,ADL,2026-06-20,-5,2.833,0.9,0.0
Lab A,1316,ADL,2026-06-20,-5,3.0,0.0,0.0
Lab A,1316,ADL,2026-06-20,-5,3.167,0.0,0.0
Lab A,1316,ADL,2026-06-20,-5,3.333,,
Lab A,1316,ADL,2026-06-20,-5,3.5,13.1,0.0
Lab A,1316,ADL,2026-06-20,-5,3.667,0.0,0.0
Lab A,1316,ADL,2026-06-20,-5,3.833,0.0,0.0
Lab A,1316,ADL,2026-06-20,-5,4.0,0.0,0.0
Lab A,1316,ADL,2026-06-20,-5,4.167,0.3,0.0
Lab A,1316,ADL,2026-06-20,-5,4.333,29.3,0.0
Lab A,1316,ADL,2026-06-20,-5,4.5,17.3,0.0
Lab A,1316,ADL,2026-06-20,-5,4.667,22.8,0.0
Lab A,1316,ADL,2026-06-20,-5,4.833,17.5,0.0
Lab A,1316,ADL,2026-06-20,-5,5.0,0.0,0.0
Lab A,1316,ADL,2026-06-20,-5,5.167,0.0,692.0
Lab A,1316,ADL,2026-06-20,-5,5.333,0.0,765.1
Lab A,1316,ADL,2026-06-20,-5,5.5,0.0,763.8
Lab A,1316,ADL,2026-06-20,-5,5.667,0.0,763.9
Lab A,1316,ADL,2026-06-20,-5,5.833,0.0,763.7
Lab A,1316,ADL,2026-06-20,-5,6.0,0.0,762.8
Lab A,1316,ADL,2026-06-20,-5,6.167,0.0,762.4
Lab A,1316,ADL,2026-06-20,-5,6.333,13.1,759.0
Lab A,1316,ADL,2026-06-20,-5,6.5,1.0,762.7
Lab A,1316,ADL,2026-06-20,-5,6.667,0.0,762.9
Lab A,1316,ADL,2026-06-20,-5,6.833,0.0,763.0
Lab A,1316,ADL,2026-06-20,-5,7.0,0.0,762.8
Lab A,1316,ADL,2026-06-20,-5,7.167,0.0,762.5
Lab A,1316,ADL,2026-06-20,-5,7.333,0.0,762.6
Lab A,1316,ADL,2026-06-20,-5,7.5,0.0,762.4
Lab A,1316,ADL,2026-06-20,-5,7.667,0.0,761.9
Lab A,1316,ADL,2026-06-20,-5,7.833,3.2,759.6
Lab A,1316,ADL,2026-06-20,-5,8.0,6.3,758.0
Lab A,1316,ADL,2026-06-20,-5,8.167,5.5,758.7
Lab A,1316,ADL,2026-06-20,-5,8.333,0.0,759.8
Lab A,1316,ADL,2026-06-20,-5,8.5,0.0,759.7
Lab A,1316,ADL,2026-06-20,-5,8.667,0.0,759.4
Lab A,1316,ADL,2026-06-20,-5,8.833,0.0,759.6
Lab A,1316,ADL,2026-06-20,-5,9.0,0.0,759.4
Lab A,1316,ADL,2026-06-20,-5,9.167,0.0,759.0
Lab A,1316,ADL,2026-06-20,-5,9.333,0.0,759.2
Lab A,1316,ADL,2026-06-20,-5,9.5,0.0,758.9
Lab A,1316,ADL,2026-06-20,-5,9.667,0.0,759.2
Lab A,1316,ADL,2026-06-20,-5,9.833,0.0,759.4
Lab A,1316,ADL,2026-06-20,-5,10.0,0.0,759.5
Lab A,1316,ADL,2026-06-20,-5,10.167,0.0,759.3
Lab A,1316,ADL,2026-06-20,-5,10.333,0.0,759.1
Lab A,1316,ADL,2026-06-20,-5,10.5,0.0,759.5
Lab A,1316,ADL,2026-06-20,-5,10.667,0.2,754.4
Lab A,1316,ADL,2026-06-20,-5,10.833,2.7,775.9
Lab A,1316,ADL,2026-06-20,-5,11.0,0.0,766.9
Lab A,1316,ADL,2026-06-20,-5,11.167,18.6,733.2
Lab A,1316,ADL,2026-06-20,-5,11.333,0.3,772.4
Lab A,1316,ADL,2026-06-20,-5,11.5,0.0,773.5
Lab A,1316,ADL,2026-06-20,-5,11.667,0.0,773.5
Lab A,1316,ADL,2026-06-20,-5,11.833,0.0,772.6
Lab A,1316,ADL,2026-06-20,-5,12.0,0.0,772.3
Lab A,1316,ADL,2026-06-20,-5,12.167,0.0,773.0
Lab A,1316,ADL,2026-06-20,-5,12.333,0.7,773.0
Lab A,1316,ADL,2026-06-20,-5,12.5,0.0,773.4
Lab A,1316,ADL,2026-06-20,-5,12.667,0.0,773.1
Lab A,1316,ADL,2026-06-20,-5,12.833,0.0,773.6
Lab A,1316,ADL,2026-06-20,-5,13.0,0.0,773.4
Lab A,1316,ADL,2026-06-20,-5,13.167,0.0,773.2
Lab A,1316,ADL,2026-06-20,-5,13.333,0.1,772.7
Lab A,1316,ADL,2026-06-20,-5,13.5,0.0,772.5
Lab A,1316,ADL,2026-06-20,-5,13.667,18.8,769.6
Lab A,1316,ADL,2026-06-20,-5,13.833,19.3,769.6
Lab A,1316,ADL,2026-06-20,-5,14.0,0.0,773.6
Lab A,1316,ADL,2026-06-20,-5,14.167,0.0,773.8
Lab A,1316,ADL,2026-06-20,-5,14.333,0.0,773.9
Lab A,1316,ADL,2026-06-20,-5,14.5,0.0,773.7
Lab A,1316,ADL,2026-06-20,-5,14.667,0.0,773.4
Lab A,1316,ADL,2026-06-20,-5,14.833,0.0,773.3
Lab A,1316,ADL,2026-06-20,-5,15.0,0.0,773.2
Lab A,1316,ADL,2026-06-20,-5,15.167,0.0,772.9
Lab A,1316,ADL,2026-06-20,-5,15.333,0.0,773.4
Lab A,1316,ADL,2026-06-20,-5,15.5,0.0,773.3
Lab A,1316,ADL,2026-06-20,-5,15.667,1.5,773.5
Lab A,1316,ADL,2026-06-20,-5,15.833,0.0,773.9
Lab A,1316,ADL,2026-06-20,-5,16.0,0.0,773.3
Lab A,1316,ADL,2026-06-20,-5,16.167,0.0,773.8
Lab A,1316,ADL,2026-06-20,-5,16.333,0.0,773.6
Lab A,1316,ADL,2026-06-20,-5,16.5,0.0,773.6
Lab A,1316,ADL,2026-06-20,-5,16.667,0.0,773.5
Lab A,1316,ADL,2026-06-20,-5,16.833,0.0,773.7
Lab A,1316,ADL,2026-06-20,-5,17.0,0.0,618.5
Lab A,1316,ADL,2026-06-20,-5,17.167,5.3,0.0
Lab A,1316,ADL,2026-06-20,-5,17.333,21.2,0.0
Lab A,1316,ADL,2026-06-20,-5,17.5,2.1,0.0
Lab A,1316,ADL,2026-06-20,-5,17.667,0.0,0.0
Lab A,1316,ADL,2026-06-20,-5,17.833,0.0,0.0
Lab A,1316,ADL,2026-06-20,-5,18.0,0.0,0.0
Lab A,1316,ADL,2026-06-20,-5,18.167,2.8,0.0
Lab A,1316,ADL,2026-06-20,-5,18.333,0.0,0.0
Lab A,1316,ADL,2026-06-20,-5,18.5,0.0,0.0
Lab A,1316,ADL,2026-06-20,-5,18.667,3.4,0.0
Lab A,1316,ADL,2026-06-20,-5,18.833,5.6,0.0
Lab A,1316,ADL,2026-06-20,-5,19.0,0.0,0.0
Lab A,1316,ADL,2026-06-20,-5,19.167,0.0,0.0
Lab A,1316,ADL,2026-06-20,-5,19.333,1.1,0.0
Lab A,1316,ADL,2026-06-20,-5,19.5,0.0,0.0
Lab A,1316,ADL,2026-06-20,-5,19.667,7.0,0.0
Lab A,1316,ADL,2026-06-20,-5,19.833,19.0,0.0
Lab A,1316,ADL,2026-06-20,-5,20.0,11.4,0.0
Lab A,1316,ADL,2026-06-20,-5,20.167,3.9,0.0
Lab A,1316,ADL,2026-06-20,-5,20.333,0.0,0.0
Lab A,1316,ADL,2026-06-20,-5,20.5,0.0,0.0
Lab A,1316,ADL,2026-06-20,-5,20.667,0.0,0.0
Lab A,1316,ADL,2026-06-20,-5,20.833,0.0,0.0
Lab A,1316,ADL,2026-06-20,-5,21.0,8.1,0.0
Lab A,1316,ADL,2026-06-20,-5,21.167,43.9,0.0
Lab A,1316,ADL,2026-06-20,-5,21.333,20.2,0.0
Lab A,1316,ADL,2026-06-20,-5,21.5,20.4,0.0
Lab A,1316,ADL,2026-06-20,-5,21.667,40.6,0.0
Lab A,1316,ADL,2026-06-20,-5,21.833,22.1,0.0
Lab A,1316,ADL,2026-06-20,-5,22.0,0.0,0.0
Lab A,1316,ADL,2026-06-20,-5,22.167,0.0,0.0
Lab A,1316,ADL,2026-06-20,-5,22.333,0.0,0.0
Lab A,1316,ADL,2026-06-20,-5,22.5,0.1,0.0
Lab A,1316,ADL,2026-06-20,-5,22.667,0.0,0.0
Lab A,1316,ADL,2026-06-20,-5,22.833,0.0,0.0
Lab A,1316,ADL,2026-06-20,-5,23.0,6.4,0.0
Lab A,1316,ADL,2026-06-20,-5,23.167,0.0,0.0
Lab A,1316,ADL,2026-06-20,-5,23.333,0.0,0.0
Lab A,1316,ADL,2026-06-20,-5,23.5,11.2,0.0
Lab A,1316,ADL,2026-06-20,-5,23.667,9.4,0.0
Lab A,1316,ADL,2026-06-20,-5,23.833,0.0,0.0
Lab A,1316,ADL,2026-06-21,-4,0.0,0.0,0.0
Lab A,1316,ADL,2026-06-21,-4,0.167,2.0,0.0
Lab A,1316,ADL,2026-06-21,-4,0.333,6.1,0.0
Lab A,1316,ADL,2026-06-21,-4,0.5,0.0,0.0
Lab A,1316,ADL,2026-06-21,-4,0.667,0.0,0.0
Lab A,1316,ADL,2026-06-21,-4,0.833,0.0,0.0
Lab A,1316,ADL,2026-06-21,-4,1.0,23.0,0.0
Lab A,1316,ADL,2026-06-21,-4,1.167,33.1,0.0
Lab A,1316,ADL,2026-06-21,-4,1.333,18.9,0.0
Lab A,1316,ADL,2026-06-21,-4,1.5,48.7,0.0
Lab A,1316,ADL,2026-06-21,-4,1.667,1.1,0.0
Lab A,1316,ADL,2026-06-21,-4,1.833,0.0,0.0
Lab A,1316,ADL,2026-06-21,-4,2.0,0.0,0.0
Lab A,1316,ADL,2026-06-21,-4,2.167,0.0,0.0
Lab A,1316,ADL,2026-06-21,-4,2.333,0.0,0.0
Lab A,1316,ADL,2026-06-21,-4,2.5,6.6,0.0
Lab A,1316,ADL,2026-06-21,-4,2.667,7.8,0.0
Lab A,1316,ADL,2026-06-21,-4,2.833,23.8,0.0
Lab A,1316,ADL,2026-06-21,-4,3.0,0.0,0.0
Lab A,1316,ADL,2026-06-21,-4,3.167,0.0,0.0
Lab A,1316,ADL,2026-06-21,-4,3.333,0.0,0.0
Lab A,1316,ADL,2026-06-21,-4,3.5,2.3,0.0
Lab A,1316,ADL,2026-06-21,-4,3.667,0.0,0.0
Lab A,1316,ADL,2026-06-21,-4,3.833,3.9,0.0
Lab A,1316,ADL,2026-06-21,-4,4.0,0.0,0.0
Lab A,1316,ADL,2026-06-21,-4,4.167,22.9,0.0
Lab A,1316,ADL,2026-06-21,-4,4.333,36.3,0.0
Lab A,1316,ADL,2026-06-21,-4,4.5,46.5,0.0
Lab A,1316,ADL,2026-06-21,-4,4.667,21.8,0.0
Lab A,1316,ADL,2026-06-21,-4,4.833,16.9,0.0
Lab A,1316,ADL,2026-06-21,-4,5.0,7.6,0.0
Lab A,1316,ADL,2026-06-21,-4,5.167,0.3,705.7
Lab A,1316,ADL,2026-06-21,-4,5.333,0.0,779.7
Lab A,1316,ADL,2026-06-21,-4,5.5,0.0,779.0
Lab A,1316,ADL,2026-06-21,-4,5.667,0.0,778.5
Lab A,1316,ADL,2026-06-21,-4,5.833,0.0,778.6
Lab A,1316,ADL,2026-06-21,-4,6.0,0.0,778.4
Lab A,1316,ADL,2026-06-21,-4,6.167,,778.6
Lab A,1316,ADL,2026-06-21,-4,6.333,1.8,777.4
Lab A,1316,ADL,2026-06-21,-4,6.5,0.0,776.8
Lab A,1316,ADL,2026-06-21,-4,6.667,0.0,776.5
Lab A,1316,ADL,2026-06-21,-4,6.833,0.0,777.1
Lab A,1316,ADL,2026-06-21,-4,7.0,0.0,776.8
Lab A,1316,ADL,2026-06-21,-4,7.167,0.0,776.4
Lab A,1316,ADL,2026-06-21,-4,7.333,3.3,775.8
Lab A,1316,ADL,2026-06-21,-4,7.5,12.7,773.7
Lab A,1316,ADL,2026-06-21,-4,7.667,7.9,775.8
Lab A,1316,ADL,2026-06-21,-4,7.833,0.0,776.8
Lab A,1316,ADL,2026-06-21,-4,8.0,0.0,777.8
Lab A,1316,ADL,2026-06-21,-4,8.167,0.0,777.2
Lab A,1316,ADL,2026-06-21,-4,8.333,0.0,777.1
Lab A,1316,ADL,2026-06-21,-4,8.5,0.0,777.2
Lab A,1316,ADL,2026-06-21,-4,8.667,0.0,777.3
Lab A,1316,ADL,2026-06-21,-4,8.833,0.0,776.3
Lab A,1316,ADL,2026-06-21,-4,9.0,0.0,777.0
Lab A,1316,ADL,2026-06-21,-4,9.167,0.0,777.0
Lab A,1316,ADL,2026-06-21,-4,9.333,0.0,776.9
Lab A,1316,ADL,2026-06-21,-4,9.5,13.3,770.7
Lab A,1316,ADL,2026-06-21,-4,9.667,15.5,772.9
Lab A,1316,ADL,2026-06-21,-4,9.833,0.0,779.2
Lab A,1316,ADL,2026-06-21,-4,10.0,0.0,779.4
Lab A,1316,ADL,2026-06-21,-4,10.167,0.0,779.1
Lab A,1316,ADL,2026-06-21,-4,10.333,0.0,778.6
Lab A,1316,ADL,2026-06-21,-4,10.5,0.0,779.1
Lab A,1316,ADL,2026-06-21,-4,10.667,0.0,778.6
Lab A,1316,ADL,2026-06-21,-4,10.833,0.0,778.7
Lab A,1316,ADL,2026-06-21,-4,11.0,0.0,778.6
Lab A,1316,ADL,2026-06-21,-4,11.167,0.0,778.8
Lab A,1316,ADL,2026-06-21,-4,11.333,0.0,779.4
Lab A,1316,ADL,2026-06-21,-4,11.5,0.0,779.1
Lab A,1316,ADL,2026-06-21,-4,11.667,0.0,779.3
Lab A,1316,ADL,2026-06-21,-4,11.833,0.0,779.0
Lab A,1316,ADL,2026-06-21,-4,12.0,0.0,779.0
Lab A,1316,ADL,2026-06-21,-4,12.167,0.0,779.2
Lab A,1316,ADL,2026-06-21,-4,12.333,0.0,779.1
Lab A,1316,ADL,2026-06-21,-4,12.5,1.8,778.0
Lab A,1316,ADL,2026-06-21,-4,12.667,3.1,776.6
Lab A,1316,ADL,2026-06-21,-4,12.833,0.0,777.0
Lab A,1316,ADL,2026-06-21,-4,13.0,0.0,777.4
Lab A,1316,ADL,2026-06-21,-4,13.167,0.0,777.4
Lab A,1316,ADL,2026-06-21,-4,13.333,0.0,777.7
Lab A,1316,ADL,2026-06-21,-4,13.5,5.1,713.0
Lab A,1316,ADL,2026-06-21,-4,13.667,17.8,752.5
Lab A,1316,ADL,2026-06-21,-4,13.833,13.4,766.2
Lab A,1316,ADL,2026-06-21,-4,14.0,0.0,768.8
Lab A,1316,ADL,2026-06-21,-4,14.167,0.0,768.0
Lab A,1316,ADL,2026-06-21,-4,14.333,0.0,767.2
Lab A,1316,ADL,2026-06-21,-4,14.5,0.0,768.2
Lab A,1316,ADL,2026-06-21,-4,14.667,0.0,768.3
Lab A,1316,ADL,2026-06-21,-4,14.833,0.0,767.5
Lab A,1316,ADL,2026-06-21,-4,15.0,0.0,766.8
Lab A,1316,ADL,2026-06-21,-4,15.167,0.9,768.0
Lab A,1316,ADL,2026-06-21,-4,15.333,0.0,768.1
Lab A,1316,ADL,2026-06-21,-4,15.5,0.0,768.0
Lab A,1316,ADL,2026-06-21,-4,15.667,0.0,768.0
Lab A,1316,ADL,2026-06-21,-4,15.833,0.0,767.7
Lab A,1316,ADL,2026-06-21,-4,16.0,1.6,766.8
Lab A,1316,ADL,2026-06-21,-4,16.167,0.0,767.5
Lab A,1316,ADL,2026-06-21,-4,16.333,0.7,767.9
Lab A,1316,ADL,2026-06-21,-4,16.5,0.0,767.8
Lab A,1316,ADL,2026-06-21,-4,16.667,0.0,767.4
Lab A,1316,ADL,2026-06-21,-4,16.833,0.0,767.3
Lab A,1316,ADL,2026-06-21,-4,17.0,0.7,614.3
Lab A,1316,ADL,2026-06-21,-4,17.167,0.0,0.0
Lab A,1316,ADL,2026-06-21,-4,17.333,5.5,0.0
Lab A,1316,ADL,2026-06-21,-4,17.5,9.8,0.0
Lab A,1316,ADL,2026-06-21,-4,17.667,0.0,0.0
Lab A,1316,ADL,2026-06-21,-4,17.833,8.2,0.0
Lab A,1316,ADL,2026-06-21,-4,18.0,0.0,0.0
Lab A,1316,ADL,2026-06-21,-4,18.167,0.0,0.0
Lab A,1316,ADL,2026-06-21,-4,18.333,0.0,0.0
Lab A,1316,ADL,2026-06-21,-4,18.5,1.8,0.0
Lab A,1316,ADL,2026-06-21,-4,18.667,2.3,0.0
Lab A,1316,ADL,2026-06-21,-4,18.833,0.0,0.0
Lab A,1316,ADL,2026-06-21,-4,19.0,0.0,0.0
Lab A,1316,ADL,2026-06-21,-4,19.167,0.0,0.0
Lab A,1316,ADL,2026-06-21,-4,19.333,2.4,0.0
Lab A,1316,ADL,2026-06-21,-4,19.5,4.0,0.0
Lab A,1316,ADL,2026-06-21,-4,19.667,12.0,0.0
Lab A,1316,ADL,2026-06-21,-4,19.833,34.8,0.0
Lab A,1316,ADL,2026-06-21,-4,20.0,4.4,0.0
Lab A,1316,ADL,2026-06-21,-4,20.167,0.0,0.0
Lab A,1316,ADL,2026-06-21,-4,20.333,0.0,0.0
Lab A,1316,ADL,2026-06-21,-4,20.5,0.0,0.0
Lab A,1316,ADL,2026-06-21,-4,20.667,0.0,0.0
Lab A,1316,ADL,2026-06-21,-4,20.833,1.6,0.0
Lab A,1316,ADL,2026-06-21,-4,21.0,3.0,0.0
Lab A,1316,ADL,2026-06-21,-4,21.167,0.0,0.0
Lab A,1316,ADL,2026-06-21,-4,21.333,3.4,0.0
Lab A,1316,ADL,2026-06-21,-4,21.5,20.6,0.0
Lab A,1316,ADL,2026-06-21,-4,21.667,19.3,0.0
Lab A,1316,ADL,2026-06-21,-4,21.833,31.2,0.0
Lab A,1316,ADL,2026-06-21,-4,22.0,20.0,0.0
Lab A,1316,ADL,2026-06-21,-4,22.167,10.2,0.0
Lab A,1316,ADL,2026-06-21,-4,22.333,0.0,0.0
Lab A,1316,ADL,2026-06-21,-4,22.5,0.0,0.0
Lab A,1316,ADL,2026-06-21,-4,22.667,0.0,0.0
Lab A,1316,ADL,2026-06-21,-4,22.833,0.0,0.0
Lab A,1316,ADL,2026-06-21,-4,23.0,0.0,0.0
Lab A,1316,ADL,2026-06-21,-4,23.167,3.2,0.0
Lab A,1316,ADL,2026-06-21,-4,23.333,21.0,0.0
Lab A,1316,ADL,2026-06-21,-4,23.5,0.0,0.0
Lab A,1316,ADL,2026-06-21,-4,23.667,0.0,0.0
Lab A,1316,ADL,2026-06-21,-4,23.833,0.0,0.0
Lab A,1316,ADL,2026-06-22,-3,0.0,2.6,0.0
Lab A,1316,ADL,2026-06-22,-3,0.167,0.0,0.0
Lab A,1316,ADL,2026-06-22,-3,0.333,0.0,0.0
Lab A,1316,ADL,2026-06-22,-3,0.5,12.6,0.0
Lab A,1316,ADL,2026-06-22,-3,0.667,29.9,0.0
Lab A,1316,ADL,2026-06-22,-3,0.833,17.0,0.0
Lab A,1316,ADL,2026-06-22,-3,1.0,16.4,0.0
Lab A,1316,ADL,2026-06-22,-3,1.167,0.0,0.0
Lab A,1316,ADL,2026-06-22,-3,1.333,0.0,0.0
Lab A,1316,ADL,2026-06-22,-3,1.5,0.0,0.0
Lab A,1316,ADL,2026-06-22,-3,1.667,0.0,0.0
Lab A,1316,ADL,2026-06-22,-3,1.833,0.0,0.0
Lab A,1316,ADL,2026-06-22,-3,2.0,2.3,0.0
Lab A,1316,ADL,2026-06-22,-3,2.167,0.0,0.0
Lab A,1316,ADL,2026-06-22,-3,2.333,1.4,0.0
Lab A,1316,ADL,2026-06-22,-3,2.5,36.9,0.0
Lab A,1316,ADL,2026-06-22,-3,2.667,24.9,0.0
Lab A,1316,ADL,2026-06-22,-3,2.833,11.4,0.0
Lab A,1316,ADL,2026-06-22,-3,3.0,18.9,0.0
Lab A,1316,ADL,2026-06-22,-3,3.167,8.2,0.0
Lab A,1316,ADL,2026-06-22,-3,3.333,7.5,0.0
Lab A,1316,ADL,2026-06-22,-3,3.5,0.0,0.0
Lab A,1316,ADL,2026-06-22,-3,3.667,0.0,0.0
Lab A,1316,ADL,2026-06-22,-3,3.833,0.0,0.0
Lab A,1316,ADL,2026-06-22,-3,4.0,0.0,0.0
Lab A,1316,ADL,2026-06-22,-3,4.167,0.0,0.0
Lab A,1316,ADL,2026-06-22,-3,4.333,1.6,0.0
Lab A,1316,ADL,2026-06-22,-3,4.5,0.0,0.0
Lab A,1316,ADL,2026-06-22,-3,4.667,0.0,0.0
Lab A,1316,ADL,2026-06-22,-3,4.833,0.0,0.0
Lab A,1316,ADL,2026-06-22,-3,5.0,4.0,0.0
Lab A,1316,ADL,2026-06-22,-3,5.167,8.1,701.8
Lab A,1316,ADL,2026-06-22,-3,5.333,2.4,775.7
Lab A,1316,ADL,2026-06-22,-3,5.5,0.0,776.5
Lab A,1316,ADL,2026-06-22,-3,5.667,0.0,776.0
Lab A,1316,ADL,2026-06-22,-3,5.833,0.0,776.4
Lab A,1316,ADL,2026-06-22,-3,6.0,0.0,775.9
Lab A,1316,ADL,2026-06-22,-3,6.167,0.0,775.9
Lab A,1316,ADL,2026-06-22,-3,6.333,0.0,774.9
Lab A,1316,ADL,2026-06-22,-3,6.5,7.0,771.3
Lab A,1316,ADL,2026-06-22,-3,6.667,1.3,774.8
Lab A,1316,ADL,2026-06-22,-3,6.833,0.0,774.5
Lab A,1316,ADL,2026-06-22,-3,7.0,0.0,774.5
Lab A,1316,ADL,2026-06-22,-3,7.167,0.0,774.0
Lab A,1316,ADL,2026-06-22,-3,7.333,0.0,774.6
Lab A,1316,ADL,2026-06-22,-3,7.5,0.0,774.0
Lab A,1316,ADL,2026-06-22,-3,7.667,0.0,774.5
Lab A,1316,ADL,2026-06-22,-3,7.833,3.1,773.5
Lab A,1316,ADL,2026-06-22,-3,8.0,17.0,769.1
Lab A,1316,ADL,2026-06-22,-3,8.167,20.9,770.0
Lab A,1316,ADL,2026-06-22,-3,8.333,12.4,771.3
Lab A,1316,ADL,2026-06-22,-3,8.5,0.0,774.8
Lab A,1316,ADL,2026-06-22,-3,8.667,0.0,775.7
Lab A,1316,ADL,2026-06-22,-3,8.833,0.0,775.4
Lab A,1316,ADL,2026-06-22,-3,9.0,0.0,774.4
Lab A,1316,ADL,2026-06-22,-3,9.167,0.0,774.9
Lab A,1316,ADL,2026-06-22,-3,9.333,0.0,774.4
Lab A,1316,ADL,2026-06-22,-3,9.5,0.0,774.6
Lab A,1316,ADL,2026-06-22,-3,9.667,0.0,774.2
Lab A,1316,ADL,2026-06-22,-3,9.833,0.0,774.3
Lab A,1316,ADL,2026-06-22,-3,10.0,0.0,774.8
Lab A,1316,ADL,2026-06-22,-3,10.167,,774.6
Lab A,1316,ADL,2026-06-22,-3,10.333,0.0,774.6
Lab A,1316,ADL,2026-06-22,-3,10.5,0.0,774.2
Lab A,1316,ADL,2026-06-22,-3,10.667,0.0,774.2
Lab A,1316,ADL,2026-06-22,-3,10.833,0.0,774.4
Lab A,1316,ADL,2026-06-22,-3,11.0,6.7,773.0
Lab A,1316,ADL,2026-06-22,-3,11.167,0.0,773.5
Lab A,1316,ADL,2026-06-22,-3,11.333,0.0,773.0
Lab A,1316,ADL,2026-06-22,-3,11.5,0.0,773.5
Lab A,1316,ADL,2026-06-22,-3,11.667,0.5,761.3
Lab A,1316,ADL,2026-06-22,-3,11.833,14.6,710.7
Lab A,1316,ADL,2026-06-22,-3,12.0,15.2,767.9
Lab A,1316,ADL,2026-06-22,-3,12.167,9.3,768.6
Lab A,1316,ADL,2026-06-22,-3,12.333,0.0,770.1
Lab A,1316,ADL,2026-06-22,-3,12.5,0.0,770.4
Lab A,1316,ADL,2026-06-22,-3,12.667,0.0,770.1
Lab A,1316,ADL,2026-06-22,-3,12.833,0.0,769.1
Lab A,1316,ADL,2026-06-22,-3,13.0,0.0,770.0
Lab A,1316,ADL,2026-06-22,-3,13.167,0.0,769.5
Lab A,1316,ADL,2026-06-22,-3,13.333,0.7,770.1
Lab A,1316,ADL,2026-06-22,-3,13.5,0.0,769.4
Lab A,1316,ADL,2026-06-22,-3,13.667,0.0,769.6
Lab A,1316,ADL,2026-06-22,-3,13.833,0.0,769.3
Lab A,1316,ADL,2026-06-22,-3,14.0,0.0,769.4
Lab A,1316,ADL,2026-06-22,-3,14.167,0.0,769.8
Lab A,1316,ADL,2026-06-22,-3,14.333,0.0,769.3
Lab A,1316,ADL,2026-06-22,-3,14.5,0.0,769.5
Lab A,1316,ADL,2026-06-22,-3,14.667,0.0,769.4
Lab A,1316,ADL,2026-06-22,-3,14.833,0.0,768.7
Lab A,1316,ADL,2026-06-22,-3,15.0,0.0,769.6
Lab A,1316,ADL,2026-06-22,-3,15.167,0.0,769.5
Lab A,1316,ADL,2026-06-22,-3,15.333,0.9,768.5
Lab A,1316,ADL,2026-06-22,-3,15.5,0.0,769.5
Lab A,1316,ADL,2026-06-22,-3,15.667,0.0,769.8
Lab A,1316,ADL,2026-06-22,-3,15.833,0.0,769.0
Lab A,1316,ADL,2026-06-22,-3,16.0,0.0,769.0
Lab A,1316,ADL,2026-06-22,-3,16.167,0.0,769.2
Lab A,1316,ADL,2026-06-22,-3,16.333,0.0,769.7
Lab A,1316,ADL,2026-06-22,-3,16.5,3.1,769.5
Lab A,1316,ADL,2026-06-22,-3,16.667,0.0,768.9
Lab A,1316,ADL,2026-06-22,-3,16.833,0.2,769.1
Lab A,1316,ADL,2026-06-22,-3,17.0,2.5,615.8
Lab A,1316,ADL,2026-06-22,-3,17.167,0.0,0.0
Lab A,1316,ADL,2026-06-22,-3,17.333,0.0,0.0
Lab A,1316,ADL,2026-06-22,-3,17.5,0.0,0.0
Lab A,1316,ADL,2026-06-22,-3,17.667,4.4,0.0
Lab A,1316,ADL,2026-06-22,-3,17.833,21.3,0.0
Lab A,1316,ADL,2026-06-22,-3,18.0,8.0,0.0
Lab A,1316,ADL,2026-06-22,-3,18.167,0.0,0.0
Lab A,1316,ADL,2026-06-22,-3,18.333,0.9,0.0
Lab A,1316,ADL,2026-06-22,-3,18.5,2.3,0.0
Lab A,1316,ADL,2026-06-22,-3,18.667,0.0,0.0
Lab A,1316,ADL,2026-06-22,-3,18.833,1.7,0.0
Lab A,1316,ADL,2026-06-22,-3,19.0,0.0,0.0
Lab A,1316,ADL,2026-06-22,-3,19.167,0.0,0.0
Lab A,1316,ADL,2026-06-22,-3,19.333,6.6,0.0
Lab A,1316,ADL,2026-06-22,-3,19.5,35.4,0.0
Lab A,1316,ADL,2026-06-22,-3,19.667,5.0,0.0
Lab A,1316,ADL,2026-06-22,-3,19.833,0.0,0.0
Lab A,1316,ADL,2026-06-22,-3,20.0,0.2,0.0
Lab A,1316,ADL,2026-06-22,-3,20.167,0.0,0.0
Lab A,1316,ADL,2026-06-22,-3,20.333,0.0,0.0
Lab A,1316,ADL,2026-06-22,-3,20.5,4.0,0.0
Lab A,1316,ADL,2026-06-22,-3,20.667,0.0,0.0
Lab A,1316,ADL,2026-06-22,-3,20.833,0.0,0.0
Lab A,1316,ADL,2026-06-22,-3,21.0,0.0,0.0
Lab A,1316,ADL,2026-06-22,-3,21.167,6.6,0.0
Lab A,1316,ADL,2026-06-22,-3,21.333,0.0,0.0
Lab A,1316,ADL,2026-06-22,-3,21.5,0.0,0.0
Lab A,1316,ADL,2026-06-22,-3,21.667,15.8,0.0
Lab A,1316,ADL,2026-06-22,-3,21.833,15.1,0.0
Lab A,1316,ADL,2026-06-22,-3,22.0,9.7,0.0
Lab A,1316,ADL,2026-06-22,-3,22.167,0.0,0.0
Lab A,1316,ADL,2026-06-22,-3,22.333,0.0,0.0
Lab A,1316,ADL,2026-06-22,-3,22.5,5.8,0.0
Lab A,1316,ADL,2026-06-22,-3,22.667,0.0,0.0
Lab A,1316,ADL,2026-06-22,-3,22.833,0.0,0.0
Lab A,1316,ADL,2026-06-22,-3,23.0,23.9,0.0
Lab A,1316,ADL,2026-06-22,-3,23.167,18.7,0.0
Lab A,1316,ADL,2026-06-22,-3,23.333,41.2,0.0
Lab A,1316,ADL,2026-06-22,-3,23.5,11.3,0.0
Lab A,1316,ADL,2026-06-22,-3,23.667,8.4,0.0
Lab A,1316,ADL,2026-06-22,-3,23.833,14.1,0.0
Lab A,1316,ADL,2026-06-23,-2,0.0,0.0,0.0
Lab A,1316,ADL,2026-06-23,-2,0.167,0.0,0.0
Lab A,1316,ADL,2026-06-23,-2,0.333,0.0,0.0
Lab A,1316,ADL,2026-06-23,-2,0.5,0.1,0.0
Lab A,1316,ADL,2026-06-23,-2,0.667,0.0,0.0
Lab A,1316,ADL,2026-06-23,-2,0.833,0.0,0.0
Lab A,1316,ADL,2026-06-23,-2,1.0,1.5,0.0
Lab A,1316,ADL,2026-06-23,-2,1.167,0.0,0.0
Lab A,1316,ADL,2026-06-23,-2,1.333,0.0,0.0
Lab A,1316,ADL,2026-06-23,-2,1.5,0.0,0.0
Lab A,1316,ADL,2026-06-23,-2,1.667,17.2,0.0
Lab A,1316,ADL,2026-06-23,-2,1.833,9.3,0.0
Lab A,1316,ADL,2026-06-23,-2,2.0,0.0,0.0
Lab A,1316,ADL,2026-06-23,-2,2.167,0.0,0.0
Lab A,1316,ADL,2026-06-23,-2,2.333,1.1,0.0
Lab A,1316,ADL,2026-06-23,-2,2.5,8.9,0.0
Lab A,1316,ADL,2026-06-23,-2,2.667,20.1,0.0
Lab A,1316,ADL,2026-06-23,-2,2.833,15.0,0.0
Lab A,1316,ADL,2026-06-23,-2,3.0,18.8,0.0
Lab A,1316,ADL,2026-06-23,-2,3.167,20.0,0.0
Lab A,1316,ADL,2026-06-23,-2,3.333,23.1,0.0
Lab A,1316,ADL,2026-06-23,-2,3.5,0.0,0.0
Lab A,1316,ADL,2026-06-23,-2,3.667,0.0,0.0
Lab A,1316,ADL,2026-06-23,-2,3.833,0.0,0.0
Lab A,1316,ADL,2026-06-23,-2,4.0,0.0,0.0
Lab A,1316,ADL,2026-06-23,-2,4.167,0.0,0.0
Lab A,1316,ADL,2026-06-23,-2,4.333,23.5,0.0
Lab A,1316,ADL,2026-06-23,-2,4.5,0.0,0.0
Lab A,1316,ADL,2026-06-23,-2,4.667,0.0,0.0
Lab A,1316,ADL,2026-06-23,-2,4.833,0.0,0.0
Lab A,1316,ADL,2026-06-23,-2,5.0,0.0,0.0
Lab A,1316,ADL,2026-06-23,-2,5.167,0.0,704.3
Lab A,1316,ADL,2026-06-23,-2,5.333,0.0,777.5
Lab A,1316,ADL,2026-06-23,-2,5.5,5.4,775.5
Lab A,1316,ADL,2026-06-23,-2,5.667,18.1,771.2
Lab A,1316,ADL,2026-06-23,-2,5.833,2.7,777.2
Lab A,1316,ADL,2026-06-23,-2,6.0,0.0,776.5
Lab A,1316,ADL,2026-06-23,-2,6.167,0.0,776.6
Lab A,1316,ADL,2026-06-23,-2,6.333,0.0,776.6
Lab A,1316,ADL,2026-06-23,-2,6.5,0.0,776.6
Lab A,1316,ADL,2026-06-23,-2,6.667,0.0,776.3
Lab A,1316,ADL,2026-06-23,-2,6.833,0.0,776.1
Lab A,1316,ADL,2026-06-23,-2,7.0,0.0,776.0
Lab A,1316,ADL,2026-06-23,-2,7.167,0.0,775.2
Lab A,1316,ADL,2026-06-23,-2,7.333,0.0,775.8
Lab A,1316,ADL,2026-06-23,-2,7.5,0.0,775.5
Lab A,1316,ADL,2026-06-23,-2,7.667,0.0,775.6
Lab A,1316,ADL,2026-06-23,-2,7.833,0.0,775.2
Lab A,1316,ADL,2026-06-23,-2,8.0,0.0,775.3
Lab A,1316,ADL,2026-06-23,-2,8.167,1.0,773.9
Lab A,1316,ADL,2026-06-23,-2,8.333,0.0,774.1
Lab A,1316,ADL,2026-06-23,-2,8.5,0.0,774.4
Lab A,1316,ADL,2026-06-23,-2,8.667,0.0,774.9
Lab A,1316,ADL,2026-06-23,-2,8.833,0.0,774.4
Lab A,1316,ADL,2026-06-23,-2,9.0,0.0,774.3
Lab A,1316,ADL,2026-06-23,-2,9.167,0.0,775.1
Lab A,1316,ADL,2026-06-23,-2,9.333,0.0,775.0
Lab A,1316,ADL,2026-06-23,-2,9.5,0.0,775.2
Lab A,1316,ADL,2026-06-23,-2,9.667,0.0,775.4
Lab A,1316,ADL,2026-06-23,-2,9.833,0.0,775.1
Lab A,1316,ADL,2026-06-23,-2,10.0,0.0,775.2
Lab A,1316,ADL,2026-06-23,-2,10.167,0.0,774.2
Lab A,1316,ADL,2026-06-23,-2,10.333,0.0,774.7
Lab A,1316,ADL,2026-06-23,-2,10.5,0.0,775.4
Lab A,1316,ADL,2026-06-23,-2,10.667,0.0,774.2
Lab A,1316,ADL,2026-06-23,-2,10.833,0.0,774.2
Lab A,1316,ADL,2026-06-23,-2,11.0,0.0,774.5
Lab A,1316,ADL,2026-06-23,-2,11.167,0.0,774.1
Lab A,1316,ADL,2026-06-23,-2,11.333,0.0,774.4
Lab A,1316,ADL,2026-06-23,-2,11.5,23.1,769.1
Lab A,1316,ADL,2026-06-23,-2,11.667,9.7,769.5
Lab A,1316,ADL,2026-06-23,-2,11.833,0.0,761.7
Lab A,1316,ADL,2026-06-23,-2,12.0,4.9,687.8
Lab A,1316,ADL,2026-06-23,-2,12.167,23.8,736.8
Lab A,1316,ADL,2026-06-23,-2,12.333,5.9,740.8
Lab A,1316,ADL,2026-06-23,-2,12.5,15.2,757.7
Lab A,1316,ADL,2026-06-23,-2,12.667,5.8,768.5
Lab A,1316,ADL,2026-06-23,-2,12.833,0.0,770.4
Lab A,1316,ADL,2026-06-23,-2,13.0,0.0,769.4
Lab A,1316,ADL,2026-06-23,-2,13.167,0.0,770.4
Lab A,1316,ADL,2026-06-23,-2,13.333,0.0,769.1
Lab A,1316,ADL,2026-06-23,-2,13.5,0.0,769.0
Lab A,1316,ADL,2026-06-23,-2,13.667,0.0,769.2
Lab A,1316,ADL,2026-06-23,-2,13.833,0.0,769.6
Lab A,1316,ADL,2026-06-23,-2,14.0,2.3,769.8
Lab A,1316,ADL,2026-06-23,-2,14.167,0.0,769.8
Lab A,1316,ADL,2026-06-23,-2,14.333,0.0,769.2
Lab A,1316,ADL,2026-06-23,-2,14.5,0.0,769.2
Lab A,1316,ADL,2026-06-23,-2,14.667,0.0,769.9
Lab A,1316,ADL,2026-06-23,-2,14.833,0.9,768.9
Lab A,1316,ADL,2026-06-23,-2,15.0,3.5,769.3
Lab A,1316,ADL,2026-06-23,-2,15.167,0.0,769.2
Lab A,1316,ADL,2026-06-23,-2,15.333,0.0,769.4
Lab A,1316,ADL,2026-06-23,-2,15.5,0.0,769.9
Lab A,1316,ADL,2026-06-23,-2,15.667,0.0,770.2
Lab A,1316,ADL,2026-06-23,-2,15.833,0.0,769.3
Lab A,1316,ADL,2026-06-23,-2,16.0,1.2,769.6
Lab A,1316,ADL,2026-06-23,-2,16.167,0.0,770.5
Lab A,1316,ADL,2026-06-23,-2,16.333,0.0,770.5
Lab A,1316,ADL,2026-06-23,-2,16.5,0.0,770.3
Lab A,1316,ADL,2026-06-23,-2,16.667,0.8,770.3
Lab A,1316,ADL,2026-06-23,-2,16.833,3.8,768.9
Lab A,1316,ADL,2026-06-23,-2,17.0,0.9,692.9
Lab A,1316,ADL,2026-06-23,-2,17.167,0.0,0.0
Lab A,1316,ADL,2026-06-23,-2,17.333,0.0,0.0
Lab A,1316,ADL,2026-06-23,-2,17.5,1.6,0.0
Lab A,1316,ADL,2026-06-23,-2,17.667,0.7,0.0
Lab A,1316,ADL,2026-06-23,-2,17.833,0.0,0.0
Lab A,1316,ADL,2026-06-23,-2,18.0,0.0,0.0
Lab A,1316,ADL,2026-06-23,-2,18.167,28.1,0.0
Lab A,1316,ADL,2026-06-23,-2,18.333,18.0,0.0
Lab A,1316,ADL,2026-06-23,-2,18.5,0.0,0.0
Lab A,1316,ADL,2026-06-23,-2,18.667,0.0,0.0
Lab A,1316,ADL,2026-06-23,-2,18.833,2.5,0.0
Lab A,1316,ADL,2026-06-23,-2,19.0,0.0,0.0
Lab A,1316,ADL,2026-06-23,-2,19.167,0.0,0.0
Lab A,1316,ADL,2026-06-23,-2,19.333,0.0,0.0
Lab A,1316,ADL,2026-06-23,-2,19.5,1.2,0.0
Lab A,1316,ADL,2026-06-23,-2,19.667,2.2,0.0
Lab A,1316,ADL,2026-06-23,-2,19.833,2.7,0.0
Lab A,1316,ADL,2026-06-23,-2,20.0,0.0,0.0
Lab A,1316,ADL,2026-06-23,-2,20.167,0.0,0.0
Lab A,1316,ADL,2026-06-23,-2,20.333,2.6,0.0
Lab A,1316,ADL,2026-06-23,-2,20.5,0.0,0.0
Lab A,1316,ADL,2026-06-23,-2,20.667,2.8,0.0
Lab A,1316,ADL,2026-06-23,-2,20.833,0.0,0.0
Lab A,1316,ADL,2026-06-23,-2,21.0,18.9,0.0
Lab A,1316,ADL,2026-06-23,-2,21.167,44.4,0.0
Lab A,1316,ADL,2026-06-23,-2,21.333,23.6,0.0
Lab A,1316,ADL,2026-06-23,-2,21.5,5.8,0.0
Lab A,1316,ADL,2026-06-23,-2,21.667,0.0,0.0
Lab A,1316,ADL,2026-06-23,-2,21.833,0.0,0.0
Lab A,1316,ADL,2026-06-23,-2,22.0,0.0,0.0
Lab A,1316,ADL,2026-06-23,-2,22.167,1.5,0.0
Lab A,1316,ADL,2026-06-23,-2,22.333,0.0,0.0
Lab A,1316,ADL,2026-06-23,-2,22.5,5.8,0.0
Lab A,1316,ADL,2026-06-23,-2,22.667,0.0,0.0
Lab A,1316,ADL,2026-06-23,-2,22.833,0.0,0.0
Lab A,1316,ADL,2026-06-23,-2,23.0,0.0,0.0
Lab A,1316,ADL,2026-06-23,-2,23.167,38.0,0.0
Lab A,1316,ADL,2026-06-23,-2,23.333,41.0,0.0
Lab A,1316,ADL,2026-06-23,-2,23.5,23.3,0.0
Lab A,1316,ADL,2026-06-23,-2,23.667,0.2,0.0
Lab A,1316,ADL,2026-06-23,-2,23.833,4.2,0.0
Lab A,1316,ADL,2026-06-24,-1,0.0,3.1,0.0
Lab A,1316,ADL,2026-06-24,-1,0.167,0.0,0.0
Lab A,1316,ADL,2026-06-24,-1,0.333,0.0,0.0
Lab A,1316,ADL,2026-06-24,-1,0.5,0.0,0.0
Lab A,1316,ADL,2026-06-24,-1,0.667,6.8,0.0
Lab A,1316,ADL,2026-06-24,-1,0.833,19.3,0.0
Lab A,1316,ADL,2026-06-24,-1,1.0,21.4,0.0
Lab A,1316,ADL,2026-06-24,-1,1.167,14.2,0.0
Lab A,1316,ADL,2026-06-24,-1,1.333,16.5,0.0
Lab A,1316,ADL,2026-06-24,-1,1.5,22.7,0.0
Lab A,1316,ADL,2026-06-24,-1,1.667,53.7,0.0
Lab A,1316,ADL,2026-06-24,-1,1.833,8.5,0.0
Lab A,1316,ADL,2026-06-24,-1,2.0,0.0,0.0
Lab A,1316,ADL,2026-06-24,-1,2.167,0.0,0.0
Lab A,1316,ADL,2026-06-24,-1,2.333,0.0,0.0
Lab A,1316,ADL,2026-06-24,-1,2.5,0.0,0.0
Lab A,1316,ADL,2026-06-24,-1,2.667,4.8,0.0
Lab A,1316,ADL,2026-06-24,-1,2.833,0.0,0.0
Lab A,1316,ADL,2026-06-24,-1,3.0,3.3,0.0
Lab A,1316,ADL,2026-06-24,-1,3.167,19.1,0.0
Lab A,1316,ADL,2026-06-24,-1,3.333,8.9,0.0
Lab A,1316,ADL,2026-06-24,-1,3.5,0.0,0.0
Lab A,1316,ADL,2026-06-24,-1,3.667,0.0,0.0
Lab A,1316,ADL,2026-06-24,-1,3.833,1.7,0.0
Lab A,1316,ADL,2026-06-24,-1,4.0,0.0,0.0
Lab A,1316,ADL,2026-06-24,-1,4.167,14.4,0.0
Lab A,1316,ADL,2026-06-24,-1,4.333,7.1,0.0
Lab A,1316,ADL,2026-06-24,-1,4.5,11.2,0.0
Lab A,1316,ADL,2026-06-24,-1,4.667,0.0,0.0
Lab A,1316,ADL,2026-06-24,-1,4.833,0.0,0.0
Lab A,1338,ADL,2026-06-17,-8,5.0,2.4,0.0
Lab A,1338,ADL,2026-06-17,-8,5.167,28.1,683.1
Lab A,1338,ADL,2026-06-17,-8,5.333,9.0,676.1
Lab A,1338,ADL,2026-06-17,-8,5.5,4.9,675.8
Lab A,1338,ADL,2026-06-17,-8,5.667,1.4,675.4
Lab A,1338,ADL,2026-06-17,-8,5.833,0.1,674.9
Lab A,1338,ADL,2026-06-17,-8,6.0,0.9,674.7
Lab A,1338,ADL,2026-06-17,-8,6.167,0.1,673.9
Lab A,1338,ADL,2026-06-17,-8,6.333,0.0,673.6
Lab A,1338,ADL,2026-06-17,-8,6.5,1.4,673.5
Lab A,1338,ADL,2026-06-17,-8,6.667,0.1,673.0
Lab A,1338,ADL,2026-06-17,-8,6.833,0.9,673.3
Lab A,1338,ADL,2026-06-17,-8,7.0,0.7,673.6
Lab A,1338,ADL,2026-06-17,-8,7.167,0.5,673.2
Lab A,1338,ADL,2026-06-17,-8,7.333,,671.8
Lab A,1338,ADL,2026-06-17,-8,7.5,15.6,676.1
Lab A,1338,ADL,2026-06-17,-8,7.667,43.5,676.3
Lab A,1338,ADL,2026-06-17,-8,7.833,37.4,675.4
Lab A,1338,ADL,2026-06-17,-8,8.0,49.2,664.1
Lab A,1338,ADL,2026-06-17,-8,8.167,38.2,659.1
Lab A,1338,ADL,2026-06-17,-8,8.333,16.6,666.8
Lab A,1338,ADL,2026-06-17,-8,8.5,2.5,669.1
Lab A,1338,ADL,2026-06-17,-8,8.667,0.0,669.2
Lab A,1338,ADL,2026-06-17,-8,8.833,0.1,669.8
Lab A,1338,ADL,2026-06-17,-8,9.0,0.4,669.5
Lab A,1338,ADL,2026-06-17,-8,9.167,0.0,668.5
Lab A,1338,ADL,2026-06-17,-8,9.333,0.0,668.6
Lab A,1338,ADL,2026-06-17,-8,9.5,0.8,669.3
Lab A,1338,ADL,2026-06-17,-8,9.667,0.0,669.6
Lab A,1338,ADL,2026-06-17,-8,9.833,1.1,669.3
Lab A,1338,ADL,2026-06-17,-8,10.0,0.0,669.2
Lab A,1338,ADL,2026-06-17,-8,10.167,0.8,668.9
Lab A,1338,ADL,2026-06-17,-8,10.333,0.7,669.5
Lab A,1338,ADL,2026-06-17,-8,10.5,0.1,669.3
Lab A,1338,ADL,2026-06-17,-8,10.667,0.1,668.6
Lab A,1338,ADL,2026-06-17,-8,10.833,0.0,668.8
Lab A,1338,ADL,2026-06-17,-8,11.0,0.1,669.2
Lab A,1338,ADL,2026-06-17,-8,11.167,0.2,669.4
Lab A,1338,ADL,2026-06-17,-8,11.333,0.0,669.3
Lab A,1338,ADL,2026-06-17,-8,11.5,25.7,669.5
Lab A,1338,ADL,2026-06-17,-8,11.667,42.7,672.3
Lab A,1338,ADL,2026-06-17,-8,11.833,34.3,669.8
Lab A,1338,ADL,2026-06-17,-8,12.0,1.5,673.7
Lab A,1338,ADL,2026-06-17,-8,12.167,0.8,673.6
Lab A,1338,ADL,2026-06-17,-8,12.333,15.3,619.7
Lab A,1338,ADL,2026-06-17,-8,12.5,54.5,661.1
Lab A,1338,ADL,2026-06-17,-8,12.667,59.1,654.5
Lab A,1338,ADL,2026-06-17,-8,12.833,53.2,656.2
Lab A,1338,ADL,2026-06-17,-8,13.0,45.5,658.5
Lab A,1338,ADL,2026-06-17,-8,13.167,38.9,663.1
Lab A,1338,ADL,2026-06-17,-8,13.333,21.8,669.8
Lab A,1338,ADL,2026-06-17,-8,13.5,16.5,671.8
Lab A,1338,ADL,2026-06-17,-8,13.667,2.1,675.4
Lab A,1338,ADL,2026-06-17,-8,13.833,0.2,678.2
Lab A,1338,ADL,2026-06-17,-8,14.0,0.9,677.3
Lab A,1338,ADL,2026-06-17,-8,14.167,1.4,677.7
Lab A,1338,ADL,2026-06-17,-8,14.333,0.3,677.2
Lab A,1338,ADL,2026-06-17,-8,14.5,16.8,665.8
Lab A,1338,ADL,2026-06-17,-8,14.667,45.0,637.0
Lab A,1338,ADL,2026-06-17,-8,14.833,39.9,659.8
Lab A,1338,ADL,2026-06-17,-8,15.0,42.5,667.8
Lab A,1338,ADL,2026-06-17,-8,15.167,29.0,680.6
Lab A,1338,ADL,2026-06-17,-8,15.333,24.9,682.9
Lab A,1338,ADL,2026-06-17,-8,15.5,1.3,683.3
Lab A,1338,ADL,2026-06-17,-8,15.667,0.3,682.9
Lab A,1338,ADL,2026-06-17,-8,15.833,0.4,683.4
Lab A,1338,ADL,2026-06-17,-8,16.0,4.8,683.3
Lab A,1338,ADL,2026-06-17,-8,16.167,0.0,683.6
Lab A,1338,ADL,2026-06-17,-8,16.333,8.3,683.2
Lab A,1338,ADL,2026-06-17,-8,16.5,25.0,682.9
Lab A,1338,ADL,2026-06-17,-8,16.667,6.1,684.8
Lab A,1338,ADL,2026-06-17,-8,16.833,3.1,684.8
Lab A,1338,ADL,2026-06-17,-8,17.0,0.8,548.5
Lab A,1338,ADL,2026-06-17,-8,17.167,0.1,0.0
Lab A,1338,ADL,2026-06-17,-8,17.333,25.0,0.0
Lab A,1338,ADL,2026-06-17,-8,17.5,44.5,0.0
Lab A,1338,ADL,2026-06-17,-8,17.667,49.5,0.0
Lab A,1338,ADL,2026-06-17,-8,17.833,26.1,0.0
Lab A,1338,ADL,2026-06-17,-8,18.0,15.1,0.0
Lab A,1338,ADL,2026-06-17,-8,18.167,2.1,0.0
Lab A,1338,ADL,2026-06-17,-8,18.333,3.1,0.0
Lab A,1338,ADL,2026-06-17,-8,18.5,5.8,0.0
Lab A,1338,ADL,2026-06-17,-8,18.667,4.1,0.0
Lab A,1338,ADL,2026-06-17,-8,18.833,50.6,0.0
Lab A,1338,ADL,2026-06-17,-8,19.0,52.0,0.0
Lab A,1338,ADL,2026-06-17,-8,19.167,42.8,0.0
Lab A,1338,ADL,2026-06-17,-8,19.333,48.0,0.0
Lab A,1338,ADL,2026-06-17,-8,19.5,18.2,0.0
Lab A,1338,ADL,2026-06-17,-8,19.667,0.9,0.0
Lab A,1338,ADL,2026-06-17,-8,19.833,0.5,0.0
Lab A,1338,ADL,2026-06-17,-8,20.0,0.7,0.0
Lab A,1338,ADL,2026-06-17,-8,20.167,16.8,0.0
Lab A,1338,ADL,2026-06-17,-8,20.333,0.0,0.0
Lab A,1338,ADL,2026-06-17,-8,20.5,2.5,0.0
Lab A,1338,ADL,2026-06-17,-8,20.667,1.6,0.0
Lab A,1338,ADL,2026-06-17,-8,20.833,0.7,0.0
Lab A,1338,ADL,2026-06-17,-8,21.0,20.8,0.0
Lab A,1338,ADL,2026-06-17,-8,21.167,14.9,0.0
Lab A,1338,ADL,2026-06-17,-8,21.333,3.6,0.0
Lab A,1338,ADL,2026-06-17,-8,21.5,0.1,0.0
Lab A,1338,ADL,2026-06-17,-8,21.667,6.2,0.0
Lab A,1338,ADL,2026-06-17,-8,21.833,0.4,0.0
Lab A,1338,ADL,2026-06-17,-8,22.0,3.7,0.0
Lab A,1338,ADL,2026-06-17,-8,22.167,25.5,0.0
Lab A,1338,ADL,2026-06-17,-8,22.333,40.9,0.0
Lab A,1338,ADL,2026-06-17,-8,22.5,56.3,0.0
Lab A,1338,ADL,2026-06-17,-8,22.667,46.5,0.0
Lab A,1338,ADL,2026-06-17,-8,22.833,58.2,0.0
Lab A,1338,ADL,2026-06-17,-8,23.0,54.5,0.0
Lab A,1338,ADL,2026-06-17,-8,23.167,51.6,0.0
Lab A,1338,ADL,2026-06-17,-8,23.333,31.7,0.0
Lab A,1338,ADL,2026-06-17,-8,23.5,2.4,0.0
Lab A,1338,ADL,2026-06-17,-8,23.667,0.9,0.0
Lab A,1338,ADL,2026-06-17,-8,23.833,0.1,0.0
Lab A,1338,ADL,2026-06-18,-7,0.0,0.5,0.0
Lab A,1338,ADL,2026-06-18,-7,0.167,1.8,0.0
Lab A,1338,ADL,2026-06-18,-7,0.333,1.2,0.0
Lab A,1338,ADL,2026-06-18,-7,0.5,0.8,0.0
Lab A,1338,ADL,2026-06-18,-7,0.667,0.1,0.0
Lab A,1338,ADL,2026-06-18,-7,0.833,6.2,0.0
Lab A,1338,ADL,2026-06-18,-7,1.0,46.5,0.0
Lab A,1338,ADL,2026-06-18,-7,1.167,46.4,0.0
Lab A,1338,ADL,2026-06-18,-7,1.333,30.5,0.0
Lab A,1338,ADL,2026-06-18,-7,1.5,15.6,0.0
Lab A,1338,ADL,2026-06-18,-7,1.667,8.6,0.0
Lab A,1338,ADL,2026-06-18,-7,1.833,1.1,0.0
Lab A,1338,ADL,2026-06-18,-7,2.0,0.9,0.0
Lab A,1338,ADL,2026-06-18,-7,2.167,2.2,0.0
Lab A,1338,ADL,2026-06-18,-7,2.333,19.9,0.0
Lab A,1338,ADL,2026-06-18,-7,2.5,30.0,0.0
Lab A,1338,ADL,2026-06-18,-7,2.667,55.8,0.0
Lab A,1338,ADL,2026-06-18,-7,2.833,41.4,0.0
Lab A,1338,ADL,2026-06-18,-7,3.0,26.1,0.0
Lab A,1338,ADL,2026-06-18,-7,3.167,34.3,0.0
Lab A,1338,ADL,2026-06-18,-7,3.333,46.9,0.0
Lab A,1338,ADL,2026-06-18,-7,3.5,50.5,0.0
Lab A,1338,ADL,2026-06-18,-7,3.667,14.5,0.0
Lab A,1338,ADL,2026-06-18,-7,3.833,0.1,0.0
Lab A,1338,ADL,2026-06-18,-7,4.0,1.2,0.0
Lab A,1338,ADL,2026-06-18,-7,4.167,1.3,0.0
Lab A,1338,ADL,2026-06-18,-7,4.333,7.8,0.0
Lab A,1338,ADL,2026-06-18,-7,4.5,54.3,0.0
Lab A,1338,ADL,2026-06-18,-7,4.667,49.6,0.0
Lab A,1338,ADL,2026-06-18,-7,4.833,35.5,0.0
Lab A,1338,ADL,2026-06-18,-7,5.0,49.3,0.0
Lab A,1338,ADL,2026-06-18,-7,5.167,56.8,684.6
Lab A,1338,ADL,2026-06-18,-7,5.333,29.3,692.8
Lab A,1338,ADL,2026-06-18,-7,5.5,26.2,690.2
Lab A,1338,ADL,2026-06-18,-7,5.667,1.8,690.0
Lab A,1338,ADL,2026-06-18,-7,5.833,0.1,690.0
Lab A,1338,ADL,2026-06-18,-7,6.0,1.3,689.6
Lab A,1338,ADL,2026-06-18,-7,6.167,1.5,688.8
Lab A,1338,ADL,2026-06-18,-7,6.333,0.3,687.8
Lab A,1338,ADL,2026-06-18,-7,6.5,10.0,688.0
Lab A,1338,ADL,2026-06-18,-7,6.667,0.5,688.8
Lab A,1338,ADL,2026-06-18,-7,6.833,1.6,688.7
Lab A,1338,ADL,2026-06-18,-7,7.0,0.0,688.6
Lab A,1338,ADL,2026-06-18,-7,7.167,0.0,688.5
Lab A,1338,ADL,2026-06-18,-7,7.333,1.8,688.5
Lab A,1338,ADL,2026-06-18,-7,7.5,2.8,688.7
Lab A,1338,ADL,2026-06-18,-7,7.667,13.3,686.4
Lab A,1338,ADL,2026-06-18,-7,7.833,44.1,679.0
Lab A,1338,ADL,2026-06-18,-7,8.0,34.1,687.4
Lab A,1338,ADL,2026-06-18,-7,8.167,1.4,689.2
Lab A,1338,ADL,2026-06-18,-7,8.333,1.0,689.7
Lab A,1338,ADL,2026-06-18,-7,8.5,0.4,689.7
Lab A,1338,ADL,2026-06-18,-7,8.667,0.0,689.7
Lab A,1338,ADL,2026-06-18,-7,8.833,0.2,689.8
Lab A,1338,ADL,2026-06-18,-7,9.0,0.6,689.6
Lab A,1338,ADL,2026-06-18,-7,9.167,0.0,689.4
Lab A,1338,ADL,2026-06-18,-7,9.333,0.3,689.0
Lab A,1338,ADL,2026-06-18,-7,9.5,2.0,689.5
Lab A,1338,ADL,2026-06-18,-7,9.667,8.1,688.7
Lab A,1338,ADL,2026-06-18,-7,9.833,2.1,688.6
Lab A,1338,ADL,2026-06-18,-7,10.0,0.1,688.4
Lab A,1338,ADL,2026-06-18,-7,10.167,0.5,687.9
Lab A,1338,ADL,2026-06-18,-7,10.333,0.3,687.7
Lab A,1338,ADL,2026-06-18,-7,10.5,0.5,688.1
Lab A,1338,ADL,2026-06-18,-7,10.667,13.1,708.5
Lab A,1338,ADL,2026-06-18,-7,10.833,23.4,722.2
Lab A,1338,ADL,2026-06-18,-7,11.0,34.0,687.5
Lab A,1338,ADL,2026-06-18,-7,11.167,39.3,720.8
Lab A,1338,ADL,2026-06-18,-7,11.333,21.3,722.6
Lab A,1338,ADL,2026-06-18,-7,11.5,17.4,724.5
Lab A,1338,ADL,2026-06-18,-7,11.667,0.0,723.8
Lab A,1338,ADL,2026-06-18,-7,11.833,0.6,724.4
Lab A,1338,ADL,2026-06-18,-7,12.0,1.5,724.6
Lab A,1338,ADL,2026-06-18,-7,12.167,0.2,724.8
Lab A,1338,ADL,2026-06-18,-7,12.333,3.1,724.5
Lab A,1338,ADL,2026-06-18,-7,12.5,8.2,724.5
Lab A,1338,ADL,2026-06-18,-7,12.667,0.0,725.4
Lab A,1338,ADL,2026-06-18,-7,12.833,0.4,725.5
Lab A,1338,ADL,2026-06-18,-7,13.0,6.5,725.1
Lab A,1338,ADL,2026-06-18,-7,13.167,0.1,725.1
Lab A,1338,ADL,2026-06-18,-7,13.333,0.9,725.5
Lab A,1338,ADL,2026-06-18,-7,13.5,5.2,732.0
Lab A,1338,ADL,2026-06-18,-7,13.667,0.3,733.2
Lab A,1338,ADL,2026-06-18,-7,13.833,6.5,733.0
Lab A,1338,ADL,2026-06-18,-7,14.0,29.7,731.3
Lab A,1338,ADL,2026-06-18,-7,14.167,6.5,731.7
Lab A,1338,ADL,2026-06-18,-7,14.333,0.0,732.0
Lab A,1338,ADL,2026-06-18,-7,14.5,0.1,732.2
Lab A,1338,ADL,2026-06-18,-7,14.667,0.0,732.1
Lab A,1338,ADL,2026-06-18,-7,14.833,0.7,732.2
Lab A,1338,ADL,2026-06-18,-7,15.0,1.1,731.9
Lab A,1338,ADL,2026-06-18,-7,15.167,1.0,731.1
Lab A,1338,ADL,2026-06-18,-7,15.333,1.1,731.5
Lab A,1338,ADL,2026-06-18,-7,15.5,3.6,731.9
Lab A,1338,ADL,2026-06-18,-7,15.667,16.2,731.0
Lab A,1338,ADL,2026-06-18,-7,15.833,19.8,729.2
Lab A,1338,ADL,2026-06-18,-7,16.0,37.8,728.8
Lab A,1338,ADL,2026-06-18,-7,16.167,4.9,732.0
Lab A,1338,ADL,2026-06-18,-7,16.333,1.5,731.9
Lab A,1338,ADL,2026-06-18,-7,16.5,0.2,731.5
Lab A,1338,ADL,2026-06-18,-7,16.667,1.4,731.6
Lab A,1338,ADL,2026-06-18,-7,16.833,0.2,731.6
Lab A,1338,ADL,2026-06-18,-7,17.0,5.7,585.4
Lab A,1338,ADL,2026-06-18,-7,17.167,9.0,0.0
Lab A,1338,ADL,2026-06-18,-7,17.333,0.8,0.0
Lab A,1338,ADL,2026-06-18,-7,17.5,11.2,0.0
Lab A,1338,ADL,2026-06-18,-7,17.667,39.5,0.0
Lab A,1338,ADL,2026-06-18,-7,17.833,47.1,0.0
Lab A,1338,ADL,2026-06-18,-7,18.0,46.1,0.0
Lab A,1338,ADL,2026-06-18,-7,18.167,36.8,0.0
Lab A,1338,ADL,2026-06-18,-7,18.333,11.3,0.0
Lab A,1338,ADL,2026-06-18,-7,18.5,1.2,0.0
Lab A,1338,ADL,2026-06-18,-7,18.667,1.4,0.0
Lab A,1338,ADL,2026-06-18,-7,18.833,2.1,0.0
Lab A,1338,ADL,2026-06-18,-7,19.0,0.7,0.0
Lab A,1338,ADL,2026-06-18,-7,19.167,2.1,0.0
Lab A,1338,ADL,2026-06-18,-7,19.333,17.3,0.0
Lab A,1338,ADL,2026-06-18,-7,19.5,13.9,0.0
Lab A,1338,ADL,2026-06-18,-7,19.667,52.5,0.0
Lab A,1338,ADL,2026-06-18,-7,19.833,24.9,0.0
Lab A,1338,ADL,2026-06-18,-7,20.0,1.9,0.0
Lab A,1338,ADL,2026-06-18,-7,20.167,0.2,0.0
Lab A,1338,ADL,2026-06-18,-7,20.333,0.7,0.0
Lab A,1338,ADL,2026-06-18,-7,20.5,0.2,0.0
Lab A,1338,ADL,2026-06-18,-7,20.667,13.5,0.0
Lab A,1338,ADL,2026-06-18,-7,20.833,4.6,0.0
Lab A,1338,ADL,2026-06-18,-7,21.0,0.3,0.0
Lab A,1338,ADL,2026-06-18,-7,21.167,13.4,0.0
Lab A,1338,ADL,2026-06-18,-7,21.333,36.4,0.0
Lab A,1338,ADL,2026-06-18,-7,21.5,3.5,0.0
Lab A,1338,ADL,2026-06-18,-7,21.667,0.6,0.0
Lab A,1338,ADL,2026-06-18,-7,21.833,0.3,0.0
Lab A,1338,ADL,2026-06-18,-7,22.0,4.8,0.0
Lab A,1338,ADL,2026-06-18,-7,22.167,1.6,0.0
Lab A,1338,ADL,2026-06-18,-7,22.333,2.0,0.0
Lab A,1338,ADL,2026-06-18,-7,22.5,5.9,0.0
Lab A,1338,ADL,2026-06-18,-7,22.667,21.1,0.0
Lab A,1338,ADL,2026-06-18,-7,22.833,36.0,0.0
Lab A,1338,ADL,2026-06-18,-7,23.0,47.5,0.0
Lab A,1338,ADL,2026-06-18,-7,23.167,37.8,0.0
Lab A,1338,ADL,2026-06-18,-7,23.333,2.0,0.0
Lab A,1338,ADL,2026-06-18,-7,23.5,1.0,0.0
Lab A,1338,ADL,2026-06-18,-7,23.667,0.0,0.0
Lab A,1338,ADL,2026-06-18,-7,23.833,3.1,0.0
Lab A,1338,ADL,2026-06-19,-6,0.0,17.0,0.0
Lab A,1338,ADL,2026-06-19,-6,0.167,23.1,0.0
Lab A,1338,ADL,2026-06-19,-6,0.333,46.7,0.0
Lab A,1338,ADL,2026-06-19,-6,0.5,5.8,0.0
Lab A,1338,ADL,2026-06-19,-6,0.667,0.0,0.0
Lab A,1338,ADL,2026-06-19,-6,0.833,1.0,0.0
Lab A,1338,ADL,2026-06-19,-6,1.0,5.8,0.0
Lab A,1338,ADL,2026-06-19,-6,1.167,10.1,0.0
Lab A,1338,ADL,2026-06-19,-6,1.333,19.4,0.0
Lab A,1338,ADL,2026-06-19,-6,1.5,4.0,0.0
Lab A,1338,ADL,2026-06-19,-6,1.667,9.4,0.0
Lab A,1338,ADL,2026-06-19,-6,1.833,40.8,0.0
Lab A,1338,ADL,2026-06-19,-6,2.0,36.9,0.0
Lab A,1338,ADL,2026-06-19,-6,2.167,31.7,0.0
Lab A,1338,ADL,2026-06-19,-6,2.333,4.6,0.0
Lab A,1338,ADL,2026-06-19,-6,2.5,0.9,0.0
Lab A,1338,ADL,2026-06-19,-6,2.667,0.1,0.0
Lab A,1338,ADL,2026-06-19,-6,2.833,2.7,0.0
Lab A,1338,ADL,2026-06-19,-6,3.0,6.0,0.0
Lab A,1338,ADL,2026-06-19,-6,3.167,43.1,0.0
Lab A,1338,ADL,2026-06-19,-6,3.333,48.7,0.0
Lab A,1338,ADL,2026-06-19,-6,3.5,41.9,0.0
Lab A,1338,ADL,2026-06-19,-6,3.667,29.2,0.0
Lab A,1338,ADL,2026-06-19,-6,3.833,9.2,0.0
Lab A,1338,ADL,2026-06-19,-6,4.0,0.6,0.0
Lab A,1338,ADL,2026-06-19,-6,4.167,1.6,0.0
Lab A,1338,ADL,2026-06-19,-6,4.333,0.4,0.0
Lab A,1338,ADL,2026-06-19,-6,4.5,1.1,0.0
Lab A,1338,ADL,2026-06-19,-6,4.667,23.3,0.0
Lab A,1338,ADL,2026-06-19,-6,4.833,51.2,0.0
Lab A,1338,ADL,2026-06-19,-6,5.0,34.4,0.0
Lab A,1338,ADL,2026-06-19,-6,5.167,0.0,740.0
Lab A,1338,ADL,2026-06-19,-6,5.333,0.7,734.8
Lab A,1338,ADL,2026-06-19,-6,5.5,1.5,733.8
Lab A,1338,ADL,2026-06-19,-6,5.667,0.7,733.5
Lab A,1338,ADL,2026-06-19,-6,5.833,0.2,732.8
Lab A,1338,ADL,2026-06-19,-6,6.0,0.4,732.2
Lab A,1338,ADL,2026-06-19,-6,6.167,0.6,732.2
Lab A,1338,ADL,2026-06-19,-6,6.333,6.3,732.4
Lab A,1338,ADL,2026-06-19,-6,6.5,0.9,732.0
Lab A,1338,ADL,2026-06-19,-6,6.667,0.1,731.4
Lab A,1338,ADL,2026-06-19,-6,6.833,12.5,730.4
Lab A,1338,ADL,2026-06-19,-6,7.0,40.7,727.8
Lab A,1338,ADL,2026-06-19,-6,7.167,14.9,732.6
Lab A,1338,ADL,2026-06-19,-6,7.333,0.2,733.8
Lab A,1338,ADL,2026-06-19,-6,7.5,0.2,733.1
Lab A,1338,ADL,2026-06-19,-6,7.667,0.6,733.2
Lab A,1338,ADL,2026-06-19,-6,7.833,0.2,733.4
Lab A,1338,ADL,2026-06-19,-6,8.0,0.0,733.7
Lab A,1338,ADL,2026-06-19,-6,8.167,0.5,733.0
Lab A,1338,ADL,2026-06-19,-6,8.333,0.9,733.6
Lab A,1338,ADL,2026-06-19,-6,8.5,0.0,732.9
Lab A,1338,ADL,2026-06-19,-6,8.667,3.7,732.8
Lab A,1338,ADL,2026-06-19,-6,8.833,0.5,734.0
Lab A,1338,ADL,2026-06-19,-6,9.0,1.0,732.9
Lab A,1338,ADL,2026-06-19,-6,9.167,2.3,733.5
Lab A,1338,ADL,2026-06-19,-6,9.333,27.1,726.2
Lab A,1338,ADL,2026-06-19,-6,9.5,37.0,733.0
Lab A,1338,ADL,2026-06-19,-6,9.667,3.9,737.1
Lab A,1338,ADL,2026-06-19,-6,9.833,0.4,737.0
Lab A,1338,ADL,2026-06-19,-6,10.0,0.0,737.0
Lab A,1338,ADL,2026-06-19,-6,10.167,0.4,737.6
Lab A,1338,ADL,2026-06-19,-6,10.333,1.4,737.1
Lab A,1338,ADL,2026-06-19,-6,10.5,0.1,736.2
Lab A,1338,ADL,2026-06-19,-6,10.667,0.2,736.7
Lab A,1338,ADL,2026-06-19,-6,10.833,0.3,736.7
Lab A,1338,ADL,2026-06-19,-6,11.0,,
Lab A,1338,ADL,2026-06-19,-6,11.167,2.4,735.4
Lab A,1338,ADL,2026-06-19,-6,11.333,36.8,655.5
Lab A,1338,ADL,2026-06-19,-6,11.5,53.9,711.4
Lab A,1338,ADL,2026-06-19,-6,11.667,56.4,717.2
Lab A,1338,ADL,2026-06-19,-6,11.833,52.6,711.5
Lab A,1338,ADL,2026-06-19,-6,12.0,34.7,718.4
Lab A,1338,ADL,2026-06-19,-6,12.167,1.5,723.4
Lab A,1338,ADL,2026-06-19,-6,12.333,1.7,725.8
Lab A,1338,ADL,2026-06-19,-6,12.5,0.0,725.5
Lab A,1338,ADL,2026-06-19,-6,12.667,1.5,726.0
Lab A,1338,ADL,2026-06-19,-6,12.833,6.6,725.4
Lab A,1338,ADL,2026-06-19,-6,13.0,1.9,725.6
Lab A,1338,ADL,2026-06-19,-6,13.167,0.2,726.5
Lab A,1338,ADL,2026-06-19,-6,13.333,1.9,727.0
Lab A,1338,ADL,2026-06-19,-6,13.5,5.1,724.6
Lab A,1338,ADL,2026-06-19,-6,13.667,0.1,724.4
Lab A,1338,ADL,2026-06-19,-6,13.833,5.0,723.2
Lab A,1338,ADL,2026-06-19,-6,14.0,8.4,721.8
Lab A,1338,ADL,2026-06-19,-6,14.167,0.3,723.8
Lab A,1338,ADL,2026-06-19,-6,14.333,0.2,723.0
Lab A,1338,ADL,2026-06-19,-6,14.5,1.0,723.6
Lab A,1338,ADL,2026-06-19,-6,14.667,0.3,723.6
Lab A,1338,ADL,2026-06-19,-6,14.833,22.6,718.5
Lab A,1338,ADL,2026-06-19,-6,15.0,2.6,721.1
Lab A,1338,ADL,2026-06-19,-6,15.167,0.9,723.5
Lab A,1338,ADL,2026-06-19,-6,15.333,1.1,724.7
Lab A,1338,ADL,2026-06-19,-6,15.5,1.4,723.8
Lab A,1338,ADL,2026-06-19,-6,15.667,1.1,723.8
Lab A,1338,ADL,2026-06-19,-6,15.833,1.3,723.7
Lab A,1338,ADL,2026-06-19,-6,16.0,5.7,724.0
Lab A,1338,ADL,2026-06-19,-6,16.167,25.0,721.6
Lab A,1338,ADL,2026-06-19,-6,16.333,38.9,717.0
Lab A,1338,ADL,2026-06-19,-6,16.5,21.9,721.4
Lab A,1338,ADL,2026-06-19,-6,16.667,2.0,724.5
Lab A,1338,ADL,2026-06-19,-6,16.833,0.5,724.8
Lab A,1338,ADL,2026-06-19,-6,17.0,1.2,580.3
Lab A,1338,ADL,2026-06-19,-6,17.167,1.7,0.0
Lab A,1338,ADL,2026-06-19,-6,17.333,3.6,0.0
Lab A,1338,ADL,2026-06-19,-6,17.5,3.2,0.0
Lab A,1338,ADL,2026-06-19,-6,17.667,7.7,0.0
Lab A,1338,ADL,2026-06-19,-6,17.833,28.4,0.0
Lab A,1338,ADL,2026-06-19,-6,18.0,34.5,0.0
Lab A,1338,ADL,2026-06-19,-6,18.167,28.6,0.0
Lab A,1338,ADL,2026-06-19,-6,18.333,0.0,0.0
Lab A,1338,ADL,2026-06-19,-6,18.5,0.4,0.0
Lab A,1338,ADL,2026-06-19,-6,18.667,11.9,0.0
Lab A,1338,ADL,2026-06-19,-6,18.833,6.3,0.0
Lab A,1338,ADL,2026-06-19,-6,19.0,1.0,0.0
Lab A,1338,ADL,2026-06-19,-6,19.167,20.8,0.0
Lab A,1338,ADL,2026-06-19,-6,19.333,7.1,0.0
Lab A,1338,ADL,2026-06-19,-6,19.5,35.1,0.0
Lab A,1338,ADL,2026-06-19,-6,19.667,48.5,0.0
Lab A,1338,ADL,2026-06-19,-6,19.833,27.6,0.0
Lab A,1338,ADL,2026-06-19,-6,20.0,1.2,0.0
Lab A,1338,ADL,2026-06-19,-6,20.167,0.1,0.0
Lab A,1338,ADL,2026-06-19,-6,20.333,0.9,0.0
Lab A,1338,ADL,2026-06-19,-6,20.5,2.3,0.0
Lab A,1338,ADL,2026-06-19,-6,20.667,6.8,0.0
Lab A,1338,ADL,2026-06-19,-6,20.833,19.4,0.0
Lab A,1338,ADL,2026-06-19,-6,21.0,7.3,0.0
Lab A,1338,ADL,2026-06-19,-6,21.167,1.7,0.0
Lab A,1338,ADL,2026-06-19,-6,21.333,1.4,0.0
Lab A,1338,ADL,2026-06-19,-6,21.5,2.3,0.0
Lab A,1338,ADL,2026-06-19,-6,21.667,8.9,0.0
Lab A,1338,ADL,2026-06-19,-6,21.833,35.6,0.0
Lab A,1338,ADL,2026-06-19,-6,22.0,36.1,0.0
Lab A,1338,ADL,2026-06-19,-6,22.167,38.3,0.0
Lab A,1338,ADL,2026-06-19,-6,22.333,11.3,0.0
Lab A,1338,ADL,2026-06-19,-6,22.5,0.8,0.0
Lab A,1338,ADL,2026-06-19,-6,22.667,1.7,0.0
Lab A,1338,ADL,2026-06-19,-6,22.833,1.3,0.0
Lab A,1338,ADL,2026-06-19,-6,23.0,1.6,0.0
Lab A,1338,ADL,2026-06-19,-6,23.167,20.7,0.0
Lab A,1338,ADL,2026-06-19,-6,23.333,26.5,0.0
Lab A,1338,ADL,2026-06-19,-6,23.5,20.4,0.0
Lab A,1338,ADL,2026-06-19,-6,23.667,2.5,0.0
Lab A,1338,ADL,2026-06-19,-6,23.833,0.0,0.0
Lab A,1338,ADL,2026-06-20,-5,0.0,6.8,0.0
Lab A,1338,ADL,2026-06-20,-5,0.167,19.0,0.0
Lab A,1338,ADL,2026-06-20,-5,0.333,14.1,0.0
Lab A,1338,ADL,2026-06-20,-5,0.5,32.5,0.0
Lab A,1338,ADL,2026-06-20,-5,0.667,49.1,0.0
Lab A,1338,ADL,2026-06-20,-5,0.833,20.6,0.0
Lab A,1338,ADL,2026-06-20,-5,1.0,0.2,0.0
Lab A,1338,ADL,2026-06-20,-5,1.167,2.2,0.0
Lab A,1338,ADL,2026-06-20,-5,1.333,0.0,0.0
Lab A,1338,ADL,2026-06-20,-5,1.5,8.1,0.0
Lab A,1338,ADL,2026-06-20,-5,1.667,3.1,0.0
Lab A,1338,ADL,2026-06-20,-5,1.833,2.7,0.0
Lab A,1338,ADL,2026-06-20,-5,2.0,7.2,0.0
Lab A,1338,ADL,2026-06-20,-5,2.167,1.8,0.0
Lab A,1338,ADL,2026-06-20,-5,2.333,,0.0
Lab A,1338,ADL,2026-06-20,-5,2.5,21.5,0.0
Lab A,1338,ADL,2026-06-20,-5,2.667,38.8,0.0
Lab A,1338,ADL,2026-06-20,-5,2.833,42.4,0.0
Lab A,1338,ADL,2026-06-20,-5,3.0,9.4,0.0
Lab A,1338,ADL,2026-06-20,-5,3.167,1.3,0.0
Lab A,1338,ADL,2026-06-20,-5,3.333,,
Lab A,1338,ADL,2026-06-20,-5,3.5,10.8,0.0
Lab A,1338,ADL,2026-06-20,-5,3.667,22.0,0.0
Lab A,1338,ADL,2026-06-20,-5,3.833,44.2,0.0
Lab A,1338,ADL,2026-06-20,-5,4.0,40.7,0.0
Lab A,1338,ADL,2026-06-20,-5,4.167,15.1,0.0
Lab A,1338,ADL,2026-06-20,-5,4.333,1.0,0.0
Lab A,1338,ADL,2026-06-20,-5,4.5,0.6,0.0
Lab A,1338,ADL,2026-06-20,-5,4.667,2.2,0.0
Lab A,1338,ADL,2026-06-20,-5,4.833,0.8,0.0
Lab A,1338,ADL,2026-06-20,-5,5.0,22.0,0.0
Lab A,1338,ADL,2026-06-20,-5,5.167,21.7,652.0
Lab A,1338,ADL,2026-06-20,-5,5.333,20.5,727.0
Lab A,1338,ADL,2026-06-20,-5,5.5,0.3,728.3
Lab A,1338,ADL,2026-06-20,-5,5.667,0.2,727.9
Lab A,1338,ADL,2026-06-20,-5,5.833,1.4,727.6
Lab A,1338,ADL,2026-06-20,-5,6.0,0.0,727.5
Lab A,1338,ADL,2026-06-20,-5,6.167,0.8,726.9
Lab A,1338,ADL,2026-06-20,-5,6.333,0.7,725.9
Lab A,1338,ADL,2026-06-20,-5,6.5,4.6,725.4
Lab A,1338,ADL,2026-06-20,-5,6.667,0.3,726.2
Lab A,1338,ADL,2026-06-20,-5,6.833,0.3,725.4
Lab A,1338,ADL,2026-06-20,-5,7.0,0.3,725.3
Lab A,1338,ADL,2026-06-20,-5,7.167,1.1,724.7
Lab A,1338,ADL,2026-06-20,-5,7.333,0.3,725.7
Lab A,1338,ADL,2026-06-20,-5,7.5,13.4,723.0
Lab A,1338,ADL,2026-06-20,-5,7.667,3.4,722.0
Lab A,1338,ADL,2026-06-20,-5,7.833,0.6,723.3
Lab A,1338,ADL,2026-06-20,-5,8.0,0.0,723.1
Lab A,1338,ADL,2026-06-20,-5,8.167,0.2,722.8
Lab A,1338,ADL,2026-06-20,-5,8.333,0.4,723.4
Lab A,1338,ADL,2026-06-20,-5,8.5,0.4,723.0
Lab A,1338,ADL,2026-06-20,-5,8.667,2.2,722.9
Lab A,1338,ADL,2026-06-20,-5,8.833,1.7,722.4
Lab A,1338,ADL,2026-06-20,-5,9.0,1.9,722.6
Lab A,1338,ADL,2026-06-20,-5,9.167,0.0,722.8
Lab A,1338,ADL,2026-06-20,-5,9.333,0.5,722.9
Lab A,1338,ADL,2026-06-20,-5,9.5,9.7,722.5
Lab A,1338,ADL,2026-06-20,-5,9.667,0.1,725.0
Lab A,1338,ADL,2026-06-20,-5,9.833,0.3,724.5
Lab A,1338,ADL,2026-06-20,-5,10.0,0.1,725.4
Lab A,1338,ADL,2026-06-20,-5,10.167,0.3,724.9
Lab A,1338,ADL,2026-06-20,-5,10.333,0.7,725.3
Lab A,1338,ADL,2026-06-20,-5,10.5,0.0,724.9
Lab A,1338,ADL,2026-06-20,-5,10.667,15.7,722.9
Lab A,1338,ADL,2026-06-20,-5,10.833,4.6,729.6
Lab A,1338,ADL,2026-06-20,-5,11.0,6.1,704.4
Lab A,1338,ADL,2026-06-20,-5,11.167,48.8,710.0
Lab A,1338,ADL,2026-06-20,-5,11.333,41.3,712.9
Lab A,1338,ADL,2026-06-20,-5,11.5,55.6,714.7
Lab A,1338,ADL,2026-06-20,-5,11.667,19.4,723.2
Lab A,1338,ADL,2026-06-20,-5,11.833,4.7,724.7
Lab A,1338,ADL,2026-06-20,-5,12.0,0.1,725.6
Lab A,1338,ADL,2026-06-20,-5,12.167,0.4,726.7
Lab A,1338,ADL,2026-06-20,-5,12.333,10.3,726.4
Lab A,1338,ADL,2026-06-20,-5,12.5,13.3,724.9
Lab A,1338,ADL,2026-06-20,-5,12.667,1.0,726.1
Lab A,1338,ADL,2026-06-20,-5,12.833,1.1,726.4
Lab A,1338,ADL,2026-06-20,-5,13.0,0.1,726.5
Lab A,1338,ADL,2026-06-20,-5,13.167,4.2,725.8
Lab A,1338,ADL,2026-06-20,-5,13.333,11.6,724.1
Lab A,1338,ADL,2026-06-20,-5,13.5,0.2,723.5
Lab A,1338,ADL,2026-06-20,-5,13.667,9.1,723.7
Lab A,1338,ADL,2026-06-20,-5,13.833,0.1,724.5
Lab A,1338,ADL,2026-06-20,-5,14.0,0.2,724.8
Lab A,1338,ADL,2026-06-20,-5,14.167,2.5,724.1
Lab A,1338,ADL,2026-06-20,-5,14.333,8.5,725.9
Lab A,1338,ADL,2026-06-20,-5,14.5,0.2,727.0
Lab A,1338,ADL,2026-06-20,-5,14.667,8.3,725.3
Lab A,1338,ADL,2026-06-20,-5,14.833,9.7,726.2
Lab A,1338,ADL,2026-06-20,-5,15.0,5.5,725.8
Lab A,1338,ADL,2026-06-20,-5,15.167,9.5,725.6
Lab A,1338,ADL,2026-06-20,-5,15.333,6.7,724.4
Lab A,1338,ADL,2026-06-20,-5,15.5,0.5,724.2
Lab A,1338,ADL,2026-06-20,-5,15.667,0.8,724.3
Lab A,1338,ADL,2026-06-20,-5,15.833,1.3,723.7
Lab A,1338,ADL,2026-06-20,-5,16.0,7.8,723.7
Lab A,1338,ADL,2026-06-20,-5,16.167,7.0,722.0
Lab A,1338,ADL,2026-06-20,-5,16.333,3.6,722.2
Lab A,1338,ADL,2026-06-20,-5,16.5,3.2,722.4
Lab A,1338,ADL,2026-06-20,-5,16.667,1.6,722.2
Lab A,1338,ADL,2026-06-20,-5,16.833,1.4,722.4
Lab A,1338,ADL,2026-06-20,-5,17.0,19.5,577.2
Lab A,1338,ADL,2026-06-20,-5,17.167,44.6,0.0
Lab A,1338,ADL,2026-06-20,-5,17.333,25.0,0.0
Lab A,1338,ADL,2026-06-20,-5,17.5,1.2,0.0
Lab A,1338,ADL,2026-06-20,-5,17.667,2.0,0.0
Lab A,1338,ADL,2026-06-20,-5,17.833,11.8,0.0
Lab A,1338,ADL,2026-06-20,-5,18.0,42.2,0.0
Lab A,1338,ADL,2026-06-20,-5,18.167,26.5,0.0
Lab A,1338,ADL,2026-06-20,-5,18.333,48.5,0.0
Lab A,1338,ADL,2026-06-20,-5,18.5,26.6,0.0
Lab A,1338,ADL,2026-06-20,-5,18.667,0.8,0.0
Lab A,1338,ADL,2026-06-20,-5,18.833,0.8,0.0
Lab A,1338,ADL,2026-06-20,-5,19.0,2.3,0.0
Lab A,1338,ADL,2026-06-20,-5,19.167,20.5,0.0
Lab A,1338,ADL,2026-06-20,-5,19.333,5.4,0.0
Lab A,1338,ADL,2026-06-20,-5,19.5,2.0,0.0
Lab A,1338,ADL,2026-06-20,-5,19.667,13.1,0.0
Lab A,1338,ADL,2026-06-20,-5,19.833,0.2,0.0
Lab A,1338,ADL,2026-06-20,-5,20.0,19.7,0.0
Lab A,1338,ADL,2026-06-20,-5,20.167,7.4,0.0
Lab A,1338,ADL,2026-06-20,-5,20.333,5.5,0.0
Lab A,1338,ADL,2026-06-20,-5,20.5,54.0,0.0
Lab A,1338,ADL,2026-06-20,-5,20.667,49.0,0.0
Lab A,1338,ADL,2026-06-20,-5,20.833,39.1,0.0
Lab A,1338,ADL,2026-06-20,-5,21.0,0.6,0.0
Lab A,1338,ADL,2026-06-20,-5,21.167,0.9,0.0
Lab A,1338,ADL,2026-06-20,-5,21.333,2.5,0.0
Lab A,1338,ADL,2026-06-20,-5,21.5,2.8,0.0
Lab A,1338,ADL,2026-06-20,-5,21.667,17.1,0.0
Lab A,1338,ADL,2026-06-20,-5,21.833,11.5,0.0
Lab A,1338,ADL,2026-06-20,-5,22.0,30.1,0.0
Lab A,1338,ADL,2026-06-20,-5,22.167,0.0,0.0
Lab A,1338,ADL,2026-06-20,-5,22.333,0.2,0.0
Lab A,1338,ADL,2026-06-20,-5,22.5,1.7,0.0
Lab A,1338,ADL,2026-06-20,-5,22.667,6.3,0.0
Lab A,1338,ADL,2026-06-20,-5,22.833,4.5,0.0
Lab A,1338,ADL,2026-06-20,-5,23.0,38.7,0.0
Lab A,1338,ADL,2026-06-20,-5,23.167,29.6,0.0
Lab A,1338,ADL,2026-06-20,-5,23.333,9.4,0.0
Lab A,1338,ADL,2026-06-20,-5,23.5,0.0,0.0
Lab A,1338,ADL,2026-06-20,-5,23.667,0.3,0.0
Lab A,1338,ADL,2026-06-20,-5,23.833,1.7,0.0
Lab A,1338,ADL,2026-06-21,-4,0.0,1.3,0.0
Lab A,1338,ADL,2026-06-21,-4,0.167,7.9,0.0
Lab A,1338,ADL,2026-06-21,-4,0.333,0.5,0.0
Lab A,1338,ADL,2026-06-21,-4,0.5,7.5,0.0
Lab A,1338,ADL,2026-06-21,-4,0.667,37.2,0.0
Lab A,1338,ADL,2026-06-21,-4,0.833,39.0,0.0
Lab A,1338,ADL,2026-06-21,-4,1.0,11.9,0.0
Lab A,1338,ADL,2026-06-21,-4,1.167,0.1,0.0
Lab A,1338,ADL,2026-06-21,-4,1.333,0.0,0.0
Lab A,1338,ADL,2026-06-21,-4,1.5,0.3,0.0
Lab A,1338,ADL,2026-06-21,-4,1.667,10.1,0.0
Lab A,1338,ADL,2026-06-21,-4,1.833,2.8,0.0
Lab A,1338,ADL,2026-06-21,-4,2.0,6.6,0.0
Lab A,1338,ADL,2026-06-21,-4,2.167,0.9,0.0
Lab A,1338,ADL,2026-06-21,-4,2.333,4.6,0.0
Lab A,1338,ADL,2026-06-21,-4,2.5,4.0,0.0
Lab A,1338,ADL,2026-06-21,-4,2.667,19.7,0.0
Lab A,1338,ADL,2026-06-21,-4,2.833,19.0,0.0
Lab A,1338,ADL,2026-06-21,-4,3.0,0.3,0.0
Lab A,1338,ADL,2026-06-21,-4,3.167,2.8,0.0
Lab A,1338,ADL,2026-06-21,-4,3.333,8.9,0.0
Lab A,1338,ADL,2026-06-21,-4,3.5,2.0,0.0
Lab A,1338,ADL,2026-06-21,-4,3.667,44.4,0.0
Lab A,1338,ADL,2026-06-21,-4,3.833,41.2,0.0
Lab A,1338,ADL,2026-06-21,-4,4.0,35.7,0.0
Lab A,1338,ADL,2026-06-21,-4,4.167,24.5,0.0
Lab A,1338,ADL,2026-06-21,-4,4.333,0.8,0.0
Lab A,1338,ADL,2026-06-21,-4,4.5,0.6,0.0
Lab A,1338,ADL,2026-06-21,-4,4.667,0.0,0.0
Lab A,1338,ADL,2026-06-21,-4,4.833,0.1,0.0
Lab A,1338,ADL,2026-06-21,-4,5.0,1.7,0.0
Lab A,1338,ADL,2026-06-21,-4,5.167,2.2,667.8
Lab A,1338,ADL,2026-06-21,-4,5.333,0.0,738.2
Lab A,1338,ADL,2026-06-21,-4,5.5,10.2,733.5
Lab A,1338,ADL,2026-06-21,-4,5.667,4.8,733.8
Lab A,1338,ADL,2026-06-21,-4,5.833,0.0,733.5
Lab A,1338,ADL,2026-06-21,-4,6.0,1.2,733.2
Lab A,1338,ADL,2026-06-21,-4,6.167,,732.7
Lab A,1338,ADL,2026-06-21,-4,6.333,0.2,733.0
Lab A,1338,ADL,2026-06-21,-4,6.5,0.2,732.4
Lab A,1338,ADL,2026-06-21,-4,6.667,18.5,728.2
Lab A,1338,ADL,2026-06-21,-4,6.833,5.1,730.2
Lab A,1338,ADL,2026-06-21,-4,7.0,0.3,730.5
Lab A,1338,ADL,2026-06-21,-4,7.167,0.0,729.8
Lab A,1338,ADL,2026-06-21,-4,7.333,0.8,729.7
Lab A,1338,ADL,2026-06-21,-4,7.5,8.7,729.8
Lab A,1338,ADL,2026-06-21,-4,7.667,12.2,729.3
Lab A,1338,ADL,2026-06-21,-4,7.833,3.5,728.9
Lab A,1338,ADL,2026-06-21,-4,8.0,0.8,728.1
Lab A,1338,ADL,2026-06-21,-4,8.167,0.0,728.1
Lab A,1338,ADL,2026-06-21,-4,8.333,0.3,728.0
Lab A,1338,ADL,2026-06-21,-4,8.5,8.7,729.1
Lab A,1338,ADL,2026-06-21,-4,8.667,18.5,728.0
Lab A,1338,ADL,2026-06-21,-4,8.833,9.9,728.4
Lab A,1338,ADL,2026-06-21,-4,9.0,0.4,729.9
Lab A,1338,ADL,2026-06-21,-4,9.167,1.2,728.9
Lab A,1338,ADL,2026-06-21,-4,9.333,0.3,729.7
Lab A,1338,ADL,2026-06-21,-4,9.5,1.9,730.0
Lab A,1338,ADL,2026-06-21,-4,9.667,1.1,730.1
Lab A,1338,ADL,2026-06-21,-4,9.833,0.1,730.0
Lab A,1338,ADL,2026-06-21,-4,10.0,3.5,727.7
Lab A,1338,ADL,2026-06-21,-4,10.167,2.6,729.1
Lab A,1338,ADL,2026-06-21,-4,10.333,0.2,728.8
Lab A,1338,ADL,2026-06-21,-4,10.5,0.6,729.0
Lab A,1338,ADL,2026-06-21,-4,10.667,20.9,729.9
Lab A,1338,ADL,2026-06-21,-4,10.833,15.1,727.4
Lab A,1338,ADL,2026-06-21,-4,11.0,27.1,729.6
Lab A,1338,ADL,2026-06-21,-4,11.167,0.3,734.4
Lab A,1338,ADL,2026-06-21,-4,11.333,0.3,734.2
Lab A,1338,ADL,2026-06-21,-4,11.5,0.3,734.7
Lab A,1338,ADL,2026-06-21,-4,11.667,0.0,735.1
Lab A,1338,ADL,2026-06-21,-4,11.833,1.0,734.6
Lab A,1338,ADL,2026-06-21,-4,12.0,0.7,735.2
Lab A,1338,ADL,2026-06-21,-4,12.167,0.3,734.2
Lab A,1338,ADL,2026-06-21,-4,12.333,0.6,734.6
Lab A,1338,ADL,2026-06-21,-4,12.5,0.0,734.8
Lab A,1338,ADL,2026-06-21,-4,12.667,5.8,733.9
Lab A,1338,ADL,2026-06-21,-4,12.833,0.8,733.3
Lab A,1338,ADL,2026-06-21,-4,13.0,0.9,733.0
Lab A,1338,ADL,2026-06-21,-4,13.167,1.7,733.0
Lab A,1338,ADL,2026-06-21,-4,13.333,0.7,732.8
Lab A,1338,ADL,2026-06-21,-4,13.5,40.3,696.6
Lab A,1338,ADL,2026-06-21,-4,13.667,39.7,719.5
Lab A,1338,ADL,2026-06-21,-4,13.833,42.4,722.6
Lab A,1338,ADL,2026-06-21,-4,14.0,8.1,726.4
Lab A,1338,ADL,2026-06-21,-4,14.167,0.1,726.6
Lab A,1338,ADL,2026-06-21,-4,14.333,18.6,725.4
Lab A,1338,ADL,2026-06-21,-4,14.5,20.4,726.1
Lab A,1338,ADL,2026-06-21,-4,14.667,1.5,727.6
Lab A,1338,ADL,2026-06-21,-4,14.833,0.2,727.9
Lab A,1338,ADL,2026-06-21,-4,15.0,4.3,727.2
Lab A,1338,ADL,2026-06-21,-4,15.167,17.1,726.2
Lab A,1338,ADL,2026-06-21,-4,15.333,0.3,726.4
Lab A,1338,ADL,2026-06-21,-4,15.5,0.1,726.9
Lab A,1338,ADL,2026-06-21,-4,15.667,1.5,726.6
Lab A,1338,ADL,2026-06-21,-4,15.833,3.0,726.9
Lab A,1338,ADL,2026-06-21,-4,16.0,12.1,726.5
Lab A,1338,ADL,2026-06-21,-4,16.167,7.5,726.5
Lab A,1338,ADL,2026-06-21,-4,16.333,0.0,726.5
Lab A,1338,ADL,2026-06-21,-4,16.5,1.7,726.1
Lab A,1338,ADL,2026-06-21,-4,16.667,18.7,725.6
Lab A,1338,ADL,2026-06-21,-4,16.833,9.9,726.1
Lab A,1338,ADL,2026-06-21,-4,17.0,0.0,581.1
Lab A,1338,ADL,2026-06-21,-4,17.167,1.5,0.0
Lab A,1338,ADL,2026-06-21,-4,17.333,2.1,0.0
Lab A,1338,ADL,2026-06-21,-4,17.5,15.8,0.0
Lab A,1338,ADL,2026-06-21,-4,17.667,20.0,0.0
Lab A,1338,ADL,2026-06-21,-4,17.833,2.7,0.0
Lab A,1338,ADL,2026-06-21,-4,18.0,11.3,0.0
Lab A,1338,ADL,2026-06-21,-4,18.167,24.3,0.0
Lab A,1338,ADL,2026-06-21,-4,18.333,52.7,0.0
Lab A,1338,ADL,2026-06-21,-4,18.5,18.4,0.0
Lab A,1338,ADL,2026-06-21,-4,18.667,0.4,0.0
Lab A,1338,ADL,2026-06-21,-4,18.833,0.5,0.0
Lab A,1338,ADL,2026-06-21,-4,19.0,1.9,0.0
Lab A,1338,ADL,2026-06-21,-4,19.167,10.8,0.0
Lab A,1338,ADL,2026-06-21,-4,19.333,16.2,0.0
Lab A,1338,ADL,2026-06-21,-4,19.5,0.5,0.0
Lab A,1338,ADL,2026-06-21,-4,19.667,5.0,0.0
Lab A,1338,ADL,2026-06-21,-4,19.833,8.8,0.0
Lab A,1338,ADL,2026-06-21,-4,20.0,2.3,0.0
Lab A,1338,ADL,2026-06-21,-4,20.167,8.1,0.0
Lab A,1338,ADL,2026-06-21,-4,20.333,10.5,0.0
Lab A,1338,ADL,2026-06-21,-4,20.5,1.9,0.0
Lab A,1338,ADL,2026-06-21,-4,20.667,5.7,0.0
Lab A,1338,ADL,2026-06-21,-4,20.833,11.2,0.0
Lab A,1338,ADL,2026-06-21,-4,21.0,51.8,0.0
Lab A,1338,ADL,2026-06-21,-4,21.167,24.7,0.0
Lab A,1338,ADL,2026-06-21,-4,21.333,2.0,0.0
Lab A,1338,ADL,2026-06-21,-4,21.5,1.8,0.0
Lab A,1338,ADL,2026-06-21,-4,21.667,2.4,0.0
Lab A,1338,ADL,2026-06-21,-4,21.833,1.8,0.0
Lab A,1338,ADL,2026-06-21,-4,22.0,6.0,0.0
Lab A,1338,ADL,2026-06-21,-4,22.167,21.2,0.0
Lab A,1338,ADL,2026-06-21,-4,22.333,51.3,0.0
Lab A,1338,ADL,2026-06-21,-4,22.5,34.5,0.0
Lab A,1338,ADL,2026-06-21,-4,22.667,13.7,0.0
Lab A,1338,ADL,2026-06-21,-4,22.833,0.5,0.0
Lab A,1338,ADL,2026-06-21,-4,23.0,0.8,0.0
Lab A,1338,ADL,2026-06-21,-4,23.167,1.3,0.0
Lab A,1338,ADL,2026-06-21,-4,23.333,18.7,0.0
Lab A,1338,ADL,2026-06-21,-4,23.5,0.4,0.0
Lab A,1338,ADL,2026-06-21,-4,23.667,10.1,0.0
Lab A,1338,ADL,2026-06-21,-4,23.833,45.6,0.0
Lab A,1338,ADL,2026-06-22,-3,0.0,46.2,0.0
Lab A,1338,ADL,2026-06-22,-3,0.167,15.4,0.0
Lab A,1338,ADL,2026-06-22,-3,0.333,0.1,0.0
Lab A,1338,ADL,2026-06-22,-3,0.5,0.0,0.0
Lab A,1338,ADL,2026-06-22,-3,0.667,2.1,0.0
Lab A,1338,ADL,2026-06-22,-3,0.833,12.3,0.0
Lab A,1338,ADL,2026-06-22,-3,1.0,0.9,0.0
Lab A,1338,ADL,2026-06-22,-3,1.167,2.0,0.0
Lab A,1338,ADL,2026-06-22,-3,1.333,20.8,0.0
Lab A,1338,ADL,2026-06-22,-3,1.5,0.9,0.0
Lab A,1338,ADL,2026-06-22,-3,1.667,3.6,0.0
Lab A,1338,ADL,2026-06-22,-3,1.833,12.4,0.0
Lab A,1338,ADL,2026-06-22,-3,2.0,24.9,0.0
Lab A,1338,ADL,2026-06-22,-3,2.167,44.3,0.0
Lab A,1338,ADL,2026-06-22,-3,2.333,18.2,0.0
Lab A,1338,ADL,2026-06-22,-3,2.5,2.0,0.0
Lab A,1338,ADL,2026-06-22,-3,2.667,0.4,0.0
Lab A,1338,ADL,2026-06-22,-3,2.833,0.6,0.0
Lab A,1338,ADL,2026-06-22,-3,3.0,2.2,0.0
Lab A,1338,ADL,2026-06-22,-3,3.167,1.4,0.0
Lab A,1338,ADL,2026-06-22,-3,3.333,17.1,0.0
Lab A,1338,ADL,2026-06-22,-3,3.5,40.8,0.0
Lab A,1338,ADL,2026-06-22,-3,3.667,39.6,0.0
Lab A,1338,ADL,2026-06-22,-3,3.833,37.6,0.0
Lab A,1338,ADL,2026-06-22,-3,4.0,12.4,0.0
Lab A,1338,ADL,2026-06-22,-3,4.167,0.2,0.0
Lab A,1338,ADL,2026-06-22,-3,4.333,0.2,0.0
Lab A,1338,ADL,2026-06-22,-3,4.5,0.9,0.0
Lab A,1338,ADL,2026-06-22,-3,4.667,1.6,0.0
Lab A,1338,ADL,2026-06-22,-3,4.833,1.0,0.0
Lab A,1338,ADL,2026-06-22,-3,5.0,22.2,0.0
Lab A,1338,ADL,2026-06-22,-3,5.167,2.4,668.0
Lab A,1338,ADL,2026-06-22,-3,5.333,1.2,737.5
Lab A,1338,ADL,2026-06-22,-3,5.5,0.5,737.5
Lab A,1338,ADL,2026-06-22,-3,5.667,2.8,736.0
Lab A,1338,ADL,2026-06-22,-3,5.833,1.3,734.7
Lab A,1338,ADL,2026-06-22,-3,6.0,1.7,734.2
Lab A,1338,ADL,2026-06-22,-3,6.167,10.9,734.4
Lab A,1338,ADL,2026-06-22,-3,6.333,0.3,734.7
Lab A,1338,ADL,2026-06-22,-3,6.5,1.3,734.7
Lab A,1338,ADL,2026-06-22,-3,6.667,17.2,729.7
Lab A,1338,ADL,2026-06-22,-3,6.833,20.7,732.7
Lab A,1338,ADL,2026-06-22,-3,7.0,0.7,734.5
Lab A,1338,ADL,2026-06-22,-3,7.167,0.4,734.2
Lab A,1338,ADL,2026-06-22,-3,7.333,0.6,733.6
Lab A,1338,ADL,2026-06-22,-3,7.5,1.4,733.2
Lab A,1338,ADL,2026-06-22,-3,7.667,1.4,732.9
Lab A,1338,ADL,2026-06-22,-3,7.833,0.4,733.8
Lab A,1338,ADL,2026-06-22,-3,8.0,0.2,733.8
Lab A,1338,ADL,2026-06-22,-3,8.167,2.1,733.2
Lab A,1338,ADL,2026-06-22,-3,8.333,7.7,733.4
Lab A,1338,ADL,2026-06-22,-3,8.5,0.5,734.1
Lab A,1338,ADL,2026-06-22,-3,8.667,2.2,734.1
Lab A,1338,ADL,2026-06-22,-3,8.833,1.9,733.8
Lab A,1338,ADL,2026-06-22,-3,9.0,1.5,733.2
Lab A,1338,ADL,2026-06-22,-3,9.167,18.6,727.1
Lab A,1338,ADL,2026-06-22,-3,9.333,36.5,729.7
Lab A,1338,ADL,2026-06-22,-3,9.5,5.2,735.5
Lab A,1338,ADL,2026-06-22,-3,9.667,2.5,736.1
Lab A,1338,ADL,2026-06-22,-3,9.833,0.0,736.6
Lab A,1338,ADL,2026-06-22,-3,10.0,0.3,736.9
Lab A,1338,ADL,2026-06-22,-3,10.167,,736.9
Lab A,1338,ADL,2026-06-22,-3,10.333,15.7,733.2
Lab A,1338,ADL,2026-06-22,-3,10.5,0.0,734.5
Lab A,1338,ADL,2026-06-22,-3,10.667,0.0,734.5
Lab A,1338,ADL,2026-06-22,-3,10.833,0.1,735.0
Lab A,1338,ADL,2026-06-22,-3,11.0,0.6,734.9
Lab A,1338,ADL,2026-06-22,-3,11.167,0.7,734.7
Lab A,1338,ADL,2026-06-22,-3,11.333,0.8,734.9
Lab A,1338,ADL,2026-06-22,-3,11.5,4.7,735.3
Lab A,1338,ADL,2026-06-22,-3,11.667,2.5,703.6
Lab A,1338,ADL,2026-06-22,-3,11.833,45.2,716.9
Lab A,1338,ADL,2026-06-22,-3,12.0,39.8,725.2
Lab A,1338,ADL,2026-06-22,-3,12.167,10.4,726.7
Lab A,1338,ADL,2026-06-22,-3,12.333,0.1,728.1
Lab A,1338,ADL,2026-06-22,-3,12.5,14.6,727.8
Lab A,1338,ADL,2026-06-22,-3,12.667,38.9,723.1
Lab A,1338,ADL,2026-06-22,-3,12.833,0.5,725.9
Lab A,1338,ADL,2026-06-22,-3,13.0,1.7,725.7
Lab A,1338,ADL,2026-06-22,-3,13.167,2.8,726.6
Lab A,1338,ADL,2026-06-22,-3,13.333,24.4,725.7
Lab A,1338,ADL,2026-06-22,-3,13.5,1.6,726.5
Lab A,1338,ADL,2026-06-22,-3,13.667,0.0,725.8
Lab A,1338,ADL,2026-06-22,-3,13.833,2.6,725.7
Lab A,1338,ADL,2026-06-22,-3,14.0,4.1,725.2
Lab A,1338,ADL,2026-06-22,-3,14.167,16.8,726.8
Lab A,1338,ADL,2026-06-22,-3,14.333,4.3,728.6
Lab A,1338,ADL,2026-06-22,-3,14.5,0.2,727.4
Lab A,1338,ADL,2026-06-22,-3,14.667,0.2,728.6
Lab A,1338,ADL,2026-06-22,-3,14.833,2.9,728.2
Lab A,1338,ADL,2026-06-22,-3,15.0,9.4,728.1
Lab A,1338,ADL,2026-06-22,-3,15.167,16.7,727.4
Lab A,1338,ADL,2026-06-22,-3,15.333,0.2,726.9
Lab A,1338,ADL,2026-06-22,-3,15.5,0.4,728.1
Lab A,1338,ADL,2026-06-22,-3,15.667,8.6,728.5
Lab A,1338,ADL,2026-06-22,-3,15.833,6.1,726.9
Lab A,1338,ADL,2026-06-22,-3,16.0,0.7,727.5
Lab A,1338,ADL,2026-06-22,-3,16.167,0.0,727.7
Lab A,1338,ADL,2026-06-22,-3,16.333,2.1,727.3
Lab A,1338,ADL,2026-06-22,-3,16.5,9.3,727.0
Lab A,1338,ADL,2026-06-22,-3,16.667,35.2,726.6
Lab A,1338,ADL,2026-06-22,-3,16.833,0.9,732.2
Lab A,1338,ADL,2026-06-22,-3,17.0,0.3,586.0
Lab A,1338,ADL,2026-06-22,-3,17.167,4.5,0.0
Lab A,1338,ADL,2026-06-22,-3,17.333,0.4,0.0
Lab A,1338,ADL,2026-06-22,-3,17.5,11.7,0.0
Lab A,1338,ADL,2026-06-22,-3,17.667,12.3,0.0
Lab A,1338,ADL,2026-06-22,-3,17.833,1.6,0.0
Lab A,1338,ADL,2026-06-22,-3,18.0,13.4,0.0
Lab A,1338,ADL,2026-06-22,-3,18.167,61.7,0.0
Lab A,1338,ADL,2026-06-22,-3,18.333,17.5,0.0
Lab A,1338,ADL,2026-06-22,-3,18.5,5.9,0.0
Lab A,1338,ADL,2026-06-22,-3,18.667,0.2,0.0
Lab A,1338,ADL,2026-06-22,-3,18.833,12.2,0.0
Lab A,1338,ADL,2026-06-22,-3,19.0,0.1,0.0
Lab A,1338,ADL,2026-06-22,-3,19.167,1.8,0.0
Lab A,1338,ADL,2026-06-22,-3,19.333,17.2,0.0
Lab A,1338,ADL,2026-06-22,-3,19.5,1.5,0.0
Lab A,1338,ADL,2026-06-22,-3,19.667,0.3,0.0
Lab A,1338,ADL,2026-06-22,-3,19.833,8.2,0.0
Lab A,1338,ADL,2026-06-22,-3,20.0,3.4,0.0
Lab A,1338,ADL,2026-06-22,-3,20.167,17.5,0.0
Lab A,1338,ADL,2026-06-22,-3,20.333,42.9,0.0
Lab A,1338,ADL,2026-06-22,-3,20.5,30.0,0.0
Lab A,1338,ADL,2026-06-22,-3,20.667,0.7,0.0
Lab A,1338,ADL,2026-06-22,-3,20.833,1.9,0.0
Lab A,1338,ADL,2026-06-22,-3,21.0,2.3,0.0
Lab A,1338,ADL,2026-06-22,-3,21.167,9.3,0.0
Lab A,1338,ADL,2026-06-22,-3,21.333,10.7,0.0
Lab A,1338,ADL,2026-06-22,-3,21.5,2.7,0.0
Lab A,1338,ADL,2026-06-22,-3,21.667,22.0,0.0
Lab A,1338,ADL,2026-06-22,-3,21.833,1.0,0.0
Lab A,1338,ADL,2026-06-22,-3,22.0,15.8,0.0
Lab A,1338,ADL,2026-06-22,-3,22.167,0.3,0.0
Lab A,1338,ADL,2026-06-22,-3,22.333,15.6,0.0
Lab A,1338,ADL,2026-06-22,-3,22.5,16.6,0.0
Lab A,1338,ADL,2026-06-22,-3,22.667,11.6,0.0
Lab A,1338,ADL,2026-06-22,-3,22.833,0.8,0.0
Lab A,1338,ADL,2026-06-22,-3,23.0,3.7,0.0
Lab A,1338,ADL,2026-06-22,-3,23.167,14.1,0.0
Lab A,1338,ADL,2026-06-22,-3,23.333,7.8,0.0
Lab A,1338,ADL,2026-06-22,-3,23.5,14.6,0.0
Lab A,1338,ADL,2026-06-22,-3,23.667,18.6,0.0
Lab A,1338,ADL,2026-06-22,-3,23.833,0.2,0.0
Lab A,1338,ADL,2026-06-23,-2,0.0,3.1,0.0
Lab A,1338,ADL,2026-06-23,-2,0.167,4.8,0.0
Lab A,1338,ADL,2026-06-23,-2,0.333,7.2,0.0
Lab A,1338,ADL,2026-06-23,-2,0.5,2.7,0.0
Lab A,1338,ADL,2026-06-23,-2,0.667,42.3,0.0
Lab A,1338,ADL,2026-06-23,-2,0.833,33.1,0.0
Lab A,1338,ADL,2026-06-23,-2,1.0,42.4,0.0
Lab A,1338,ADL,2026-06-23,-2,1.167,15.8,0.0
Lab A,1338,ADL,2026-06-23,-2,1.333,1.5,0.0
Lab A,1338,ADL,2026-06-23,-2,1.5,1.5,0.0
Lab A,1338,ADL,2026-06-23,-2,1.667,3.6,0.0
Lab A,1338,ADL,2026-06-23,-2,1.833,14.7,0.0
Lab A,1338,ADL,2026-06-23,-2,2.0,36.2,0.0
Lab A,1338,ADL,2026-06-23,-2,2.167,4.5,0.0
Lab A,1338,ADL,2026-06-23,-2,2.333,0.7,0.0
Lab A,1338,ADL,2026-06-23,-2,2.5,1.1,0.0
Lab A,1338,ADL,2026-06-23,-2,2.667,14.0,0.0
Lab A,1338,ADL,2026-06-23,-2,2.833,1.5,0.0
Lab A,1338,ADL,2026-06-23,-2,3.0,2.4,0.0
Lab A,1338,ADL,2026-06-23,-2,3.167,13.4,0.0
Lab A,1338,ADL,2026-06-23,-2,3.333,51.1,0.0
Lab A,1338,ADL,2026-06-23,-2,3.5,47.0,0.0
Lab A,1338,ADL,2026-06-23,-2,3.667,13.5,0.0
Lab A,1338,ADL,2026-06-23,-2,3.833,0.7,0.0
Lab A,1338,ADL,2026-06-23,-2,4.0,0.3,0.0
Lab A,1338,ADL,2026-06-23,-2,4.167,11.8,0.0
Lab A,1338,ADL,2026-06-23,-2,4.333,1.6,0.0
Lab A,1338,ADL,2026-06-23,-2,4.5,0.7,0.0
Lab A,1338,ADL,2026-06-23,-2,4.667,0.0,0.0
Lab A,1338,ADL,2026-06-23,-2,4.833,9.8,0.0
Lab A,1338,ADL,2026-06-23,-2,5.0,3.5,0.0
Lab A,1338,ADL,2026-06-23,-2,5.167,1.1,664.0
Lab A,1338,ADL,2026-06-23,-2,5.333,14.4,730.4
Lab A,1338,ADL,2026-06-23,-2,5.5,34.5,727.2
Lab A,1338,ADL,2026-06-23,-2,5.667,0.8,733.5
Lab A,1338,ADL,2026-06-23,-2,5.833,0.7,733.3
Lab A,1338,ADL,2026-06-23,-2,6.0,1.1,732.6
Lab A,1338,ADL,2026-06-23,-2,6.167,0.2,732.2
Lab A,1338,ADL,2026-06-23,-2,6.333,1.1,732.5
Lab A,1338,ADL,2026-06-23,-2,6.5,0.6,732.0
Lab A,1338,ADL,2026-06-23,-2,6.667,21.8,730.3
Lab A,1338,ADL,2026-06-23,-2,6.833,1.5,730.5
Lab A,1338,ADL,2026-06-23,-2,7.0,0.0,730.8
Lab A,1338,ADL,2026-06-23,-2,7.167,0.2,730.3
Lab A,1338,ADL,2026-06-23,-2,7.333,0.1,730.2
Lab A,1338,ADL,2026-06-23,-2,7.5,1.4,730.3
Lab A,1338,ADL,2026-06-23,-2,7.667,1.6,729.2
Lab A,1338,ADL,2026-06-23,-2,7.833,0.0,729.3
Lab A,1338,ADL,2026-06-23,-2,8.0,0.4,729.5
Lab A,1338,ADL,2026-06-23,-2,8.167,3.8,728.7
Lab A,1338,ADL,2026-06-23,-2,8.333,15.9,726.1
Lab A,1338,ADL,2026-06-23,-2,8.5,10.0,729.6
Lab A,1338,ADL,2026-06-23,-2,8.667,2.8,730.1
Lab A,1338,ADL,2026-06-23,-2,8.833,0.3,730.9
Lab A,1338,ADL,2026-06-23,-2,9.0,0.4,730.7
Lab A,1338,ADL,2026-06-23,-2,9.167,0.1,730.0
Lab A,1338,ADL,2026-06-23,-2,9.333,0.3,730.9
Lab A,1338,ADL,2026-06-23,-2,9.5,0.7,731.0
Lab A,1338,ADL,2026-06-23,-2,9.667,0.4,731.1
Lab A,1338,ADL,2026-06-23,-2,9.833,1.0,731.0
Lab A,1338,ADL,2026-06-23,-2,10.0,1.2,730.3
Lab A,1338,ADL,2026-06-23,-2,10.167,6.0,730.0
Lab A,1338,ADL,2026-06-23,-2,10.333,2.1,729.2
Lab A,1338,ADL,2026-06-23,-2,10.5,0.6,730.0
Lab A,1338,ADL,2026-06-23,-2,10.667,1.3,730.1
Lab A,1338,ADL,2026-06-23,-2,10.833,4.2,729.5
Lab A,1338,ADL,2026-06-23,-2,11.0,8.7,727.6
Lab A,1338,ADL,2026-06-23,-2,11.167,0.0,728.9
Lab A,1338,ADL,2026-06-23,-2,11.333,0.8,728.9
Lab A,1338,ADL,2026-06-23,-2,11.5,0.3,728.5
Lab A,1338,ADL,2026-06-23,-2,11.667,6.4,728.6
Lab A,1338,ADL,2026-06-23,-2,11.833,17.3,635.1
Lab A,1338,ADL,2026-06-23,-2,12.0,43.7,715.6
Lab A,1338,ADL,2026-06-23,-2,12.167,35.6,719.3
Lab A,1338,ADL,2026-06-23,-2,12.333,46.6,718.7
Lab A,1338,ADL,2026-06-23,-2,12.5,21.4,729.9
Lab A,1338,ADL,2026-06-23,-2,12.667,0.6,733.7
Lab A,1338,ADL,2026-06-23,-2,12.833,0.4,734.1
Lab A,1338,ADL,2026-06-23,-2,13.0,0.0,734.0
Lab A,1338,ADL,2026-06-23,-2,13.167,34.7,731.8
Lab A,1338,ADL,2026-06-23,-2,13.333,21.8,733.8
Lab A,1338,ADL,2026-06-23,-2,13.5,0.1,736.2
Lab A,1338,ADL,2026-06-23,-2,13.667,0.5,735.3
Lab A,1338,ADL,2026-06-23,-2,13.833,13.6,735.5
Lab A,1338,ADL,2026-06-23,-2,14.0,27.5,733.6
Lab A,1338,ADL,2026-06-23,-2,14.167,0.4,735.0
Lab A,1338,ADL,2026-06-23,-2,14.333,0.2,734.5
Lab A,1338,ADL,2026-06-23,-2,14.5,0.6,734.5
Lab A,1338,ADL,2026-06-23,-2,14.667,1.6,734.2
Lab A,1338,ADL,2026-06-23,-2,14.833,9.9,733.6
Lab A,1338,ADL,2026-06-23,-2,15.0,5.9,731.8
Lab A,1338,ADL,2026-06-23,-2,15.167,20.8,732.1
Lab A,1338,ADL,2026-06-23,-2,15.333,2.7,732.5
Lab A,1338,ADL,2026-06-23,-2,15.5,0.6,732.8
Lab A,1338,ADL,2026-06-23,-2,15.667,5.1,732.3
Lab A,1338,ADL,2026-06-23,-2,15.833,5.1,732.2
Lab A,1338,ADL,2026-06-23,-2,16.0,2.4,732.1
Lab A,1338,ADL,2026-06-23,-2,16.167,1.7,732.5
Lab A,1338,ADL,2026-06-23,-2,16.333,0.5,732.9
Lab A,1338,ADL,2026-06-23,-2,16.5,6.5,733.0
Lab A,1338,ADL,2026-06-23,-2,16.667,1.1,731.8
Lab A,1338,ADL,2026-06-23,-2,16.833,9.6,732.6
Lab A,1338,ADL,2026-06-23,-2,17.0,1.4,658.9
Lab A,1338,ADL,2026-06-23,-2,17.167,2.1,0.0
Lab A,1338,ADL,2026-06-23,-2,17.333,16.9,0.0
Lab A,1338,ADL,2026-06-23,-2,17.5,51.2,0.0
Lab A,1338,ADL,2026-06-23,-2,17.667,9.0,0.0
Lab A,1338,ADL,2026-06-23,-2,17.833,2.2,0.0
Lab A,1338,ADL,2026-06-23,-2,18.0,12.8,0.0
Lab A,1338,ADL,2026-06-23,-2,18.167,6.1,0.0
Lab A,1338,ADL,2026-06-23,-2,18.333,18.9,0.0
Lab A,1338,ADL,2026-06-23,-2,18.5,42.2,0.0
Lab A,1338,ADL,2026-06-23,-2,18.667,48.7,0.0
Lab A,1338,ADL,2026-06-23,-2,18.833,14.3,0.0
Lab A,1338,ADL,2026-06-23,-2,19.0,4.4,0.0
Lab A,1338,ADL,2026-06-23,-2,19.167,15.9,0.0
Lab A,1338,ADL,2026-06-23,-2,19.333,1.7,0.0
Lab A,1338,ADL,2026-06-23,-2,19.5,1.7,0.0
Lab A,1338,ADL,2026-06-23,-2,19.667,8.0,0.0
Lab A,1338,ADL,2026-06-23,-2,19.833,29.2,0.0
Lab A,1338,ADL,2026-06-23,-2,20.0,0.6,0.0
Lab A,1338,ADL,2026-06-23,-2,20.167,13.0,0.0
Lab A,1338,ADL,2026-06-23,-2,20.333,5.3,0.0
Lab A,1338,ADL,2026-06-23,-2,20.5,4.2,0.0
Lab A,1338,ADL,2026-06-23,-2,20.667,6.6,0.0
Lab A,1338,ADL,2026-06-23,-2,20.833,12.6,0.0
Lab A,1338,ADL,2026-06-23,-2,21.0,40.4,0.0
Lab A,1338,ADL,2026-06-23,-2,21.167,37.0,0.0
Lab A,1338,ADL,2026-06-23,-2,21.333,1.1,0.0
Lab A,1338,ADL,2026-06-23,-2,21.5,1.3,0.0
Lab A,1338,ADL,2026-06-23,-2,21.667,1.7,0.0
Lab A,1338,ADL,2026-06-23,-2,21.833,1.9,0.0
Lab A,1338,ADL,2026-06-23,-2,22.0,13.9,0.0
Lab A,1338,ADL,2026-06-23,-2,22.167,2.3,0.0
Lab A,1338,ADL,2026-06-23,-2,22.333,2.2,0.0
Lab A,1338,ADL,2026-06-23,-2,22.5,13.2,0.0
Lab A,1338,ADL,2026-06-23,-2,22.667,0.3,0.0
Lab A,1338,ADL,2026-06-23,-2,22.833,14.2,0.0
Lab A,1338,ADL,2026-06-23,-2,23.0,20.6,0.0
Lab A,1338,ADL,2026-06-23,-2,23.167,1.4,0.0
Lab A,1338,ADL,2026-06-23,-2,23.333,2.0,0.0
Lab A,1338,ADL,2026-06-23,-2,23.5,24.6,0.0
Lab A,1338,ADL,2026-06-23,-2,23.667,38.1,0.0
Lab A,1338,ADL,2026-06-23,-2,23.833,33.8,0.0
Lab A,1338,ADL,2026-06-24,-1,0.0,11.7,0.0
Lab A,1338,ADL,2026-06-24,-1,0.167,0.1,0.0
Lab A,1338,ADL,2026-06-24,-1,0.333,0.8,0.0
Lab A,1338,ADL,2026-06-24,-1,0.5,24.2,0.0
Lab A,1338,ADL,2026-06-24,-1,0.667,2.9,0.0
Lab A,1338,ADL,2026-06-24,-1,0.833,1.9,0.0
Lab A,1338,ADL,2026-06-24,-1,1.0,1.6,0.0
Lab A,1338,ADL,2026-06-24,-1,1.167,11.8,0.0
Lab A,1338,ADL,2026-06-24,-1,1.333,26.4,0.0
Lab A,1338,ADL,2026-06-24,-1,1.5,5.5,0.0
Lab A,1338,ADL,2026-06-24,-1,1.667,0.5,0.0
Lab A,1338,ADL,2026-06-24,-1,1.833,2.8,0.0
Lab A,1338,ADL,2026-06-24,-1,2.0,7.5,0.0
Lab A,1338,ADL,2026-06-24,-1,2.167,21.2,0.0
Lab A,1338,ADL,2026-06-24,-1,2.333,0.3,0.0
Lab A,1338,ADL,2026-06-24,-1,2.5,1.0,0.0
Lab A,1338,ADL,2026-06-24,-1,2.667,8.6,0.0
Lab A,1338,ADL,2026-06-24,-1,2.833,18.8,0.0
Lab A,1338,ADL,2026-06-24,-1,3.0,6.8,0.0
Lab A,1338,ADL,2026-06-24,-1,3.167,4.4,0.0
Lab A,1338,ADL,2026-06-24,-1,3.333,1.5,0.0
Lab A,1338,ADL,2026-06-24,-1,3.5,14.9,0.0
Lab A,1338,ADL,2026-06-24,-1,3.667,7.6,0.0
Lab A,1338,ADL,2026-06-24,-1,3.833,23.3,0.0
Lab A,1338,ADL,2026-06-24,-1,4.0,25.1,0.0
Lab A,1338,ADL,2026-06-24,-1,4.167,34.3,0.0
Lab A,1338,ADL,2026-06-24,-1,4.333,23.6,0.0
Lab A,1338,ADL,2026-06-24,-1,4.5,1.2,0.0
Lab A,1338,ADL,2026-06-24,-1,4.667,1.3,0.0
Lab A,1338,ADL,2026-06-24,-1,4.833,0.4,0.0
Lab A,1339,ADL,2026-06-17,-8,5.0,18.5,0.0
Lab A,1339,ADL,2026-06-17,-8,5.167,11.4,638.1
Lab A,1339,ADL,2026-06-17,-8,5.333,14.5,632.7
Lab A,1339,ADL,2026-06-17,-8,5.5,14.5,629.4
Lab A,1339,ADL,2026-06-17,-8,5.667,13.2,631.2
Lab A,1339,ADL,2026-06-17,-8,5.833,9.8,632.5
Lab A,1339,ADL,2026-06-17,-8,6.0,6.6,633.6
Lab A,1339,ADL,2026-06-17,-8,6.167,0.0,633.5
Lab A,1339,ADL,2026-06-17,-8,6.333,0.0,634.0
Lab A,1339,ADL,2026-06-17,-8,6.5,0.0,634.1
Lab A,1339,ADL,2026-06-17,-8,6.667,0.0,633.2
Lab A,1339,ADL,2026-06-17,-8,6.833,0.0,632.9
Lab A,1339,ADL,2026-06-17,-8,7.0,0.0,632.8
Lab A,1339,ADL,2026-06-17,-8,7.167,0.0,633.0
Lab A,1339,ADL,2026-06-17,-8,7.333,,632.5
Lab A,1339,ADL,2026-06-17,-8,7.5,7.5,629.5
Lab A,1339,ADL,2026-06-17,-8,7.667,11.9,625.3
Lab A,1339,ADL,2026-06-17,-8,7.833,10.8,627.7
Lab A,1339,ADL,2026-06-17,-8,8.0,0.0,629.9
Lab A,1339,ADL,2026-06-17,-8,8.167,0.0,629.9
Lab A,1339,ADL,2026-06-17,-8,8.333,0.0,630.4
Lab A,1339,ADL,2026-06-17,-8,8.5,2.5,627.5
Lab A,1339,ADL,2026-06-17,-8,8.667,0.0,627.9
Lab A,1339,ADL,2026-06-17,-8,8.833,0.0,628.3
Lab A,1339,ADL,2026-06-17,-8,9.0,0.0,628.5
Lab A,1339,ADL,2026-06-17,-8,9.167,0.0,627.7
Lab A,1339,ADL,2026-06-17,-8,9.333,0.0,628.1
Lab A,1339,ADL,2026-06-17,-8,9.5,0.0,628.1
Lab A,1339,ADL,2026-06-17,-8,9.667,0.0,628.3
Lab A,1339,ADL,2026-06-17,-8,9.833,0.0,628.6
Lab A,1339,ADL,2026-06-17,-8,10.0,0.0,628.0
Lab A,1339,ADL,2026-06-17,-8,10.167,0.0,628.2
Lab A,1339,ADL,2026-06-17,-8,10.333,0.0,628.1
Lab A,1339,ADL,2026-06-17,-8,10.5,0.0,628.7
Lab A,1339,ADL,2026-06-17,-8,10.667,2.7,624.3
Lab A,1339,ADL,2026-06-17,-8,10.833,0.0,626.4
Lab A,1339,ADL,2026-06-17,-8,11.0,0.0,628.4
Lab A,1339,ADL,2026-06-17,-8,11.167,0.0,627.3
Lab A,1339,ADL,2026-06-17,-8,11.333,0.0,628.7
Lab A,1339,ADL,2026-06-17,-8,11.5,0.0,628.4
Lab A,1339,ADL,2026-06-17,-8,11.667,0.0,628.5
Lab A,1339,ADL,2026-06-17,-8,11.833,0.0,628.1
Lab A,1339,ADL,2026-06-17,-8,12.0,0.0,628.1
Lab A,1339,ADL,2026-06-17,-8,12.167,0.0,628.6
Lab A,1339,ADL,2026-06-17,-8,12.333,1.7,605.2
Lab A,1339,ADL,2026-06-17,-8,12.5,23.3,613.0
Lab A,1339,ADL,2026-06-17,-8,12.667,21.7,624.2
Lab A,1339,ADL,2026-06-17,-8,12.833,22.4,614.9
Lab A,1339,ADL,2026-06-17,-8,13.0,15.0,616.7
Lab A,1339,ADL,2026-06-17,-8,13.167,15.4,626.3
Lab A,1339,ADL,2026-06-17,-8,13.333,9.2,629.1
Lab A,1339,ADL,2026-06-17,-8,13.5,1.5,635.7
Lab A,1339,ADL,2026-06-17,-8,13.667,0.1,637.6
Lab A,1339,ADL,2026-06-17,-8,13.833,0.0,641.6
Lab A,1339,ADL,2026-06-17,-8,14.0,0.0,641.4
Lab A,1339,ADL,2026-06-17,-8,14.167,0.0,640.3
Lab A,1339,ADL,2026-06-17,-8,14.333,0.0,642.1
Lab A,1339,ADL,2026-06-17,-8,14.5,0.0,643.6
Lab A,1339,ADL,2026-06-17,-8,14.667,12.1,627.1
Lab A,1339,ADL,2026-06-17,-8,14.833,23.7,622.7
Lab A,1339,ADL,2026-06-17,-8,15.0,9.6,623.4
Lab A,1339,ADL,2026-06-17,-8,15.167,0.7,653.2
Lab A,1339,ADL,2026-06-17,-8,15.333,0.0,653.1
Lab A,1339,ADL,2026-06-17,-8,15.5,0.0,652.1
Lab A,1339,ADL,2026-06-17,-8,15.667,0.0,651.7
Lab A,1339,ADL,2026-06-17,-8,15.833,0.0,652.3
Lab A,1339,ADL,2026-06-17,-8,16.0,0.0,651.8
Lab A,1339,ADL,2026-06-17,-8,16.167,0.0,652.8
Lab A,1339,ADL,2026-06-17,-8,16.333,0.0,652.7
Lab A,1339,ADL,2026-06-17,-8,16.5,6.1,651.9
Lab A,1339,ADL,2026-06-17,-8,16.667,18.9,647.6
Lab A,1339,ADL,2026-06-17,-8,16.833,10.6,652.8
Lab A,1339,ADL,2026-06-17,-8,17.0,1.0,523.5
Lab A,1339,ADL,2026-06-17,-8,17.167,0.0,0.0
Lab A,1339,ADL,2026-06-17,-8,17.333,0.0,0.0
Lab A,1339,ADL,2026-06-17,-8,17.5,0.0,0.0
Lab A,1339,ADL,2026-06-17,-8,17.667,0.0,0.0
Lab A,1339,ADL,2026-06-17,-8,17.833,0.8,0.0
Lab A,1339,ADL,2026-06-17,-8,18.0,14.7,0.0
Lab A,1339,ADL,2026-06-17,-8,18.167,23.0,0.0
Lab A,1339,ADL,2026-06-17,-8,18.333,35.0,0.0
Lab A,1339,ADL,2026-06-17,-8,18.5,34.5,0.0
Lab A,1339,ADL,2026-06-17,-8,18.667,18.9,0.0
Lab A,1339,ADL,2026-06-17,-8,18.833,7.6,0.0
Lab A,1339,ADL,2026-06-17,-8,19.0,0.0,0.0
Lab A,1339,ADL,2026-06-17,-8,19.167,0.0,0.0
Lab A,1339,ADL,2026-06-17,-8,19.333,0.0,0.0
Lab A,1339,ADL,2026-06-17,-8,19.5,0.0,0.0
Lab A,1339,ADL,2026-06-17,-8,19.667,0.0,0.0
Lab A,1339,ADL,2026-06-17,-8,19.833,14.8,0.0
Lab A,1339,ADL,2026-06-17,-8,20.0,16.8,0.0
Lab A,1339,ADL,2026-06-17,-8,20.167,26.7,0.0
Lab A,1339,ADL,2026-06-17,-8,20.333,3.8,0.0
Lab A,1339,ADL,2026-06-17,-8,20.5,0.0,0.0
Lab A,1339,ADL,2026-06-17,-8,20.667,0.0,0.0
Lab A,1339,ADL,2026-06-17,-8,20.833,0.0,0.0
Lab A,1339,ADL,2026-06-17,-8,21.0,0.0,0.0
Lab A,1339,ADL,2026-06-17,-8,21.167,0.0,0.0
Lab A,1339,ADL,2026-06-17,-8,21.333,3.3,0.0
Lab A,1339,ADL,2026-06-17,-8,21.5,16.2,0.0
Lab A,1339,ADL,2026-06-17,-8,21.667,32.9,0.0
Lab A,1339,ADL,2026-06-17,-8,21.833,14.3,0.0
Lab A,1339,ADL,2026-06-17,-8,22.0,26.1,0.0
Lab A,1339,ADL,2026-06-17,-8,22.167,23.2,0.0
Lab A,1339,ADL,2026-06-17,-8,22.333,23.6,0.0
Lab A,1339,ADL,2026-06-17,-8,22.5,13.9,0.0
Lab A,1339,ADL,2026-06-17,-8,22.667,11.5,0.0
Lab A,1339,ADL,2026-06-17,-8,22.833,3.4,0.0
Lab A,1339,ADL,2026-06-17,-8,23.0,0.0,0.0
Lab A,1339,ADL,2026-06-17,-8,23.167,0.0,0.0
Lab A,1339,ADL,2026-06-17,-8,23.333,0.0,0.0
Lab A,1339,ADL,2026-06-17,-8,23.5,0.0,0.0
Lab A,1339,ADL,2026-06-17,-8,23.667,0.0,0.0
Lab A,1339,ADL,2026-06-17,-8,23.833,0.0,0.0
Lab A,1339,ADL,2026-06-18,-7,0.0,0.0,0.0
Lab A,1339,ADL,2026-06-18,-7,0.167,1.1,0.0
Lab A,1339,ADL,2026-06-18,-7,0.333,16.8,0.0
Lab A,1339,ADL,2026-06-18,-7,0.5,11.1,0.0
Lab A,1339,ADL,2026-06-18,-7,0.667,18.0,0.0
Lab A,1339,ADL,2026-06-18,-7,0.833,0.0,0.0
Lab A,1339,ADL,2026-06-18,-7,1.0,0.0,0.0
Lab A,1339,ADL,2026-06-18,-7,1.167,0.0,0.0
Lab A,1339,ADL,2026-06-18,-7,1.333,0.0,0.0
Lab A,1339,ADL,2026-06-18,-7,1.5,0.0,0.0
Lab A,1339,ADL,2026-06-18,-7,1.667,0.0,0.0
Lab A,1339,ADL,2026-06-18,-7,1.833,1.7,0.0
Lab A,1339,ADL,2026-06-18,-7,2.0,0.0,0.0
Lab A,1339,ADL,2026-06-18,-7,2.167,0.0,0.0
Lab A,1339,ADL,2026-06-18,-7,2.333,2.3,0.0
Lab A,1339,ADL,2026-06-18,-7,2.5,28.4,0.0
Lab A,1339,ADL,2026-06-18,-7,2.667,9.4,0.0
Lab A,1339,ADL,2026-06-18,-7,2.833,0.0,0.0
Lab A,1339,ADL,2026-06-18,-7,3.0,0.0,0.0
Lab A,1339,ADL,2026-06-18,-7,3.167,0.0,0.0
Lab A,1339,ADL,2026-06-18,-7,3.333,0.0,0.0
Lab A,1339,ADL,2026-06-18,-7,3.5,1.4,0.0
Lab A,1339,ADL,2026-06-18,-7,3.667,1.0,0.0
Lab A,1339,ADL,2026-06-18,-7,3.833,29.3,0.0
Lab A,1339,ADL,2026-06-18,-7,4.0,18.6,0.0
Lab A,1339,ADL,2026-06-18,-7,4.167,33.6,0.0
Lab A,1339,ADL,2026-06-18,-7,4.333,18.4,0.0
Lab A,1339,ADL,2026-06-18,-7,4.5,25.9,0.0
Lab A,1339,ADL,2026-06-18,-7,4.667,16.4,0.0
Lab A,1339,ADL,2026-06-18,-7,4.833,11.3,0.0
Lab A,1339,ADL,2026-06-18,-7,5.0,3.4,0.0
Lab A,1339,ADL,2026-06-18,-7,5.167,1.3,667.2
Lab A,1339,ADL,2026-06-18,-7,5.333,0.0,661.4
Lab A,1339,ADL,2026-06-18,-7,5.5,0.0,660.2
Lab A,1339,ADL,2026-06-18,-7,5.667,0.0,660.1
Lab A,1339,ADL,2026-06-18,-7,5.833,0.0,659.9
Lab A,1339,ADL,2026-06-18,-7,6.0,0.0,659.6
Lab A,1339,ADL,2026-06-18,-7,6.167,10.8,648.6
Lab A,1339,ADL,2026-06-18,-7,6.333,28.2,635.5
Lab A,1339,ADL,2026-06-18,-7,6.5,26.3,648.1
Lab A,1339,ADL,2026-06-18,-7,6.667,16.1,647.6
Lab A,1339,ADL,2026-06-18,-7,6.833,11.8,645.6
Lab A,1339,ADL,2026-06-18,-7,7.0,4.2,653.5
Lab A,1339,ADL,2026-06-18,-7,7.167,1.8,652.7
Lab A,1339,ADL,2026-06-18,-7,7.333,0.0,653.0
Lab A,1339,ADL,2026-06-18,-7,7.5,0.0,652.7
Lab A,1339,ADL,2026-06-18,-7,7.667,0.0,652.5
Lab A,1339,ADL,2026-06-18,-7,7.833,0.0,651.2
Lab A,1339,ADL,2026-06-18,-7,8.0,0.0,652.4
Lab A,1339,ADL,2026-06-18,-7,8.167,0.0,652.4
Lab A,1339,ADL,2026-06-18,-7,8.333,0.0,652.3
Lab A,1339,ADL,2026-06-18,-7,8.5,0.0,651.5
Lab A,1339,ADL,2026-06-18,-7,8.667,0.0,651.7
Lab A,1339,ADL,2026-06-18,-7,8.833,0.0,651.4
Lab A,1339,ADL,2026-06-18,-7,9.0,0.0,651.7
Lab A,1339,ADL,2026-06-18,-7,9.167,0.0,650.7
Lab A,1339,ADL,2026-06-18,-7,9.333,0.0,651.2
Lab A,1339,ADL,2026-06-18,-7,9.5,0.0,651.7
Lab A,1339,ADL,2026-06-18,-7,9.667,0.0,650.8
Lab A,1339,ADL,2026-06-18,-7,9.833,0.0,650.8
Lab A,1339,ADL,2026-06-18,-7,10.0,6.6,647.7
Lab A,1339,ADL,2026-06-18,-7,10.167,29.3,637.4
Lab A,1339,ADL,2026-06-18,-7,10.333,23.6,637.9
Lab A,1339,ADL,2026-06-18,-7,10.5,2.6,643.4
Lab A,1339,ADL,2026-06-18,-7,10.667,5.2,646.9
Lab A,1339,ADL,2026-06-18,-7,10.833,0.5,650.6
Lab A,1339,ADL,2026-06-18,-7,11.0,0.5,637.2
Lab A,1339,ADL,2026-06-18,-7,11.167,18.9,636.8
Lab A,1339,ADL,2026-06-18,-7,11.333,19.3,647.1
Lab A,1339,ADL,2026-06-18,-7,11.5,1.8,652.6
Lab A,1339,ADL,2026-06-18,-7,11.667,0.0,652.2
Lab A,1339,ADL,2026-06-18,-7,11.833,0.0,652.0
Lab A,1339,ADL,2026-06-18,-7,12.0,0.0,652.4
Lab A,1339,ADL,2026-06-18,-7,12.167,0.0,653.0
Lab A,1339,ADL,2026-06-18,-7,12.333,0.0,653.1
Lab A,1339,ADL,2026-06-18,-7,12.5,0.0,652.5
Lab A,1339,ADL,2026-06-18,-7,12.667,0.0,652.5
Lab A,1339,ADL,2026-06-18,-7,12.833,0.0,652.8
Lab A,1339,ADL,2026-06-18,-7,13.0,17.2,647.4
Lab A,1339,ADL,2026-06-18,-7,13.167,15.0,654.1
Lab A,1339,ADL,2026-06-18,-7,13.333,0.0,661.2
Lab A,1339,ADL,2026-06-18,-7,13.5,0.0,679.7
Lab A,1339,ADL,2026-06-18,-7,13.667,0.0,684.3
Lab A,1339,ADL,2026-06-18,-7,13.833,0.0,683.9
Lab A,1339,ADL,2026-06-18,-7,14.0,0.0,683.8
Lab A,1339,ADL,2026-06-18,-7,14.167,0.0,684.3
Lab A,1339,ADL,2026-06-18,-7,14.333,0.0,684.3
Lab A,1339,ADL,2026-06-18,-7,14.5,0.0,683.9
Lab A,1339,ADL,2026-06-18,-7,14.667,0.0,684.5
Lab A,1339,ADL,2026-06-18,-7,14.833,0.0,684.3
Lab A,1339,ADL,2026-06-18,-7,15.0,0.0,684.3
Lab A,1339,ADL,2026-06-18,-7,15.167,3.3,680.2
Lab A,1339,ADL,2026-06-18,-7,15.333,0.0,682.5
Lab A,1339,ADL,2026-06-18,-7,15.5,0.0,683.1
Lab A,1339,ADL,2026-06-18,-7,15.667,0.0,682.4
Lab A,1339,ADL,2026-06-18,-7,15.833,0.0,682.4
Lab A,1339,ADL,2026-06-18,-7,16.0,5.5,677.2
Lab A,1339,ADL,2026-06-18,-7,16.167,0.0,682.8
Lab A,1339,ADL,2026-06-18,-7,16.333,0.0,682.3
Lab A,1339,ADL,2026-06-18,-7,16.5,0.0,682.4
Lab A,1339,ADL,2026-06-18,-7,16.667,0.0,682.2
Lab A,1339,ADL,2026-06-18,-7,16.833,0.0,682.3
Lab A,1339,ADL,2026-06-18,-7,17.0,0.0,546.0
Lab A,1339,ADL,2026-06-18,-7,17.167,0.0,0.0
Lab A,1339,ADL,2026-06-18,-7,17.333,19.9,0.0
Lab A,1339,ADL,2026-06-18,-7,17.5,24.1,0.0
Lab A,1339,ADL,2026-06-18,-7,17.667,30.4,0.0
Lab A,1339,ADL,2026-06-18,-7,17.833,28.3,0.0
Lab A,1339,ADL,2026-06-18,-7,18.0,18.8,0.0
Lab A,1339,ADL,2026-06-18,-7,18.167,14.1,0.0
Lab A,1339,ADL,2026-06-18,-7,18.333,0.0,0.0
Lab A,1339,ADL,2026-06-18,-7,18.5,0.0,0.0
Lab A,1339,ADL,2026-06-18,-7,18.667,0.0,0.0
Lab A,1339,ADL,2026-06-18,-7,18.833,0.0,0.0
Lab A,1339,ADL,2026-06-18,-7,19.0,4.9,0.0
Lab A,1339,ADL,2026-06-18,-7,19.167,18.5,0.0
Lab A,1339,ADL,2026-06-18,-7,19.333,21.1,0.0
Lab A,1339,ADL,2026-06-18,-7,19.5,7.3,0.0
Lab A,1339,ADL,2026-06-18,-7,19.667,0.0,0.0
Lab A,1339,ADL,2026-06-18,-7,19.833,0.0,0.0
Lab A,1339,ADL,2026-06-18,-7,20.0,0.0,0.0
Lab A,1339,ADL,2026-06-18,-7,20.167,0.0,0.0
Lab A,1339,ADL,2026-06-18,-7,20.333,0.0,0.0
Lab A,1339,ADL,2026-06-18,-7,20.5,2.4,0.0
Lab A,1339,ADL,2026-06-18,-7,20.667,8.3,0.0
Lab A,1339,ADL,2026-06-18,-7,20.833,0.1,0.0
Lab A,1339,ADL,2026-06-18,-7,21.0,0.0,0.0
Lab A,1339,ADL,2026-06-18,-7,21.167,0.0,0.0
Lab A,1339,ADL,2026-06-18,-7,21.333,0.2,0.0
Lab A,1339,ADL,2026-06-18,-7,21.5,0.0,0.0
Lab A,1339,ADL,2026-06-18,-7,21.667,0.0,0.0
Lab A,1339,ADL,2026-06-18,-7,21.833,0.0,0.0
Lab A,1339,ADL,2026-06-18,-7,22.0,0.0,0.0
Lab A,1339,ADL,2026-06-18,-7,22.167,15.3,0.0
Lab A,1339,ADL,2026-06-18,-7,22.333,20.0,0.0
Lab A,1339,ADL,2026-06-18,-7,22.5,15.0,0.0
Lab A,1339,ADL,2026-06-18,-7,22.667,21.3,0.0
Lab A,1339,ADL,2026-06-18,-7,22.833,26.6,0.0
Lab A,1339,ADL,2026-06-18,-7,23.0,20.1,0.0
Lab A,1339,ADL,2026-06-18,-7,23.167,0.0,0.0
Lab A,1339,ADL,2026-06-18,-7,23.333,0.0,0.0
Lab A,1339,ADL,2026-06-18,-7,23.5,0.0,0.0
Lab A,1339,ADL,2026-06-18,-7,23.667,0.0,0.0
Lab A,1339,ADL,2026-06-18,-7,23.833,0.0,0.0
Lab A,1339,ADL,2026-06-19,-6,0.0,1.5,0.0
Lab A,1339,ADL,2026-06-19,-6,0.167,0.0,0.0
Lab A,1339,ADL,2026-06-19,-6,0.333,0.0,0.0
Lab A,1339,ADL,2026-06-19,-6,0.5,1.8,0.0
Lab A,1339,ADL,2026-06-19,-6,0.667,0.0,0.0
Lab A,1339,ADL,2026-06-19,-6,0.833,1.9,0.0
Lab A,1339,ADL,2026-06-19,-6,1.0,4.4,0.0
Lab A,1339,ADL,2026-06-19,-6,1.167,11.4,0.0
Lab A,1339,ADL,2026-06-19,-6,1.333,35.0,0.0
Lab A,1339,ADL,2026-06-19,-6,1.5,8.4,0.0
Lab A,1339,ADL,2026-06-19,-6,1.667,0.0,0.0
Lab A,1339,ADL,2026-06-19,-6,1.833,0.0,0.0
Lab A,1339,ADL,2026-06-19,-6,2.0,0.0,0.0
Lab A,1339,ADL,2026-06-19,-6,2.167,0.0,0.0
Lab A,1339,ADL,2026-06-19,-6,2.333,0.0,0.0
Lab A,1339,ADL,2026-06-19,-6,2.5,16.1,0.0
Lab A,1339,ADL,2026-06-19,-6,2.667,1.4,0.0
Lab A,1339,ADL,2026-06-19,-6,2.833,0.0,0.0
Lab A,1339,ADL,2026-06-19,-6,3.0,0.0,0.0
Lab A,1339,ADL,2026-06-19,-6,3.167,5.6,0.0
Lab A,1339,ADL,2026-06-19,-6,3.333,15.9,0.0
Lab A,1339,ADL,2026-06-19,-6,3.5,0.0,0.0
Lab A,1339,ADL,2026-06-19,-6,3.667,0.0,0.0
Lab A,1339,ADL,2026-06-19,-6,3.833,0.0,0.0
Lab A,1339,ADL,2026-06-19,-6,4.0,21.8,0.0
Lab A,1339,ADL,2026-06-19,-6,4.167,10.9,0.0
Lab A,1339,ADL,2026-06-19,-6,4.333,22.3,0.0
Lab A,1339,ADL,2026-06-19,-6,4.5,7.6,0.0
Lab A,1339,ADL,2026-06-19,-6,4.667,4.7,0.0
Lab A,1339,ADL,2026-06-19,-6,4.833,0.2,0.0
Lab A,1339,ADL,2026-06-19,-6,5.0,0.0,0.0
Lab A,1339,ADL,2026-06-19,-6,5.167,0.0,695.4
Lab A,1339,ADL,2026-06-19,-6,5.333,0.0,688.0
Lab A,1339,ADL,2026-06-19,-6,5.5,0.0,687.5
Lab A,1339,ADL,2026-06-19,-6,5.667,0.0,686.6
Lab A,1339,ADL,2026-06-19,-6,5.833,0.1,686.6
Lab A,1339,ADL,2026-06-19,-6,6.0,3.2,680.4
Lab A,1339,ADL,2026-06-19,-6,6.167,12.6,670.6
Lab A,1339,ADL,2026-06-19,-6,6.333,0.0,687.6
Lab A,1339,ADL,2026-06-19,-6,6.5,0.0,686.8
Lab A,1339,ADL,2026-06-19,-6,6.667,0.0,686.0
Lab A,1339,ADL,2026-06-19,-6,6.833,0.0,686.3
Lab A,1339,ADL,2026-06-19,-6,7.0,0.0,686.5
Lab A,1339,ADL,2026-06-19,-6,7.167,0.0,684.9
Lab A,1339,ADL,2026-06-19,-6,7.333,0.0,685.7
Lab A,1339,ADL,2026-06-19,-6,7.5,0.0,685.1
Lab A,1339,ADL,2026-06-19,-6,7.667,0.0,685.7
Lab A,1339,ADL,2026-06-19,-6,7.833,0.0,685.2
Lab A,1339,ADL,2026-06-19,-6,8.0,0.0,686.0
Lab A,1339,ADL,2026-06-19,-6,8.167,4.5,680.8
Lab A,1339,ADL,2026-06-19,-6,8.333,0.0,685.3
Lab A,1339,ADL,2026-06-19,-6,8.5,0.0,686.1
Lab A,1339,ADL,2026-06-19,-6,8.667,0.0,686.1
Lab A,1339,ADL,2026-06-19,-6,8.833,0.0,686.2
Lab A,1339,ADL,2026-06-19,-6,9.0,0.0,686.0
Lab A,1339,ADL,2026-06-19,-6,9.167,0.0,686.0
Lab A,1339,ADL,2026-06-19,-6,9.333,0.0,685.5
Lab A,1339,ADL,2026-06-19,-6,9.5,0.0,685.7
Lab A,1339,ADL,2026-06-19,-6,9.667,0.0,685.6
Lab A,1339,ADL,2026-06-19,-6,9.833,0.0,685.9
Lab A,1339,ADL,2026-06-19,-6,10.0,0.0,685.6
Lab A,1339,ADL,2026-06-19,-6,10.167,0.2,685.8
Lab A,1339,ADL,2026-06-19,-6,10.333,14.2,672.6
Lab A,1339,ADL,2026-06-19,-6,10.5,28.0,662.7
Lab A,1339,ADL,2026-06-19,-6,10.667,4.1,667.6
Lab A,1339,ADL,2026-06-19,-6,10.833,1.1,674.9
Lab A,1339,ADL,2026-06-19,-6,11.0,,
Lab A,1339,ADL,2026-06-19,-6,11.167,0.0,674.3
Lab A,1339,ADL,2026-06-19,-6,11.333,6.4,628.6
Lab A,1339,ADL,2026-06-19,-6,11.5,20.5,645.8
Lab A,1339,ADL,2026-06-19,-6,11.667,10.6,665.2
Lab A,1339,ADL,2026-06-19,-6,11.833,3.2,673.2
Lab A,1339,ADL,2026-06-19,-6,12.0,0.0,674.8
Lab A,1339,ADL,2026-06-19,-6,12.167,0.0,674.6
Lab A,1339,ADL,2026-06-19,-6,12.333,0.0,674.4
Lab A,1339,ADL,2026-06-19,-6,12.5,0.0,674.2
Lab A,1339,ADL,2026-06-19,-6,12.667,0.0,673.8
Lab A,1339,ADL,2026-06-19,-6,12.833,0.0,673.7
Lab A,1339,ADL,2026-06-19,-6,13.0,0.0,673.3
Lab A,1339,ADL,2026-06-19,-6,13.167,0.0,673.1
Lab A,1339,ADL,2026-06-19,-6,13.333,0.0,672.7
Lab A,1339,ADL,2026-06-19,-6,13.5,0.0,673.2
Lab A,1339,ADL,2026-06-19,-6,13.667,0.6,671.8
Lab A,1339,ADL,2026-06-19,-6,13.833,1.6,670.9
Lab A,1339,ADL,2026-06-19,-6,14.0,0.0,672.2
Lab A,1339,ADL,2026-06-19,-6,14.167,0.0,672.5
Lab A,1339,ADL,2026-06-19,-6,14.333,0.0,672.5
Lab A,1339,ADL,2026-06-19,-6,14.5,0.0,671.8
Lab A,1339,ADL,2026-06-19,-6,14.667,0.0,672.3
Lab A,1339,ADL,2026-06-19,-6,14.833,5.5,667.7
Lab A,1339,ADL,2026-06-19,-6,15.0,0.9,674.2
Lab A,1339,ADL,2026-06-19,-6,15.167,0.0,673.9
Lab A,1339,ADL,2026-06-19,-6,15.333,0.0,674.1
Lab A,1339,ADL,2026-06-19,-6,15.5,0.0,674.8
Lab A,1339,ADL,2026-06-19,-6,15.667,0.0,674.5
Lab A,1339,ADL,2026-06-19,-6,15.833,0.0,674.2
Lab A,1339,ADL,2026-06-19,-6,16.0,0.0,674.2
Lab A,1339,ADL,2026-06-19,-6,16.167,0.0,674.3
Lab A,1339,ADL,2026-06-19,-6,16.333,6.6,671.1
Lab A,1339,ADL,2026-06-19,-6,16.5,0.0,674.5
Lab A,1339,ADL,2026-06-19,-6,16.667,0.0,674.2
Lab A,1339,ADL,2026-06-19,-6,16.833,0.0,674.7
Lab A,1339,ADL,2026-06-19,-6,17.0,0.0,539.7
Lab A,1339,ADL,2026-06-19,-6,17.167,3.6,0.0
Lab A,1339,ADL,2026-06-19,-6,17.333,5.8,0.0
Lab A,1339,ADL,2026-06-19,-6,17.5,25.6,0.0
Lab A,1339,ADL,2026-06-19,-6,17.667,19.2,0.0
Lab A,1339,ADL,2026-06-19,-6,17.833,8.1,0.0
Lab A,1339,ADL,2026-06-19,-6,18.0,0.0,0.0
Lab A,1339,ADL,2026-06-19,-6,18.167,0.0,0.0
Lab A,1339,ADL,2026-06-19,-6,18.333,0.0,0.0
Lab A,1339,ADL,2026-06-19,-6,18.5,14.4,0.0
Lab A,1339,ADL,2026-06-19,-6,18.667,15.1,0.0
Lab A,1339,ADL,2026-06-19,-6,18.833,23.6,0.0
Lab A,1339,ADL,2026-06-19,-6,19.0,7.8,0.0
Lab A,1339,ADL,2026-06-19,-6,19.167,10.2,0.0
Lab A,1339,ADL,2026-06-19,-6,19.333,7.8,0.0
Lab A,1339,ADL,2026-06-19,-6,19.5,0.0,0.0
Lab A,1339,ADL,2026-06-19,-6,19.667,0.0,0.0
Lab A,1339,ADL,2026-06-19,-6,19.833,0.0,0.0
Lab A,1339,ADL,2026-06-19,-6,20.0,0.0,0.0
Lab A,1339,ADL,2026-06-19,-6,20.167,0.0,0.0
Lab A,1339,ADL,2026-06-19,-6,20.333,9.6,0.0
Lab A,1339,ADL,2026-06-19,-6,20.5,15.2,0.0
Lab A,1339,ADL,2026-06-19,-6,20.667,20.7,0.0
Lab A,1339,ADL,2026-06-19,-6,20.833,2.8,0.0
Lab A,1339,ADL,2026-06-19,-6,21.0,0.0,0.0
Lab A,1339,ADL,2026-06-19,-6,21.167,0.0,0.0
Lab A,1339,ADL,2026-06-19,-6,21.333,0.0,0.0
Lab A,1339,ADL,2026-06-19,-6,21.5,0.0,0.0
Lab A,1339,ADL,2026-06-19,-6,21.667,2.7,0.0
Lab A,1339,ADL,2026-06-19,-6,21.833,3.8,0.0
Lab A,1339,ADL,2026-06-19,-6,22.0,0.0,0.0
Lab A,1339,ADL,2026-06-19,-6,22.167,0.0,0.0
Lab A,1339,ADL,2026-06-19,-6,22.333,0.2,0.0
Lab A,1339,ADL,2026-06-19,-6,22.5,0.1,0.0
Lab A,1339,ADL,2026-06-19,-6,22.667,9.8,0.0
Lab A,1339,ADL,2026-06-19,-6,22.833,48.1,0.0
Lab A,1339,ADL,2026-06-19,-6,23.0,28.7,0.0
Lab A,1339,ADL,2026-06-19,-6,23.167,14.4,0.0
Lab A,1339,ADL,2026-06-19,-6,23.333,2.9,0.0
Lab A,1339,ADL,2026-06-19,-6,23.5,0.0,0.0
Lab A,1339,ADL,2026-06-19,-6,23.667,0.0,0.0
Lab A,1339,ADL,2026-06-19,-6,23.833,0.0,0.0
Lab A,1339,ADL,2026-06-20,-5,0.0,2.3,0.0
Lab A,1339,ADL,2026-06-20,-5,0.167,10.7,0.0
Lab A,1339,ADL,2026-06-20,-5,0.333,33.0,0.0
Lab A,1339,ADL,2026-06-20,-5,0.5,12.7,0.0
Lab A,1339,ADL,2026-06-20,-5,0.667,0.0,0.0
Lab A,1339,ADL,2026-06-20,-5,0.833,0.0,0.0
Lab A,1339,ADL,2026-06-20,-5,1.0,0.0,0.0
Lab A,1339,ADL,2026-06-20,-5,1.167,0.0,0.0
Lab A,1339,ADL,2026-06-20,-5,1.333,0.0,0.0
Lab A,1339,ADL,2026-06-20,-5,1.5,2.6,0.0
Lab A,1339,ADL,2026-06-20,-5,1.667,0.0,0.0
Lab A,1339,ADL,2026-06-20,-5,1.833,8.3,0.0
Lab A,1339,ADL,2026-06-20,-5,2.0,18.3,0.0
Lab A,1339,ADL,2026-06-20,-5,2.167,8.3,0.0
Lab A,1339,ADL,2026-06-20,-5,2.333,,0.0
Lab A,1339,ADL,2026-06-20,-5,2.5,0.0,0.0
Lab A,1339,ADL,2026-06-20,-5,2.667,0.1,0.0
Lab A,1339,ADL,2026-06-20,-5,2.833,3.7,0.0
Lab A,1339,ADL,2026-06-20,-5,3.0,3.5,0.0
Lab A,1339,ADL,2026-06-20,-5,3.167,21.0,0.0
Lab A,1339,ADL,2026-06-20,-5,3.333,,
Lab A,1339,ADL,2026-06-20,-5,3.5,0.0,0.0
Lab A,1339,ADL,2026-06-20,-5,3.667,0.0,0.0
Lab A,1339,ADL,2026-06-20,-5,3.833,0.0,0.0
Lab A,1339,ADL,2026-06-20,-5,4.0,13.2,0.0
Lab A,1339,ADL,2026-06-20,-5,4.167,24.8,0.0
Lab A,1339,ADL,2026-06-20,-5,4.333,4.8,0.0
Lab A,1339,ADL,2026-06-20,-5,4.5,14.3,0.0
Lab A,1339,ADL,2026-06-20,-5,4.667,8.6,0.0
Lab A,1339,ADL,2026-06-20,-5,4.833,6.4,0.0
Lab A,1339,ADL,2026-06-20,-5,5.0,0.0,0.0
Lab A,1339,ADL,2026-06-20,-5,5.167,0.0,623.8
Lab A,1339,ADL,2026-06-20,-5,5.333,0.0,688.1
Lab A,1339,ADL,2026-06-20,-5,5.5,0.0,687.1
Lab A,1339,ADL,2026-06-20,-5,5.667,0.0,686.9
Lab A,1339,ADL,2026-06-20,-5,5.833,0.0,686.3
Lab A,1339,ADL,2026-06-20,-5,6.0,4.5,674.2
Lab A,1339,ADL,2026-06-20,-5,6.167,4.3,682.6
Lab A,1339,ADL,2026-06-20,-5,6.333,0.0,685.0
Lab A,1339,ADL,2026-06-20,-5,6.5,0.0,685.2
Lab A,1339,ADL,2026-06-20,-5,6.667,0.0,684.8
Lab A,1339,ADL,2026-06-20,-5,6.833,0.0,684.4
Lab A,1339,ADL,2026-06-20,-5,7.0,0.0,684.5
Lab A,1339,ADL,2026-06-20,-5,7.167,0.0,684.0
Lab A,1339,ADL,2026-06-20,-5,7.333,0.0,684.2
Lab A,1339,ADL,2026-06-20,-5,7.5,1.2,684.0
Lab A,1339,ADL,2026-06-20,-5,7.667,0.0,682.9
Lab A,1339,ADL,2026-06-20,-5,7.833,0.0,683.2
Lab A,1339,ADL,2026-06-20,-5,8.0,0.0,683.3
Lab A,1339,ADL,2026-06-20,-5,8.167,0.0,683.5
Lab A,1339,ADL,2026-06-20,-5,8.333,0.0,683.6
Lab A,1339,ADL,2026-06-20,-5,8.5,0.0,683.9
Lab A,1339,ADL,2026-06-20,-5,8.667,0.0,684.1
Lab A,1339,ADL,2026-06-20,-5,8.833,0.0,683.9
Lab A,1339,ADL,2026-06-20,-5,9.0,0.0,684.2
Lab A,1339,ADL,2026-06-20,-5,9.167,0.0,684.3
Lab A,1339,ADL,2026-06-20,-5,9.333,0.0,683.8
Lab A,1339,ADL,2026-06-20,-5,9.5,8.3,679.5
Lab A,1339,ADL,2026-06-20,-5,9.667,0.0,683.0
Lab A,1339,ADL,2026-06-20,-5,9.833,0.0,683.0
Lab A,1339,ADL,2026-06-20,-5,10.0,0.0,682.5
Lab A,1339,ADL,2026-06-20,-5,10.167,0.0,683.3
Lab A,1339,ADL,2026-06-20,-5,10.333,0.0,682.8
Lab A,1339,ADL,2026-06-20,-5,10.5,0.0,682.8
Lab A,1339,ADL,2026-06-20,-5,10.667,0.0,682.1
Lab A,1339,ADL,2026-06-20,-5,10.833,0.0,712.0
Lab A,1339,ADL,2026-06-20,-5,11.0,0.1,676.3
Lab A,1339,ADL,2026-06-20,-5,11.167,17.4,666.8
Lab A,1339,ADL,2026-06-20,-5,11.333,16.6,698.1
Lab A,1339,ADL,2026-06-20,-5,11.5,8.7,694.3
Lab A,1339,ADL,2026-06-20,-5,11.667,2.2,699.7
Lab A,1339,ADL,2026-06-20,-5,11.833,0.0,699.1
Lab A,1339,ADL,2026-06-20,-5,12.0,0.0,699.9
Lab A,1339,ADL,2026-06-20,-5,12.167,0.0,699.4
Lab A,1339,ADL,2026-06-20,-5,12.333,0.0,699.8
Lab A,1339,ADL,2026-06-20,-5,12.5,0.0,699.6
Lab A,1339,ADL,2026-06-20,-5,12.667,0.0,699.8
Lab A,1339,ADL,2026-06-20,-5,12.833,0.0,700.0
Lab A,1339,ADL,2026-06-20,-5,13.0,0.0,699.3
Lab A,1339,ADL,2026-06-20,-5,13.167,0.0,699.4
Lab A,1339,ADL,2026-06-20,-5,13.333,0.0,698.9
Lab A,1339,ADL,2026-06-20,-5,13.5,2.8,699.1
Lab A,1339,ADL,2026-06-20,-5,13.667,0.0,700.5
Lab A,1339,ADL,2026-06-20,-5,13.833,0.0,700.9
Lab A,1339,ADL,2026-06-20,-5,14.0,0.0,701.5
Lab A,1339,ADL,2026-06-20,-5,14.167,1.3,700.5
Lab A,1339,ADL,2026-06-20,-5,14.333,0.0,701.5
Lab A,1339,ADL,2026-06-20,-5,14.5,0.0,701.3
Lab A,1339,ADL,2026-06-20,-5,14.667,0.0,700.9
Lab A,1339,ADL,2026-06-20,-5,14.833,0.0,701.1
Lab A,1339,ADL,2026-06-20,-5,15.0,0.0,700.3
Lab A,1339,ADL,2026-06-20,-5,15.167,0.0,700.0
Lab A,1339,ADL,2026-06-20,-5,15.333,1.0,697.8
Lab A,1339,ADL,2026-06-20,-5,15.5,0.0,700.8
Lab A,1339,ADL,2026-06-20,-5,15.667,0.0,700.4
Lab A,1339,ADL,2026-06-20,-5,15.833,0.0,701.0
Lab A,1339,ADL,2026-06-20,-5,16.0,6.2,697.4
Lab A,1339,ADL,2026-06-20,-5,16.167,28.1,696.7
Lab A,1339,ADL,2026-06-20,-5,16.333,0.0,702.6
Lab A,1339,ADL,2026-06-20,-5,16.5,0.0,702.4
Lab A,1339,ADL,2026-06-20,-5,16.667,0.0,702.4
Lab A,1339,ADL,2026-06-20,-5,16.833,0.0,701.8
Lab A,1339,ADL,2026-06-20,-5,17.0,0.0,561.9
Lab A,1339,ADL,2026-06-20,-5,17.167,0.0,0.0
Lab A,1339,ADL,2026-06-20,-5,17.333,0.0,0.0
Lab A,1339,ADL,2026-06-20,-5,17.5,0.0,0.0
Lab A,1339,ADL,2026-06-20,-5,17.667,16.8,0.0
Lab A,1339,ADL,2026-06-20,-5,17.833,6.0,0.0
Lab A,1339,ADL,2026-06-20,-5,18.0,0.0,0.0
Lab A,1339,ADL,2026-06-20,-5,18.167,0.0,0.0
Lab A,1339,ADL,2026-06-20,-5,18.333,0.0,0.0
Lab A,1339,ADL,2026-06-20,-5,18.5,0.0,0.0
Lab A,1339,ADL,2026-06-20,-5,18.667,10.7,0.0
Lab A,1339,ADL,2026-06-20,-5,18.833,20.5,0.0
Lab A,1339,ADL,2026-06-20,-5,19.0,23.0,0.0
Lab A,1339,ADL,2026-06-20,-5,19.167,0.2,0.0
Lab A,1339,ADL,2026-06-20,-5,19.333,0.0,0.0
Lab A,1339,ADL,2026-06-20,-5,19.5,0.0,0.0
Lab A,1339,ADL,2026-06-20,-5,19.667,0.0,0.0
Lab A,1339,ADL,2026-06-20,-5,19.833,0.0,0.0
Lab A,1339,ADL,2026-06-20,-5,20.0,0.0,0.0
Lab A,1339,ADL,2026-06-20,-5,20.167,9.1,0.0
Lab A,1339,ADL,2026-06-20,-5,20.333,1.3,0.0
Lab A,1339,ADL,2026-06-20,-5,20.5,0.0,0.0
Lab A,1339,ADL,2026-06-20,-5,20.667,0.0,0.0
Lab A,1339,ADL,2026-06-20,-5,20.833,0.0,0.0
Lab A,1339,ADL,2026-06-20,-5,21.0,5.1,0.0
Lab A,1339,ADL,2026-06-20,-5,21.167,9.9,0.0
Lab A,1339,ADL,2026-06-20,-5,21.333,19.5,0.0
Lab A,1339,ADL,2026-06-20,-5,21.5,0.0,0.0
Lab A,1339,ADL,2026-06-20,-5,21.667,0.0,0.0
Lab A,1339,ADL,2026-06-20,-5,21.833,0.0,0.0
Lab A,1339,ADL,2026-06-20,-5,22.0,0.8,0.0
Lab A,1339,ADL,2026-06-20,-5,22.167,0.4,0.0
Lab A,1339,ADL,2026-06-20,-5,22.333,0.0,0.0
Lab A,1339,ADL,2026-06-20,-5,22.5,10.8,0.0
Lab A,1339,ADL,2026-06-20,-5,22.667,16.5,0.0
Lab A,1339,ADL,2026-06-20,-5,22.833,15.9,0.0
Lab A,1339,ADL,2026-06-20,-5,23.0,9.7,0.0
Lab A,1339,ADL,2026-06-20,-5,23.167,0.2,0.0
Lab A,1339,ADL,2026-06-20,-5,23.333,0.0,0.0
Lab A,1339,ADL,2026-06-20,-5,23.5,0.0,0.0
Lab A,1339,ADL,2026-06-20,-5,23.667,0.3,0.0
Lab A,1339,ADL,2026-06-20,-5,23.833,13.3,0.0
Lab A,1339,ADL,2026-06-21,-4,0.0,0.0,0.0
Lab A,1339,ADL,2026-06-21,-4,0.167,0.0,0.0
Lab A,1339,ADL,2026-06-21,-4,0.333,0.0,0.0
Lab A,1339,ADL,2026-06-21,-4,0.5,0.0,0.0
Lab A,1339,ADL,2026-06-21,-4,0.667,0.0,0.0
Lab A,1339,ADL,2026-06-21,-4,0.833,0.0,0.0
Lab A,1339,ADL,2026-06-21,-4,1.0,0.0,0.0
Lab A,1339,ADL,2026-06-21,-4,1.167,0.0,0.0
Lab A,1339,ADL,2026-06-21,-4,1.333,5.5,0.0
Lab A,1339,ADL,2026-06-21,-4,1.5,0.0,0.0
Lab A,1339,ADL,2026-06-21,-4,1.667,0.0,0.0
Lab A,1339,ADL,2026-06-21,-4,1.833,0.0,0.0
Lab A,1339,ADL,2026-06-21,-4,2.0,7.5,0.0
Lab A,1339,ADL,2026-06-21,-4,2.167,29.1,0.0
Lab A,1339,ADL,2026-06-21,-4,2.333,8.4,0.0
Lab A,1339,ADL,2026-06-21,-4,2.5,18.3,0.0
Lab A,1339,ADL,2026-06-21,-4,2.667,0.0,0.0
Lab A,1339,ADL,2026-06-21,-4,2.833,0.0,0.0
Lab A,1339,ADL,2026-06-21,-4,3.0,0.0,0.0
Lab A,1339,ADL,2026-06-21,-4,3.167,0.0,0.0
Lab A,1339,ADL,2026-06-21,-4,3.333,0.0,0.0
Lab A,1339,ADL,2026-06-21,-4,3.5,6.8,0.0
Lab A,1339,ADL,2026-06-21,-4,3.667,8.6,0.0
Lab A,1339,ADL,2026-06-21,-4,3.833,12.4,0.0
Lab A,1339,ADL,2026-06-21,-4,4.0,12.4,0.0
Lab A,1339,ADL,2026-06-21,-4,4.167,0.0,0.0
Lab A,1339,ADL,2026-06-21,-4,4.333,0.0,0.0
Lab A,1339,ADL,2026-06-21,-4,4.5,0.0,0.0
Lab A,1339,ADL,2026-06-21,-4,4.667,0.0,0.0
Lab A,1339,ADL,2026-06-21,-4,4.833,0.0,0.0
Lab A,1339,ADL,2026-06-21,-4,5.0,0.0,0.0
Lab A,1339,ADL,2026-06-21,-4,5.167,0.2,649.8
Lab A,1339,ADL,2026-06-21,-4,5.333,6.2,717.0
Lab A,1339,ADL,2026-06-21,-4,5.5,0.0,716.8
Lab A,1339,ADL,2026-06-21,-4,5.667,0.0,716.0
Lab A,1339,ADL,2026-06-21,-4,5.833,0.0,716.7
Lab A,1339,ADL,2026-06-21,-4,6.0,0.0,716.5
Lab A,1339,ADL,2026-06-21,-4,6.167,,716.5
Lab A,1339,ADL,2026-06-21,-4,6.333,0.3,715.2
Lab A,1339,ADL,2026-06-21,-4,6.5,0.0,714.8
Lab A,1339,ADL,2026-06-21,-4,6.667,0.0,714.8
Lab A,1339,ADL,2026-06-21,-4,6.833,0.0,714.4
Lab A,1339,ADL,2026-06-21,-4,7.0,0.0,714.9
Lab A,1339,ADL,2026-06-21,-4,7.167,0.0,714.7
Lab A,1339,ADL,2026-06-21,-4,7.333,0.0,714.3
Lab A,1339,ADL,2026-06-21,-4,7.5,0.0,714.2
Lab A,1339,ADL,2026-06-21,-4,7.667,2.2,714.1
Lab A,1339,ADL,2026-06-21,-4,7.833,6.9,709.5
Lab A,1339,ADL,2026-06-21,-4,8.0,30.8,691.1
Lab A,1339,ADL,2026-06-21,-4,8.167,17.0,700.7
Lab A,1339,ADL,2026-06-21,-4,8.333,3.1,708.4
Lab A,1339,ADL,2026-06-21,-4,8.5,6.3,710.6
Lab A,1339,ADL,2026-06-21,-4,8.667,0.0,711.8
Lab A,1339,ADL,2026-06-21,-4,8.833,0.0,710.7
Lab A,1339,ADL,2026-06-21,-4,9.0,0.0,711.5
Lab A,1339,ADL,2026-06-21,-4,9.167,0.0,711.5
Lab A,1339,ADL,2026-06-21,-4,9.333,0.0,710.3
Lab A,1339,ADL,2026-06-21,-4,9.5,0.0,711.8
Lab A,1339,ADL,2026-06-21,-4,9.667,0.0,712.1
Lab A,1339,ADL,2026-06-21,-4,9.833,0.0,711.7
Lab A,1339,ADL,2026-06-21,-4,10.0,0.0,712.0
Lab A,1339,ADL,2026-06-21,-4,10.167,0.0,711.9
Lab A,1339,ADL,2026-06-21,-4,10.333,0.0,711.6
Lab A,1339,ADL,2026-06-21,-4,10.5,0.0,711.4
Lab A,1339,ADL,2026-06-21,-4,10.667,0.7,708.0
Lab A,1339,ADL,2026-06-21,-4,10.833,0.0,710.3
Lab A,1339,ADL,2026-06-21,-4,11.0,0.0,710.8
Lab A,1339,ADL,2026-06-21,-4,11.167,0.0,710.0
Lab A,1339,ADL,2026-06-21,-4,11.333,0.0,711.5
Lab A,1339,ADL,2026-06-21,-4,11.5,1.5,710.3
Lab A,1339,ADL,2026-06-21,-4,11.667,2.4,710.1
Lab A,1339,ADL,2026-06-21,-4,11.833,0.0,710.7
Lab A,1339,ADL,2026-06-21,-4,12.0,0.0,710.5
Lab A,1339,ADL,2026-06-21,-4,12.167,0.0,710.2
Lab A,1339,ADL,2026-06-21,-4,12.333,0.0,711.0
Lab A,1339,ADL,2026-06-21,-4,12.5,0.0,710.6
Lab A,1339,ADL,2026-06-21,-4,12.667,0.0,710.6
Lab A,1339,ADL,2026-06-21,-4,12.833,0.0,710.0
Lab A,1339,ADL,2026-06-21,-4,13.0,0.0,710.5
Lab A,1339,ADL,2026-06-21,-4,13.167,0.0,710.6
Lab A,1339,ADL,2026-06-21,-4,13.333,0.0,710.8
Lab A,1339,ADL,2026-06-21,-4,13.5,14.4,668.7
Lab A,1339,ADL,2026-06-21,-4,13.667,10.2,697.7
Lab A,1339,ADL,2026-06-21,-4,13.833,0.0,707.9
Lab A,1339,ADL,2026-06-21,-4,14.0,0.0,707.8
Lab A,1339,ADL,2026-06-21,-4,14.167,0.0,707.6
Lab A,1339,ADL,2026-06-21,-4,14.333,0.0,706.4
Lab A,1339,ADL,2026-06-21,-4,14.5,6.1,704.4
Lab A,1339,ADL,2026-06-21,-4,14.667,2.9,706.6
Lab A,1339,ADL,2026-06-21,-4,14.833,0.0,708.2
Lab A,1339,ADL,2026-06-21,-4,15.0,0.0,708.0
Lab A,1339,ADL,2026-06-21,-4,15.167,0.0,707.5
Lab A,1339,ADL,2026-06-21,-4,15.333,0.0,707.8
Lab A,1339,ADL,2026-06-21,-4,15.5,0.0,707.8
Lab A,1339,ADL,2026-06-21,-4,15.667,0.0,707.6
Lab A,1339,ADL,2026-06-21,-4,15.833,0.0,707.9
Lab A,1339,ADL,2026-06-21,-4,16.0,0.0,707.7
Lab A,1339,ADL,2026-06-21,-4,16.167,0.0,708.6
Lab A,1339,ADL,2026-06-21,-4,16.333,0.0,708.0
Lab A,1339,ADL,2026-06-21,-4,16.5,0.0,707.9
Lab A,1339,ADL,2026-06-21,-4,16.667,3.8,704.7
Lab A,1339,ADL,2026-06-21,-4,16.833,0.0,708.3
Lab A,1339,ADL,2026-06-21,-4,17.0,0.0,566.9
Lab A,1339,ADL,2026-06-21,-4,17.167,0.0,0.0
Lab A,1339,ADL,2026-06-21,-4,17.333,0.0,0.0
Lab A,1339,ADL,2026-06-21,-4,17.5,10.5,0.0
Lab A,1339,ADL,2026-06-21,-4,17.667,12.9,0.0
Lab A,1339,ADL,2026-06-21,-4,17.833,15.9,0.0
Lab A,1339,ADL,2026-06-21,-4,18.0,8.5,0.0
Lab A,1339,ADL,2026-06-21,-4,18.167,0.0,0.0
Lab A,1339,ADL,2026-06-21,-4,18.333,0.0,0.0
Lab A,1339,ADL,2026-06-21,-4,18.5,0.0,0.0
Lab A,1339,ADL,2026-06-21,-4,18.667,0.0,0.0
Lab A,1339,ADL,2026-06-21,-4,18.833,1.8,0.0
Lab A,1339,ADL,2026-06-21,-4,19.0,0.1,0.0
Lab A,1339,ADL,2026-06-21,-4,19.167,0.0,0.0
Lab A,1339,ADL,2026-06-21,-4,19.333,6.1,0.0
Lab A,1339,ADL,2026-06-21,-4,19.5,19.6,0.0
Lab A,1339,ADL,2026-06-21,-4,19.667,15.6,0.0
Lab A,1339,ADL,2026-06-21,-4,19.833,0.0,0.0
Lab A,1339,ADL,2026-06-21,-4,20.0,0.0,0.0
Lab A,1339,ADL,2026-06-21,-4,20.167,0.0,0.0
Lab A,1339,ADL,2026-06-21,-4,20.333,0.0,0.0
Lab A,1339,ADL,2026-06-21,-4,20.5,0.1,0.0
Lab A,1339,ADL,2026-06-21,-4,20.667,13.6,0.0
Lab A,1339,ADL,2026-06-21,-4,20.833,3.6,0.0
Lab A,1339,ADL,2026-06-21,-4,21.0,0.5,0.0
Lab A,1339,ADL,2026-06-21,-4,21.167,0.0,0.0
Lab A,1339,ADL,2026-06-21,-4,21.333,0.0,0.0
Lab A,1339,ADL,2026-06-21,-4,21.5,0.0,0.0
Lab A,1339,ADL,2026-06-21,-4,21.667,3.9,0.0
Lab A,1339,ADL,2026-06-21,-4,21.833,0.0,0.0
Lab A,1339,ADL,2026-06-21,-4,22.0,0.0,0.0
Lab A,1339,ADL,2026-06-21,-4,22.167,7.9,0.0
Lab A,1339,ADL,2026-06-21,-4,22.333,0.2,0.0
Lab A,1339,ADL,2026-06-21,-4,22.5,0.0,0.0
Lab A,1339,ADL,2026-06-21,-4,22.667,0.1,0.0
Lab A,1339,ADL,2026-06-21,-4,22.833,40.5,0.0
Lab A,1339,ADL,2026-06-21,-4,23.0,23.3,0.0
Lab A,1339,ADL,2026-06-21,-4,23.167,23.4,0.0
Lab A,1339,ADL,2026-06-21,-4,23.333,18.6,0.0
Lab A,1339,ADL,2026-06-21,-4,23.5,2.4,0.0
Lab A,1339,ADL,2026-06-21,-4,23.667,0.0,0.0
Lab A,1339,ADL,2026-06-21,-4,23.833,0.0,0.0
Lab A,1339,ADL,2026-06-22,-3,0.0,0.0,0.0
Lab A,1339,ADL,2026-06-22,-3,0.167,0.0,0.0
Lab A,1339,ADL,2026-06-22,-3,0.333,0.0,0.0
Lab A,1339,ADL,2026-06-22,-3,0.5,0.0,0.0
Lab A,1339,ADL,2026-06-22,-3,0.667,0.0,0.0
Lab A,1339,ADL,2026-06-22,-3,0.833,8.0,0.0
Lab A,1339,ADL,2026-06-22,-3,1.0,15.1,0.0
Lab A,1339,ADL,2026-06-22,-3,1.167,0.0,0.0
Lab A,1339,ADL,2026-06-22,-3,1.333,0.0,0.0
Lab A,1339,ADL,2026-06-22,-3,1.5,0.0,0.0
Lab A,1339,ADL,2026-06-22,-3,1.667,0.0,0.0
Lab A,1339,ADL,2026-06-22,-3,1.833,0.0,0.0
Lab A,1339,ADL,2026-06-22,-3,2.0,0.0,0.0
Lab A,1339,ADL,2026-06-22,-3,2.167,5.7,0.0
Lab A,1339,ADL,2026-06-22,-3,2.333,13.8,0.0
Lab A,1339,ADL,2026-06-22,-3,2.5,13.8,0.0
Lab A,1339,ADL,2026-06-22,-3,2.667,4.0,0.0
Lab A,1339,ADL,2026-06-22,-3,2.833,0.0,0.0
Lab A,1339,ADL,2026-06-22,-3,3.0,0.0,0.0
Lab A,1339,ADL,2026-06-22,-3,3.167,0.0,0.0
Lab A,1339,ADL,2026-06-22,-3,3.333,3.9,0.0
Lab A,1339,ADL,2026-06-22,-3,3.5,0.0,0.0
Lab A,1339,ADL,2026-06-22,-3,3.667,0.2,0.0
Lab A,1339,ADL,2026-06-22,-3,3.833,25.9,0.0
Lab A,1339,ADL,2026-06-22,-3,4.0,16.6,0.0
Lab A,1339,ADL,2026-06-22,-3,4.167,28.0,0.0
Lab A,1339,ADL,2026-06-22,-3,4.333,26.6,0.0
Lab A,1339,ADL,2026-06-22,-3,4.5,14.3,0.0
Lab A,1339,ADL,2026-06-22,-3,4.667,11.2,0.0
Lab A,1339,ADL,2026-06-22,-3,4.833,0.0,0.0
Lab A,1339,ADL,2026-06-22,-3,5.0,0.0,0.0
Lab A,1339,ADL,2026-06-22,-3,5.167,0.0,652.3
Lab A,1339,ADL,2026-06-22,-3,5.333,0.0,720.2
Lab A,1339,ADL,2026-06-22,-3,5.5,0.0,719.2
Lab A,1339,ADL,2026-06-22,-3,5.667,0.0,718.6
Lab A,1339,ADL,2026-06-22,-3,5.833,0.0,718.8
Lab A,1339,ADL,2026-06-22,-3,6.0,0.0,718.6
Lab A,1339,ADL,2026-06-22,-3,6.167,0.0,718.7
Lab A,1339,ADL,2026-06-22,-3,6.333,0.0,718.2
Lab A,1339,ADL,2026-06-22,-3,6.5,0.0,717.6
Lab A,1339,ADL,2026-06-22,-3,6.667,0.0,718.4
Lab A,1339,ADL,2026-06-22,-3,6.833,0.0,718.0
Lab A,1339,ADL,2026-06-22,-3,7.0,0.0,717.5
Lab A,1339,ADL,2026-06-22,-3,7.167,0.0,718.0
Lab A,1339,ADL,2026-06-22,-3,7.333,0.0,718.1
Lab A,1339,ADL,2026-06-22,-3,7.5,7.5,715.1
Lab A,1339,ADL,2026-06-22,-3,7.667,5.8,713.6
Lab A,1339,ADL,2026-06-22,-3,7.833,0.0,717.8
Lab A,1339,ADL,2026-06-22,-3,8.0,0.0,717.5
Lab A,1339,ADL,2026-06-22,-3,8.167,0.0,717.5
Lab A,1339,ADL,2026-06-22,-3,8.333,0.0,716.6
Lab A,1339,ADL,2026-06-22,-3,8.5,0.0,717.4
Lab A,1339,ADL,2026-06-22,-3,8.667,0.0,717.2
Lab A,1339,ADL,2026-06-22,-3,8.833,0.0,717.2
Lab A,1339,ADL,2026-06-22,-3,9.0,0.0,717.0
Lab A,1339,ADL,2026-06-22,-3,9.167,0.0,716.6
Lab A,1339,ADL,2026-06-22,-3,9.333,0.0,716.9
Lab A,1339,ADL,2026-06-22,-3,9.5,0.0,717.4
Lab A,1339,ADL,2026-06-22,-3,9.667,0.0,716.8
Lab A,1339,ADL,2026-06-22,-3,9.833,1.8,714.2
Lab A,1339,ADL,2026-06-22,-3,10.0,3.3,715.6
Lab A,1339,ADL,2026-06-22,-3,10.167,4.1,713.2
Lab A,1339,ADL,2026-06-22,-3,10.333,0.0,715.7
Lab A,1339,ADL,2026-06-22,-3,10.5,0.0,715.4
Lab A,1339,ADL,2026-06-22,-3,10.667,0.0,715.8
Lab A,1339,ADL,2026-06-22,-3,10.833,0.0,715.9
Lab A,1339,ADL,2026-06-22,-3,11.0,0.0,715.4
Lab A,1339,ADL,2026-06-22,-3,11.167,0.0,715.0
Lab A,1339,ADL,2026-06-22,-3,11.333,0.0,714.7
Lab A,1339,ADL,2026-06-22,-3,11.5,0.0,715.0
Lab A,1339,ADL,2026-06-22,-3,11.667,1.4,709.8
Lab A,1339,ADL,2026-06-22,-3,11.833,11.5,670.4
Lab A,1339,ADL,2026-06-22,-3,12.0,6.3,704.5
Lab A,1339,ADL,2026-06-22,-3,12.167,3.0,707.6
Lab A,1339,ADL,2026-06-22,-3,12.333,0.0,708.8
Lab A,1339,ADL,2026-06-22,-3,12.5,0.0,708.7
Lab A,1339,ADL,2026-06-22,-3,12.667,0.0,708.2
Lab A,1339,ADL,2026-06-22,-3,12.833,0.0,707.0
Lab A,1339,ADL,2026-06-22,-3,13.0,0.0,707.9
Lab A,1339,ADL,2026-06-22,-3,13.167,0.0,708.4
Lab A,1339,ADL,2026-06-22,-3,13.333,0.0,707.7
Lab A,1339,ADL,2026-06-22,-3,13.5,0.0,707.4
Lab A,1339,ADL,2026-06-22,-3,13.667,0.0,707.0
Lab A,1339,ADL,2026-06-22,-3,13.833,2.5,708.3
Lab A,1339,ADL,2026-06-22,-3,14.0,0.0,708.4
Lab A,1339,ADL,2026-06-22,-3,14.167,0.0,707.4
Lab A,1339,ADL,2026-06-22,-3,14.333,0.0,707.7
Lab A,1339,ADL,2026-06-22,-3,14.5,1.8,708.4
Lab A,1339,ADL,2026-06-22,-3,14.667,0.0,708.7
Lab A,1339,ADL,2026-06-22,-3,14.833,0.0,708.3
Lab A,1339,ADL,2026-06-22,-3,15.0,1.2,708.6
Lab A,1339,ADL,2026-06-22,-3,15.167,0.0,708.3
Lab A,1339,ADL,2026-06-22,-3,15.333,0.0,708.0
Lab A,1339,ADL,2026-06-22,-3,15.5,0.0,708.0
Lab A,1339,ADL,2026-06-22,-3,15.667,0.1,708.4
Lab A,1339,ADL,2026-06-22,-3,15.833,1.3,706.5
Lab A,1339,ADL,2026-06-22,-3,16.0,0.0,707.4
Lab A,1339,ADL,2026-06-22,-3,16.167,0.0,708.0
Lab A,1339,ADL,2026-06-22,-3,16.333,0.0,707.5
Lab A,1339,ADL,2026-06-22,-3,16.5,0.0,708.3
Lab A,1339,ADL,2026-06-22,-3,16.667,0.0,707.4
Lab A,1339,ADL,2026-06-22,-3,16.833,1.5,707.3
Lab A,1339,ADL,2026-06-22,-3,17.0,0.0,566.7
Lab A,1339,ADL,2026-06-22,-3,17.167,10.1,0.0
Lab A,1339,ADL,2026-06-22,-3,17.333,0.0,0.0
Lab A,1339,ADL,2026-06-22,-3,17.5,0.0,0.0
Lab A,1339,ADL,2026-06-22,-3,17.667,0.0,0.0
Lab A,1339,ADL,2026-06-22,-3,17.833,9.4,0.0
Lab A,1339,ADL,2026-06-22,-3,18.0,38.1,0.0
Lab A,1339,ADL,2026-06-22,-3,18.167,28.0,0.0
Lab A,1339,ADL,2026-06-22,-3,18.333,17.2,0.0
Lab A,1339,ADL,2026-06-22,-3,18.5,0.0,0.0
Lab A,1339,ADL,2026-06-22,-3,18.667,0.0,0.0
Lab A,1339,ADL,2026-06-22,-3,18.833,0.0,0.0
Lab A,1339,ADL,2026-06-22,-3,19.0,1.4,0.0
Lab A,1339,ADL,2026-06-22,-3,19.167,0.0,0.0
Lab A,1339,ADL,2026-06-22,-3,19.333,0.0,0.0
Lab A,1339,ADL,2026-06-22,-3,19.5,5.4,0.0
Lab A,1339,ADL,2026-06-22,-3,19.667,0.0,0.0
Lab A,1339,ADL,2026-06-22,-3,19.833,2.4,0.0
Lab A,1339,ADL,2026-06-22,-3,20.0,0.0,0.0
Lab A,1339,ADL,2026-06-22,-3,20.167,3.1,0.0
Lab A,1339,ADL,2026-06-22,-3,20.333,0.0,0.0
Lab A,1339,ADL,2026-06-22,-3,20.5,0.0,0.0
Lab A,1339,ADL,2026-06-22,-3,20.667,11.4,0.0
Lab A,1339,ADL,2026-06-22,-3,20.833,3.0,0.0
Lab A,1339,ADL,2026-06-22,-3,21.0,0.0,0.0
Lab A,1339,ADL,2026-06-22,-3,21.167,0.0,0.0
Lab A,1339,ADL,2026-06-22,-3,21.333,0.0,0.0
Lab A,1339,ADL,2026-06-22,-3,21.5,13.5,0.0
Lab A,1339,ADL,2026-06-22,-3,21.667,0.0,0.0
Lab A,1339,ADL,2026-06-22,-3,21.833,0.0,0.0
Lab A,1339,ADL,2026-06-22,-3,22.0,0.0,0.0
Lab A,1339,ADL,2026-06-22,-3,22.167,0.0,0.0
Lab A,1339,ADL,2026-06-22,-3,22.333,13.7,0.0
Lab A,1339,ADL,2026-06-22,-3,22.5,18.6,0.0
Lab A,1339,ADL,2026-06-22,-3,22.667,10.3,0.0
Lab A,1339,ADL,2026-06-22,-3,22.833,17.8,0.0
Lab A,1339,ADL,2026-06-22,-3,23.0,27.6,0.0
Lab A,1339,ADL,2026-06-22,-3,23.167,22.7,0.0
Lab A,1339,ADL,2026-06-22,-3,23.333,6.5,0.0
Lab A,1339,ADL,2026-06-22,-3,23.5,0.0,0.0
Lab A,1339,ADL,2026-06-22,-3,23.667,0.0,0.0
Lab A,1339,ADL,2026-06-22,-3,23.833,0.0,0.0
Lab A,1339,ADL,2026-06-23,-2,0.0,0.0,0.0
Lab A,1339,ADL,2026-06-23,-2,0.167,0.0,0.0
Lab A,1339,ADL,2026-06-23,-2,0.333,0.0,0.0
Lab A,1339,ADL,2026-06-23,-2,0.5,13.5,0.0
Lab A,1339,ADL,2026-06-23,-2,0.667,5.9,0.0
Lab A,1339,ADL,2026-06-23,-2,0.833,0.0,0.0
Lab A,1339,ADL,2026-06-23,-2,1.0,0.0,0.0
Lab A,1339,ADL,2026-06-23,-2,1.167,0.0,0.0
Lab A,1339,ADL,2026-06-23,-2,1.333,0.0,0.0
Lab A,1339,ADL,2026-06-23,-2,1.5,0.0,0.0
Lab A,1339,ADL,2026-06-23,-2,1.667,0.0,0.0
Lab A,1339,ADL,2026-06-23,-2,1.833,1.9,0.0
Lab A,1339,ADL,2026-06-23,-2,2.0,0.0,0.0
Lab A,1339,ADL,2026-06-23,-2,2.167,5.3,0.0
Lab A,1339,ADL,2026-06-23,-2,2.333,22.2,0.0
Lab A,1339,ADL,2026-06-23,-2,2.5,2.2,0.0
Lab A,1339,ADL,2026-06-23,-2,2.667,0.0,0.0
Lab A,1339,ADL,2026-06-23,-2,2.833,0.0,0.0
Lab A,1339,ADL,2026-06-23,-2,3.0,0.0,0.0
Lab A,1339,ADL,2026-06-23,-2,3.167,15.9,0.0
Lab A,1339,ADL,2026-06-23,-2,3.333,48.7,0.0
Lab A,1339,ADL,2026-06-23,-2,3.5,27.3,0.0
Lab A,1339,ADL,2026-06-23,-2,3.667,16.9,0.0
Lab A,1339,ADL,2026-06-23,-2,3.833,20.9,0.0
Lab A,1339,ADL,2026-06-23,-2,4.0,11.6,0.0
Lab A,1339,ADL,2026-06-23,-2,4.167,17.1,0.0
Lab A,1339,ADL,2026-06-23,-2,4.333,0.0,0.0
Lab A,1339,ADL,2026-06-23,-2,4.5,0.0,0.0
Lab A,1339,ADL,2026-06-23,-2,4.667,0.0,0.0
Lab A,1339,ADL,2026-06-23,-2,4.833,0.0,0.0
Lab A,1339,ADL,2026-06-23,-2,5.0,0.0,0.0
Lab A,1339,ADL,2026-06-23,-2,5.167,0.0,652.9
Lab A,1339,ADL,2026-06-23,-2,5.333,0.0,721.7
Lab A,1339,ADL,2026-06-23,-2,5.5,1.6,720.6
Lab A,1339,ADL,2026-06-23,-2,5.667,6.1,715.3
Lab A,1339,ADL,2026-06-23,-2,5.833,0.0,720.6
Lab A,1339,ADL,2026-06-23,-2,6.0,0.0,720.1
Lab A,1339,ADL,2026-06-23,-2,6.167,0.0,720.5
Lab A,1339,ADL,2026-06-23,-2,6.333,0.0,720.2
Lab A,1339,ADL,2026-06-23,-2,6.5,0.0,719.3
Lab A,1339,ADL,2026-06-23,-2,6.667,0.0,719.1
Lab A,1339,ADL,2026-06-23,-2,6.833,0.0,719.0
Lab A,1339,ADL,2026-06-23,-2,7.0,0.0,718.8
Lab A,1339,ADL,2026-06-23,-2,7.167,0.0,718.9
Lab A,1339,ADL,2026-06-23,-2,7.333,0.0,718.0
Lab A,1339,ADL,2026-06-23,-2,7.5,0.0,718.9
Lab A,1339,ADL,2026-06-23,-2,7.667,0.0,718.6
Lab A,1339,ADL,2026-06-23,-2,7.833,0.0,718.5
Lab A,1339,ADL,2026-06-23,-2,8.0,0.0,719.0
Lab A,1339,ADL,2026-06-23,-2,8.167,0.0,718.6
Lab A,1339,ADL,2026-06-23,-2,8.333,0.0,717.5
Lab A,1339,ADL,2026-06-23,-2,8.5,13.7,709.6
Lab A,1339,ADL,2026-06-23,-2,8.667,0.0,718.3
Lab A,1339,ADL,2026-06-23,-2,8.833,0.0,718.8
Lab A,1339,ADL,2026-06-23,-2,9.0,0.0,718.6
Lab A,1339,ADL,2026-06-23,-2,9.167,0.0,718.5
Lab A,1339,ADL,2026-06-23,-2,9.333,0.0,718.5
Lab A,1339,ADL,2026-06-23,-2,9.5,0.0,719.0
Lab A,1339,ADL,2026-06-23,-2,9.667,0.0,719.2
Lab A,1339,ADL,2026-06-23,-2,9.833,0.0,717.7
Lab A,1339,ADL,2026-06-23,-2,10.0,0.0,719.0
Lab A,1339,ADL,2026-06-23,-2,10.167,5.4,716.9
Lab A,1339,ADL,2026-06-23,-2,10.333,3.0,717.0
Lab A,1339,ADL,2026-06-23,-2,10.5,0.0,718.6
Lab A,1339,ADL,2026-06-23,-2,10.667,0.0,717.7
Lab A,1339,ADL,2026-06-23,-2,10.833,0.0,717.7
Lab A,1339,ADL,2026-06-23,-2,11.0,0.0,717.7
Lab A,1339,ADL,2026-06-23,-2,11.167,0.0,718.0
Lab A,1339,ADL,2026-06-23,-2,11.333,0.0,717.0
Lab A,1339,ADL,2026-06-23,-2,11.5,0.0,718.4
Lab A,1339,ADL,2026-06-23,-2,11.667,0.0,716.6
Lab A,1339,ADL,2026-06-23,-2,11.833,1.5,658.0
Lab A,1339,ADL,2026-06-23,-2,12.0,23.6,623.8
Lab A,1339,ADL,2026-06-23,-2,12.167,14.8,678.9
Lab A,1339,ADL,2026-06-23,-2,12.333,0.0,681.8
Lab A,1339,ADL,2026-06-23,-2,12.5,0.0,691.2
Lab A,1339,ADL,2026-06-23,-2,12.667,0.0,693.9
Lab A,1339,ADL,2026-06-23,-2,12.833,0.0,694.6
Lab A,1339,ADL,2026-06-23,-2,13.0,0.0,694.6
Lab A,1339,ADL,2026-06-23,-2,13.167,0.0,693.4
Lab A,1339,ADL,2026-06-23,-2,13.333,1.1,692.9
Lab A,1339,ADL,2026-06-23,-2,13.5,1.9,692.2
Lab A,1339,ADL,2026-06-23,-2,13.667,0.0,694.1
Lab A,1339,ADL,2026-06-23,-2,13.833,0.0,694.9
Lab A,1339,ADL,2026-06-23,-2,14.0,0.0,693.7
Lab A,1339,ADL,2026-06-23,-2,14.167,0.0,695.3
Lab A,1339,ADL,2026-06-23,-2,14.333,0.0,695.0
Lab A,1339,ADL,2026-06-23,-2,14.5,0.0,694.3
Lab A,1339,ADL,2026-06-23,-2,14.667,2.9,691.5
Lab A,1339,ADL,2026-06-23,-2,14.833,3.1,690.5
Lab A,1339,ADL,2026-06-23,-2,15.0,0.0,692.7
Lab A,1339,ADL,2026-06-23,-2,15.167,0.0,692.0
Lab A,1339,ADL,2026-06-23,-2,15.333,0.0,693.0
Lab A,1339,ADL,2026-06-23,-2,15.5,0.0,692.6
Lab A,1339,ADL,2026-06-23,-2,15.667,0.0,692.9
Lab A,1339,ADL,2026-06-23,-2,15.833,0.9,692.9
Lab A,1339,ADL,2026-06-23,-2,16.0,0.0,693.7
Lab A,1339,ADL,2026-06-23,-2,16.167,0.0,693.2
Lab A,1339,ADL,2026-06-23,-2,16.333,0.0,693.1
Lab A,1339,ADL,2026-06-23,-2,16.5,1.0,692.2
Lab A,1339,ADL,2026-06-23,-2,16.667,0.0,692.7
Lab A,1339,ADL,2026-06-23,-2,16.833,0.0,693.1
Lab A,1339,ADL,2026-06-23,-2,17.0,0.0,623.9
Lab A,1339,ADL,2026-06-23,-2,17.167,23.7,0.0
Lab A,1339,ADL,2026-06-23,-2,17.333,30.5,0.0
Lab A,1339,ADL,2026-06-23,-2,17.5,14.3,0.0
Lab A,1339,ADL,2026-06-23,-2,17.667,29.7,0.0
Lab A,1339,ADL,2026-06-23,-2,17.833,7.6,0.0
Lab A,1339,ADL,2026-06-23,-2,18.0,0.0,0.0
Lab A,1339,ADL,2026-06-23,-2,18.167,0.0,0.0
Lab A,1339,ADL,2026-06-23,-2,18.333,0.0,0.0
Lab A,1339,ADL,2026-06-23,-2,18.5,0.2,0.0
Lab A,1339,ADL,2026-06-23,-2,18.667,3.4,0.0
Lab A,1339,ADL,2026-06-23,-2,18.833,3.8,0.0
Lab A,1339,ADL,2026-06-23,-2,19.0,0.0,0.0
Lab A,1339,ADL,2026-06-23,-2,19.167,1.0,0.0
Lab A,1339,ADL,2026-06-23,-2,19.333,0.0,0.0
Lab A,1339,ADL,2026-06-23,-2,19.5,0.0,0.0
Lab A,1339,ADL,2026-06-23,-2,19.667,3.4,0.0
Lab A,1339,ADL,2026-06-23,-2,19.833,43.2,0.0
Lab A,1339,ADL,2026-06-23,-2,20.0,45.0,0.0
Lab A,1339,ADL,2026-06-23,-2,20.167,6.8,0.0
Lab A,1339,ADL,2026-06-23,-2,20.333,0.0,0.0
Lab A,1339,ADL,2026-06-23,-2,20.5,0.0,0.0
Lab A,1339,ADL,2026-06-23,-2,20.667,0.0,0.0
Lab A,1339,ADL,2026-06-23,-2,20.833,4.1,0.0
Lab A,1339,ADL,2026-06-23,-2,21.0,12.0,0.0
Lab A,1339,ADL,2026-06-23,-2,21.167,0.0,0.0
Lab A,1339,ADL,2026-06-23,-2,21.333,0.0,0.0
Lab A,1339,ADL,2026-06-23,-2,21.5,1.4,0.0
Lab A,1339,ADL,2026-06-23,-2,21.667,35.0,0.0
Lab A,1339,ADL,2026-06-23,-2,21.833,0.0,0.0
Lab A,1339,ADL,2026-06-23,-2,22.0,0.0,0.0
Lab A,1339,ADL,2026-06-23,-2,22.167,0.0,0.0
Lab A,1339,ADL,2026-06-23,-2,22.333,0.0,0.0
Lab A,1339,ADL,2026-06-23,-2,22.5,6.8,0.0
Lab A,1339,ADL,2026-06-23,-2,22.667,4.1,0.0
Lab A,1339,ADL,2026-06-23,-2,22.833,0.0,0.0
Lab A,1339,ADL,2026-06-23,-2,23.0,0.0,0.0
Lab A,1339,ADL,2026-06-23,-2,23.167,0.2,0.0
Lab A,1339,ADL,2026-06-23,-2,23.333,26.5,0.0
Lab A,1339,ADL,2026-06-23,-2,23.5,50.9,0.0
Lab A,1339,ADL,2026-06-23,-2,23.667,27.6,0.0
Lab A,1339,ADL,2026-06-23,-2,23.833,11.3,0.0
Lab A,1339,ADL,2026-06-24,-1,0.0,20.9,0.0
Lab A,1339,ADL,2026-06-24,-1,0.167,0.0,0.0
Lab A,1339,ADL,2026-06-24,-1,0.333,0.0,0.0
Lab A,1339,ADL,2026-06-24,-1,0.5,0.0,0.0
Lab A,1339,ADL,2026-06-24,-1,0.667,0.0,0.0
Lab A,1339,ADL,2026-06-24,-1,0.833,0.0,0.0
Lab A,1339,ADL,2026-06-24,-1,1.0,0.0,0.0
Lab A,1339,ADL,2026-06-24,-1,1.167,17.7,0.0
Lab A,1339,ADL,2026-06-24,-1,1.333,8.1,0.0
Lab A,1339,ADL,2026-06-24,-1,1.5,0.0,0.0
Lab A,1339,ADL,2026-06-24,-1,1.667,0.0,0.0
Lab A,1339,ADL,2026-06-24,-1,1.833,0.0,0.0
Lab A,1339,ADL,2026-06-24,-1,2.0,0.0,0.0
Lab A,1339,ADL,2026-06-24,-1,2.167,3.0,0.0
Lab A,1339,ADL,2026-06-24,-1,2.333,7.3,0.0
Lab A,1339,ADL,2026-06-24,-1,2.5,0.0,0.0
Lab A,1339,ADL,2026-06-24,-1,2.667,0.0,0.0
Lab A,1339,ADL,2026-06-24,-1,2.833,13.5,0.0
Lab A,1339,ADL,2026-06-24,-1,3.0,25.1,0.0
Lab A,1339,ADL,2026-06-24,-1,3.167,32.0,0.0
Lab A,1339,ADL,2026-06-24,-1,3.333,43.2,0.0
Lab A,1339,ADL,2026-06-24,-1,3.5,17.4,0.0
Lab A,1339,ADL,2026-06-24,-1,3.667,24.9,0.0
Lab A,1339,ADL,2026-06-24,-1,3.833,28.5,0.0
Lab A,1339,ADL,2026-06-24,-1,4.0,27.5,0.0
Lab A,1339,ADL,2026-06-24,-1,4.167,16.5,0.0
Lab A,1339,ADL,2026-06-24,-1,4.333,12.2,0.0
Lab A,1339,ADL,2026-06-24,-1,4.5,19.9,0.0
Lab A,1339,ADL,2026-06-24,-1,4.667,21.2,0.0
Lab A,1339,ADL,2026-06-24,-1,4.833,14.0,0.0
Lab A,1340,ADL,2026-06-17,-8,5.0,42.6,0.0
Lab A,1340,ADL,2026-06-17,-8,5.167,54.2,632.2
Lab A,1340,ADL,2026-06-17,-8,5.333,26.7,631.4
Lab A,1340,ADL,2026-06-17,-8,5.5,1.0,630.0
Lab A,1340,ADL,2026-06-17,-8,5.667,2.2,628.9
Lab A,1340,ADL,2026-06-17,-8,5.833,1.4,628.9
Lab A,1340,ADL,2026-06-17,-8,6.0,3.9,628.7
Lab A,1340,ADL,2026-06-17,-8,6.167,1.0,628.7
Lab A,1340,ADL,2026-06-17,-8,6.333,3.5,628.8
Lab A,1340,ADL,2026-06-17,-8,6.5,34.1,626.2
Lab A,1340,ADL,2026-06-17,-8,6.667,39.3,612.5
Lab A,1340,ADL,2026-06-17,-8,6.833,51.7,615.7
Lab A,1340,ADL,2026-06-17,-8,7.0,54.4,618.0
Lab A,1340,ADL,2026-06-17,-8,7.167,11.2,623.4
Lab A,1340,ADL,2026-06-17,-8,7.333,,624.2
Lab A,1340,ADL,2026-06-17,-8,7.5,0.7,623.3
Lab A,1340,ADL,2026-06-17,-8,7.667,1.6,623.5
Lab A,1340,ADL,2026-06-17,-8,7.833,1.7,623.0
Lab A,1340,ADL,2026-06-17,-8,8.0,0.8,623.4
Lab A,1340,ADL,2026-06-17,-8,8.167,18.1,624.7
Lab A,1340,ADL,2026-06-17,-8,8.333,11.0,623.5
Lab A,1340,ADL,2026-06-17,-8,8.5,1.1,624.9
Lab A,1340,ADL,2026-06-17,-8,8.667,1.3,624.0
Lab A,1340,ADL,2026-06-17,-8,8.833,0.7,625.0
Lab A,1340,ADL,2026-06-17,-8,9.0,1.2,624.6
Lab A,1340,ADL,2026-06-17,-8,9.167,24.8,620.2
Lab A,1340,ADL,2026-06-17,-8,9.333,57.3,612.2
Lab A,1340,ADL,2026-06-17,-8,9.5,28.5,624.4
Lab A,1340,ADL,2026-06-17,-8,9.667,12.3,626.6
Lab A,1340,ADL,2026-06-17,-8,9.833,0.4,625.0
Lab A,1340,ADL,2026-06-17,-8,10.0,1.3,625.2
Lab A,1340,ADL,2026-06-17,-8,10.167,1.2,625.4
Lab A,1340,ADL,2026-06-17,-8,10.333,0.9,626.1
Lab A,1340,ADL,2026-06-17,-8,10.5,1.8,625.8
Lab A,1340,ADL,2026-06-17,-8,10.667,0.0,626.1
Lab A,1340,ADL,2026-06-17,-8,10.833,1.5,625.9
Lab A,1340,ADL,2026-06-17,-8,11.0,1.1,625.3
Lab A,1340,ADL,2026-06-17,-8,11.167,0.2,625.8
Lab A,1340,ADL,2026-06-17,-8,11.333,8.6,626.3
Lab A,1340,ADL,2026-06-17,-8,11.5,21.4,623.9
Lab A,1340,ADL,2026-06-17,-8,11.667,29.4,619.5
Lab A,1340,ADL,2026-06-17,-8,11.833,1.7,623.5
Lab A,1340,ADL,2026-06-17,-8,12.0,1.1,623.6
Lab A,1340,ADL,2026-06-17,-8,12.167,2.0,623.7
Lab A,1340,ADL,2026-06-17,-8,12.333,35.3,582.1
Lab A,1340,ADL,2026-06-17,-8,12.5,50.0,588.9
Lab A,1340,ADL,2026-06-17,-8,12.667,53.4,568.6
Lab A,1340,ADL,2026-06-17,-8,12.833,58.0,565.8
Lab A,1340,ADL,2026-06-17,-8,13.0,47.3,584.8
Lab A,1340,ADL,2026-06-17,-8,13.167,35.5,582.9
Lab A,1340,ADL,2026-06-17,-8,13.333,8.5,587.8
Lab A,1340,ADL,2026-06-17,-8,13.5,1.6,594.0
Lab A,1340,ADL,2026-06-17,-8,13.667,0.5,594.2
Lab A,1340,ADL,2026-06-17,-8,13.833,1.9,606.7
Lab A,1340,ADL,2026-06-17,-8,14.0,2.2,606.1
Lab A,1340,ADL,2026-06-17,-8,14.167,8.3,606.0
Lab A,1340,ADL,2026-06-17,-8,14.333,24.2,605.2
Lab A,1340,ADL,2026-06-17,-8,14.5,36.1,613.8
Lab A,1340,ADL,2026-06-17,-8,14.667,41.7,616.5
Lab A,1340,ADL,2026-06-17,-8,14.833,41.7,614.2
Lab A,1340,ADL,2026-06-17,-8,15.0,58.7,616.1
Lab A,1340,ADL,2026-06-17,-8,15.167,47.8,644.7
Lab A,1340,ADL,2026-06-17,-8,15.333,9.6,646.9
Lab A,1340,ADL,2026-06-17,-8,15.5,2.8,647.7
Lab A,1340,ADL,2026-06-17,-8,15.667,1.1,648.0
Lab A,1340,ADL,2026-06-17,-8,15.833,2.3,648.0
Lab A,1340,ADL,2026-06-17,-8,16.0,21.7,647.8
Lab A,1340,ADL,2026-06-17,-8,16.167,61.2,639.2
Lab A,1340,ADL,2026-06-17,-8,16.333,40.9,634.7
Lab A,1340,ADL,2026-06-17,-8,16.5,41.7,643.1
Lab A,1340,ADL,2026-06-17,-8,16.667,12.4,647.1
Lab A,1340,ADL,2026-06-17,-8,16.833,1.1,646.7
Lab A,1340,ADL,2026-06-17,-8,17.0,1.3,517.4
Lab A,1340,ADL,2026-06-17,-8,17.167,9.2,0.0
Lab A,1340,ADL,2026-06-17,-8,17.333,64.7,0.0
Lab A,1340,ADL,2026-06-17,-8,17.5,38.5,0.0
Lab A,1340,ADL,2026-06-17,-8,17.667,43.6,0.0
Lab A,1340,ADL,2026-06-17,-8,17.833,55.9,0.0
Lab A,1340,ADL,2026-06-17,-8,18.0,47.9,0.0
Lab A,1340,ADL,2026-06-17,-8,18.167,54.5,0.0
Lab A,1340,ADL,2026-06-17,-8,18.333,49.8,0.0
Lab A,1340,ADL,2026-06-17,-8,18.5,51.6,0.0
Lab A,1340,ADL,2026-06-17,-8,18.667,58.0,0.0
Lab A,1340,ADL,2026-06-17,-8,18.833,47.8,0.0
Lab A,1340,ADL,2026-06-17,-8,19.0,32.4,0.0
Lab A,1340,ADL,2026-06-17,-8,19.167,59.0,0.0
Lab A,1340,ADL,2026-06-17,-8,19.333,46.6,0.0
Lab A,1340,ADL,2026-06-17,-8,19.5,53.5,0.0
Lab A,1340,ADL,2026-06-17,-8,19.667,52.1,0.0
Lab A,1340,ADL,2026-06-17,-8,19.833,35.7,0.0
Lab A,1340,ADL,2026-06-17,-8,20.0,46.8,0.0
Lab A,1340,ADL,2026-06-17,-8,20.167,36.6,0.0
Lab A,1340,ADL,2026-06-17,-8,20.333,42.5,0.0
Lab A,1340,ADL,2026-06-17,-8,20.5,55.3,0.0
Lab A,1340,ADL,2026-06-17,-8,20.667,58.5,0.0
Lab A,1340,ADL,2026-06-17,-8,20.833,48.5,0.0
Lab A,1340,ADL,2026-06-17,-8,21.0,50.8,0.0
Lab A,1340,ADL,2026-06-17,-8,21.167,53.5,0.0
Lab A,1340,ADL,2026-06-17,-8,21.333,61.9,0.0
Lab A,1340,ADL,2026-06-17,-8,21.5,54.6,0.0
Lab A,1340,ADL,2026-06-17,-8,21.667,21.1,0.0
Lab A,1340,ADL,2026-06-17,-8,21.833,41.2,0.0
Lab A,1340,ADL,2026-06-17,-8,22.0,26.2,0.0
Lab A,1340,ADL,2026-06-17,-8,22.167,2.0,0.0
Lab A,1340,ADL,2026-06-17,-8,22.333,39.2,0.0
Lab A,1340,ADL,2026-06-17,-8,22.5,52.1,0.0
Lab A,1340,ADL,2026-06-17,-8,22.667,23.0,0.0
Lab A,1340,ADL,2026-06-17,-8,22.833,4.5,0.0
Lab A,1340,ADL,2026-06-17,-8,23.0,7.0,0.0
Lab A,1340,ADL,2026-06-17,-8,23.167,6.7,0.0
Lab A,1340,ADL,2026-06-17,-8,23.333,5.9,0.0
Lab A,1340,ADL,2026-06-17,-8,23.5,1.9,0.0
Lab A,1340,ADL,2026-06-17,-8,23.667,1.5,0.0
Lab A,1340,ADL,2026-06-17,-8,23.833,10.4,0.0
Lab A,1340,ADL,2026-06-18,-7,0.0,52.2,0.0
Lab A,1340,ADL,2026-06-18,-7,0.167,52.2,0.0
Lab A,1340,ADL,2026-06-18,-7,0.333,62.8,0.0
Lab A,1340,ADL,2026-06-18,-7,0.5,60.9,0.0
Lab A,1340,ADL,2026-06-18,-7,0.667,46.1,0.0
Lab A,1340,ADL,2026-06-18,-7,0.833,64.8,0.0
Lab A,1340,ADL,2026-06-18,-7,1.0,48.0,0.0
Lab A,1340,ADL,2026-06-18,-7,1.167,44.7,0.0
Lab A,1340,ADL,2026-06-18,-7,1.333,54.5,0.0
Lab A,1340,ADL,2026-06-18,-7,1.5,40.4,0.0
Lab A,1340,ADL,2026-06-18,-7,1.667,31.2,0.0
Lab A,1340,ADL,2026-06-18,-7,1.833,2.6,0.0
Lab A,1340,ADL,2026-06-18,-7,2.0,0.6,0.0
Lab A,1340,ADL,2026-06-18,-7,2.167,6.0,0.0
Lab A,1340,ADL,2026-06-18,-7,2.333,1.5,0.0
Lab A,1340,ADL,2026-06-18,-7,2.5,1.5,0.0
Lab A,1340,ADL,2026-06-18,-7,2.667,0.2,0.0
Lab A,1340,ADL,2026-06-18,-7,2.833,1.9,0.0
Lab A,1340,ADL,2026-06-18,-7,3.0,2.9,0.0
Lab A,1340,ADL,2026-06-18,-7,3.167,36.8,0.0
Lab A,1340,ADL,2026-06-18,-7,3.333,18.3,0.0
Lab A,1340,ADL,2026-06-18,-7,3.5,3.7,0.0
Lab A,1340,ADL,2026-06-18,-7,3.667,1.7,0.0
Lab A,1340,ADL,2026-06-18,-7,3.833,1.5,0.0
Lab A,1340,ADL,2026-06-18,-7,4.0,33.5,0.0
Lab A,1340,ADL,2026-06-18,-7,4.167,51.6,0.0
Lab A,1340,ADL,2026-06-18,-7,4.333,61.6,0.0
Lab A,1340,ADL,2026-06-18,-7,4.5,47.1,0.0
Lab A,1340,ADL,2026-06-18,-7,4.667,24.8,0.0
Lab A,1340,ADL,2026-06-18,-7,4.833,10.2,0.0
Lab A,1340,ADL,2026-06-18,-7,5.0,1.9,0.0
Lab A,1340,ADL,2026-06-18,-7,5.167,0.6,661.1
Lab A,1340,ADL,2026-06-18,-7,5.333,3.5,656.0
Lab A,1340,ADL,2026-06-18,-7,5.5,0.0,654.8
Lab A,1340,ADL,2026-06-18,-7,5.667,22.8,651.2
Lab A,1340,ADL,2026-06-18,-7,5.833,53.2,651.4
Lab A,1340,ADL,2026-06-18,-7,6.0,53.0,648.2
Lab A,1340,ADL,2026-06-18,-7,6.167,11.6,655.2
Lab A,1340,ADL,2026-06-18,-7,6.333,4.3,655.7
Lab A,1340,ADL,2026-06-18,-7,6.5,2.1,656.2
Lab A,1340,ADL,2026-06-18,-7,6.667,3.7,656.1
Lab A,1340,ADL,2026-06-18,-7,6.833,2.1,656.1
Lab A,1340,ADL,2026-06-18,-7,7.0,1.4,656.4
Lab A,1340,ADL,2026-06-18,-7,7.167,4.5,655.7
Lab A,1340,ADL,2026-06-18,-7,7.333,1.9,655.9
Lab A,1340,ADL,2026-06-18,-7,7.5,2.0,655.5
Lab A,1340,ADL,2026-06-18,-7,7.667,1.8,655.4
Lab A,1340,ADL,2026-06-18,-7,7.833,2.1,655.1
Lab A,1340,ADL,2026-06-18,-7,8.0,1.1,655.0
Lab A,1340,ADL,2026-06-18,-7,8.167,4.6,654.5
Lab A,1340,ADL,2026-06-18,-7,8.333,10.6,654.8
Lab A,1340,ADL,2026-06-18,-7,8.5,16.6,653.6
Lab A,1340,ADL,2026-06-18,-7,8.667,39.8,647.7
Lab A,1340,ADL,2026-06-18,-7,8.833,32.6,643.9
Lab A,1340,ADL,2026-06-18,-7,9.0,1.3,645.8
Lab A,1340,ADL,2026-06-18,-7,9.167,0.7,645.4
Lab A,1340,ADL,2026-06-18,-7,9.333,0.5,643.9
Lab A,1340,ADL,2026-06-18,-7,9.5,0.8,645.2
Lab A,1340,ADL,2026-06-18,-7,9.667,1.8,644.8
Lab A,1340,ADL,2026-06-18,-7,9.833,0.0,644.9
Lab A,1340,ADL,2026-06-18,-7,10.0,0.2,645.0
Lab A,1340,ADL,2026-06-18,-7,10.167,1.0,645.7
Lab A,1340,ADL,2026-06-18,-7,10.333,2.0,644.9
Lab A,1340,ADL,2026-06-18,-7,10.5,1.3,645.3
Lab A,1340,ADL,2026-06-18,-7,10.667,22.8,625.1
Lab A,1340,ADL,2026-06-18,-7,10.833,23.3,615.2
Lab A,1340,ADL,2026-06-18,-7,11.0,9.3,624.3
Lab A,1340,ADL,2026-06-18,-7,11.167,24.7,586.1
Lab A,1340,ADL,2026-06-18,-7,11.333,37.7,620.1
Lab A,1340,ADL,2026-06-18,-7,11.5,39.8,623.8
Lab A,1340,ADL,2026-06-18,-7,11.667,3.0,621.2
Lab A,1340,ADL,2026-06-18,-7,11.833,0.6,621.1
Lab A,1340,ADL,2026-06-18,-7,12.0,4.5,621.5
Lab A,1340,ADL,2026-06-18,-7,12.167,0.4,621.8
Lab A,1340,ADL,2026-06-18,-7,12.333,12.7,623.3
Lab A,1340,ADL,2026-06-18,-7,12.5,14.6,623.2
Lab A,1340,ADL,2026-06-18,-7,12.667,4.7,622.9
Lab A,1340,ADL,2026-06-18,-7,12.833,11.2,622.2
Lab A,1340,ADL,2026-06-18,-7,13.0,5.0,621.8
Lab A,1340,ADL,2026-06-18,-7,13.167,1.4,622.0
Lab A,1340,ADL,2026-06-18,-7,13.333,0.8,622.4
Lab A,1340,ADL,2026-06-18,-7,13.5,1.7,658.7
Lab A,1340,ADL,2026-06-18,-7,13.667,0.5,668.1
Lab A,1340,ADL,2026-06-18,-7,13.833,2.2,667.9
Lab A,1340,ADL,2026-06-18,-7,14.0,0.9,667.9
Lab A,1340,ADL,2026-06-18,-7,14.167,12.4,667.7
Lab A,1340,ADL,2026-06-18,-7,14.333,15.8,667.1
Lab A,1340,ADL,2026-06-18,-7,14.5,30.5,667.5
Lab A,1340,ADL,2026-06-18,-7,14.667,1.0,668.3
Lab A,1340,ADL,2026-06-18,-7,14.833,3.6,668.5
Lab A,1340,ADL,2026-06-18,-7,15.0,0.9,668.3
Lab A,1340,ADL,2026-06-18,-7,15.167,1.0,668.6
Lab A,1340,ADL,2026-06-18,-7,15.333,6.5,670.0
Lab A,1340,ADL,2026-06-18,-7,15.5,19.8,670.2
Lab A,1340,ADL,2026-06-18,-7,15.667,0.1,670.8
Lab A,1340,ADL,2026-06-18,-7,15.833,0.2,670.2
Lab A,1340,ADL,2026-06-18,-7,16.0,24.7,670.6
Lab A,1340,ADL,2026-06-18,-7,16.167,16.6,670.6
Lab A,1340,ADL,2026-06-18,-7,16.333,3.4,670.9
Lab A,1340,ADL,2026-06-18,-7,16.5,4.7,671.0
Lab A,1340,ADL,2026-06-18,-7,16.667,1.8,671.2
Lab A,1340,ADL,2026-06-18,-7,16.833,6.4,671.1
Lab A,1340,ADL,2026-06-18,-7,17.0,20.2,538.7
Lab A,1340,ADL,2026-06-18,-7,17.167,47.5,0.0
Lab A,1340,ADL,2026-06-18,-7,17.333,43.2,0.0
Lab A,1340,ADL,2026-06-18,-7,17.5,23.4,0.0
Lab A,1340,ADL,2026-06-18,-7,17.667,34.6,0.0
Lab A,1340,ADL,2026-06-18,-7,17.833,23.1,0.0
Lab A,1340,ADL,2026-06-18,-7,18.0,16.4,0.0
Lab A,1340,ADL,2026-06-18,-7,18.167,11.4,0.0
Lab A,1340,ADL,2026-06-18,-7,18.333,6.2,0.0
Lab A,1340,ADL,2026-06-18,-7,18.5,3.3,0.0
Lab A,1340,ADL,2026-06-18,-7,18.667,10.7,0.0
Lab A,1340,ADL,2026-06-18,-7,18.833,18.1,0.0
Lab A,1340,ADL,2026-06-18,-7,19.0,42.6,0.0
Lab A,1340,ADL,2026-06-18,-7,19.167,46.5,0.0
Lab A,1340,ADL,2026-06-18,-7,19.333,17.6,0.0
Lab A,1340,ADL,2026-06-18,-7,19.5,6.9,0.0
Lab A,1340,ADL,2026-06-18,-7,19.667,14.9,0.0
Lab A,1340,ADL,2026-06-18,-7,19.833,26.6,0.0
Lab A,1340,ADL,2026-06-18,-7,20.0,18.3,0.0
Lab A,1340,ADL,2026-06-18,-7,20.167,8.7,0.0
Lab A,1340,ADL,2026-06-18,-7,20.333,12.4,0.0
Lab A,1340,ADL,2026-06-18,-7,20.5,3.1,0.0
Lab A,1340,ADL,2026-06-18,-7,20.667,1.2,0.0
Lab A,1340,ADL,2026-06-18,-7,20.833,15.3,0.0
Lab A,1340,ADL,2026-06-18,-7,21.0,33.8,0.0
Lab A,1340,ADL,2026-06-18,-7,21.167,19.5,0.0
Lab A,1340,ADL,2026-06-18,-7,21.333,5.4,0.0
Lab A,1340,ADL,2026-06-18,-7,21.5,14.5,0.0
Lab A,1340,ADL,2026-06-18,-7,21.667,6.7,0.0
Lab A,1340,ADL,2026-06-18,-7,21.833,8.2,0.0
Lab A,1340,ADL,2026-06-18,-7,22.0,19.1,0.0
Lab A,1340,ADL,2026-06-18,-7,22.167,28.3,0.0
Lab A,1340,ADL,2026-06-18,-7,22.333,36.0,0.0
Lab A,1340,ADL,2026-06-18,-7,22.5,35.6,0.0
Lab A,1340,ADL,2026-06-18,-7,22.667,30.3,0.0
Lab A,1340,ADL,2026-06-18,-7,22.833,31.9,0.0
Lab A,1340,ADL,2026-06-18,-7,23.0,16.9,0.0
Lab A,1340,ADL,2026-06-18,-7,23.167,4.5,0.0
Lab A,1340,ADL,2026-06-18,-7,23.333,2.3,0.0
Lab A,1340,ADL,2026-06-18,-7,23.5,2.5,0.0
Lab A,1340,ADL,2026-06-18,-7,23.667,0.4,0.0
Lab A,1340,ADL,2026-06-18,-7,23.833,2.8,0.0
Lab A,1340,ADL,2026-06-19,-6,0.0,6.3,0.0
Lab A,1340,ADL,2026-06-19,-6,0.167,50.6,0.0
Lab A,1340,ADL,2026-06-19,-6,0.333,30.0,0.0
Lab A,1340,ADL,2026-06-19,-6,0.5,32.5,0.0
Lab A,1340,ADL,2026-06-19,-6,0.667,20.2,0.0
Lab A,1340,ADL,2026-06-19,-6,0.833,4.3,0.0
Lab A,1340,ADL,2026-06-19,-6,1.0,1.6,0.0
Lab A,1340,ADL,2026-06-19,-6,1.167,1.1,0.0
Lab A,1340,ADL,2026-06-19,-6,1.333,7.2,0.0
Lab A,1340,ADL,2026-06-19,-6,1.5,21.9,0.0
Lab A,1340,ADL,2026-06-19,-6,1.667,3.4,0.0
Lab A,1340,ADL,2026-06-19,-6,1.833,3.6,0.0
Lab A,1340,ADL,2026-06-19,-6,2.0,24.9,0.0
Lab A,1340,ADL,2026-06-19,-6,2.167,21.4,0.0
Lab A,1340,ADL,2026-06-19,-6,2.333,26.9,0.0
Lab A,1340,ADL,2026-06-19,-6,2.5,6.5,0.0
Lab A,1340,ADL,2026-06-19,-6,2.667,3.0,0.0
Lab A,1340,ADL,2026-06-19,-6,2.833,14.2,0.0
Lab A,1340,ADL,2026-06-19,-6,3.0,13.6,0.0
Lab A,1340,ADL,2026-06-19,-6,3.167,22.4,0.0
Lab A,1340,ADL,2026-06-19,-6,3.333,60.8,0.0
Lab A,1340,ADL,2026-06-19,-6,3.5,22.0,0.0
Lab A,1340,ADL,2026-06-19,-6,3.667,17.7,0.0
Lab A,1340,ADL,2026-06-19,-6,3.833,2.4,0.0
Lab A,1340,ADL,2026-06-19,-6,4.0,11.3,0.0
Lab A,1340,ADL,2026-06-19,-6,4.167,33.7,0.0
Lab A,1340,ADL,2026-06-19,-6,4.333,27.9,0.0
Lab A,1340,ADL,2026-06-19,-6,4.5,29.5,0.0
Lab A,1340,ADL,2026-06-19,-6,4.667,15.1,0.0
Lab A,1340,ADL,2026-06-19,-6,4.833,21.4,0.0
Lab A,1340,ADL,2026-06-19,-6,5.0,4.3,0.0
Lab A,1340,ADL,2026-06-19,-6,5.167,0.6,683.1
Lab A,1340,ADL,2026-06-19,-6,5.333,2.1,677.6
Lab A,1340,ADL,2026-06-19,-6,5.5,7.4,675.7
Lab A,1340,ADL,2026-06-19,-6,5.667,23.2,674.9
Lab A,1340,ADL,2026-06-19,-6,5.833,1.6,675.2
Lab A,1340,ADL,2026-06-19,-6,6.0,1.8,675.5
Lab A,1340,ADL,2026-06-19,-6,6.167,2.3,674.0
Lab A,1340,ADL,2026-06-19,-6,6.333,4.3,674.3
Lab A,1340,ADL,2026-06-19,-6,6.5,2.4,674.1
Lab A,1340,ADL,2026-06-19,-6,6.667,11.4,673.9
Lab A,1340,ADL,2026-06-19,-6,6.833,14.8,672.7
Lab A,1340,ADL,2026-06-19,-6,7.0,46.9,664.8
Lab A,1340,ADL,2026-06-19,-6,7.167,43.7,662.1
Lab A,1340,ADL,2026-06-19,-6,7.333,31.7,664.1
Lab A,1340,ADL,2026-06-19,-6,7.5,48.8,664.5
Lab A,1340,ADL,2026-06-19,-6,7.667,28.9,673.4
Lab A,1340,ADL,2026-06-19,-6,7.833,3.1,674.3
Lab A,1340,ADL,2026-06-19,-6,8.0,0.9,674.9
Lab A,1340,ADL,2026-06-19,-6,8.167,0.9,675.1
Lab A,1340,ADL,2026-06-19,-6,8.333,1.3,674.9
Lab A,1340,ADL,2026-06-19,-6,8.5,1.2,675.4
Lab A,1340,ADL,2026-06-19,-6,8.667,1.6,674.7
Lab A,1340,ADL,2026-06-19,-6,8.833,0.9,674.8
Lab A,1340,ADL,2026-06-19,-6,9.0,0.0,675.0
Lab A,1340,ADL,2026-06-19,-6,9.167,1.2,674.9
Lab A,1340,ADL,2026-06-19,-6,9.333,0.3,675.1
Lab A,1340,ADL,2026-06-19,-6,9.5,2.7,675.7
Lab A,1340,ADL,2026-06-19,-6,9.667,3.0,674.0
Lab A,1340,ADL,2026-06-19,-6,9.833,11.2,676.3
Lab A,1340,ADL,2026-06-19,-6,10.0,5.3,675.0
Lab A,1340,ADL,2026-06-19,-6,10.167,0.2,674.3
Lab A,1340,ADL,2026-06-19,-6,10.333,0.1,675.2
Lab A,1340,ADL,2026-06-19,-6,10.5,0.2,675.3
Lab A,1340,ADL,2026-06-19,-6,10.667,0.0,674.9
Lab A,1340,ADL,2026-06-19,-6,10.833,0.8,675.3
Lab A,1340,ADL,2026-06-19,-6,11.0,,
Lab A,1340,ADL,2026-06-19,-6,11.167,0.4,675.0
Lab A,1340,ADL,2026-06-19,-6,11.333,21.3,629.2
Lab A,1340,ADL,2026-06-19,-6,11.5,39.8,611.6
Lab A,1340,ADL,2026-06-19,-6,11.667,21.2,648.1
Lab A,1340,ADL,2026-06-19,-6,11.833,11.2,657.4
Lab A,1340,ADL,2026-06-19,-6,12.0,1.4,657.6
Lab A,1340,ADL,2026-06-19,-6,12.167,0.6,657.9
Lab A,1340,ADL,2026-06-19,-6,12.333,1.4,658.3
Lab A,1340,ADL,2026-06-19,-6,12.5,1.0,658.4
Lab A,1340,ADL,2026-06-19,-6,12.667,1.8,657.9
Lab A,1340,ADL,2026-06-19,-6,12.833,9.8,656.8
Lab A,1340,ADL,2026-06-19,-6,13.0,15.9,658.6
Lab A,1340,ADL,2026-06-19,-6,13.167,1.1,658.8
Lab A,1340,ADL,2026-06-19,-6,13.333,1.0,658.4
Lab A,1340,ADL,2026-06-19,-6,13.5,1.9,658.9
Lab A,1340,ADL,2026-06-19,-6,13.667,5.7,658.5
Lab A,1340,ADL,2026-06-19,-6,13.833,10.9,658.5
Lab A,1340,ADL,2026-06-19,-6,14.0,0.3,659.2
Lab A,1340,ADL,2026-06-19,-6,14.167,2.3,658.8
Lab A,1340,ADL,2026-06-19,-6,14.333,2.8,658.5
Lab A,1340,ADL,2026-06-19,-6,14.5,4.6,658.4
Lab A,1340,ADL,2026-06-19,-6,14.667,21.2,656.5
Lab A,1340,ADL,2026-06-19,-6,14.833,0.3,657.3
Lab A,1340,ADL,2026-06-19,-6,15.0,0.5,658.0
Lab A,1340,ADL,2026-06-19,-6,15.167,0.0,658.3
Lab A,1340,ADL,2026-06-19,-6,15.333,1.1,657.8
Lab A,1340,ADL,2026-06-19,-6,15.5,2.8,658.0
Lab A,1340,ADL,2026-06-19,-6,15.667,18.4,656.2
Lab A,1340,ADL,2026-06-19,-6,15.833,14.2,659.4
Lab A,1340,ADL,2026-06-19,-6,16.0,5.8,660.5
Lab A,1340,ADL,2026-06-19,-6,16.167,6.4,659.7
Lab A,1340,ADL,2026-06-19,-6,16.333,3.9,659.1
Lab A,1340,ADL,2026-06-19,-6,16.5,0.2,660.1
Lab A,1340,ADL,2026-06-19,-6,16.667,2.6,658.4
Lab A,1340,ADL,2026-06-19,-6,16.833,8.5,658.1
Lab A,1340,ADL,2026-06-19,-6,17.0,1.1,527.9
Lab A,1340,ADL,2026-06-19,-6,17.167,14.6,0.0
Lab A,1340,ADL,2026-06-19,-6,17.333,8.1,0.0
Lab A,1340,ADL,2026-06-19,-6,17.5,7.1,0.0
Lab A,1340,ADL,2026-06-19,-6,17.667,39.8,0.0
Lab A,1340,ADL,2026-06-19,-6,17.833,22.6,0.0
Lab A,1340,ADL,2026-06-19,-6,18.0,49.4,0.0
Lab A,1340,ADL,2026-06-19,-6,18.167,24.3,0.0
Lab A,1340,ADL,2026-06-19,-6,18.333,28.9,0.0
Lab A,1340,ADL,2026-06-19,-6,18.5,41.4,0.0
Lab A,1340,ADL,2026-06-19,-6,18.667,20.2,0.0
Lab A,1340,ADL,2026-06-19,-6,18.833,0.8,0.0
Lab A,1340,ADL,2026-06-19,-6,19.0,0.0,0.0
Lab A,1340,ADL,2026-06-19,-6,19.167,22.6,0.0
Lab A,1340,ADL,2026-06-19,-6,19.333,9.4,0.0
Lab A,1340,ADL,2026-06-19,-6,19.5,1.6,0.0
Lab A,1340,ADL,2026-06-19,-6,19.667,2.8,0.0
Lab A,1340,ADL,2026-06-19,-6,19.833,6.2,0.0
Lab A,1340,ADL,2026-06-19,-6,20.0,21.5,0.0
Lab A,1340,ADL,2026-06-19,-6,20.167,8.6,0.0
Lab A,1340,ADL,2026-06-19,-6,20.333,1.5,0.0
Lab A,1340,ADL,2026-06-19,-6,20.5,9.3,0.0
Lab A,1340,ADL,2026-06-19,-6,20.667,8.6,0.0
Lab A,1340,ADL,2026-06-19,-6,20.833,41.5,0.0
Lab A,1340,ADL,2026-06-19,-6,21.0,36.1,0.0
Lab A,1340,ADL,2026-06-19,-6,21.167,43.1,0.0
Lab A,1340,ADL,2026-06-19,-6,21.333,58.6,0.0
Lab A,1340,ADL,2026-06-19,-6,21.5,50.9,0.0
Lab A,1340,ADL,2026-06-19,-6,21.667,28.3,0.0
Lab A,1340,ADL,2026-06-19,-6,21.833,52.2,0.0
Lab A,1340,ADL,2026-06-19,-6,22.0,39.2,0.0
Lab A,1340,ADL,2026-06-19,-6,22.167,7.1,0.0
Lab A,1340,ADL,2026-06-19,-6,22.333,1.5,0.0
Lab A,1340,ADL,2026-06-19,-6,22.5,1.7,0.0
Lab A,1340,ADL,2026-06-19,-6,22.667,4.6,0.0
Lab A,1340,ADL,2026-06-19,-6,22.833,12.4,0.0
Lab A,1340,ADL,2026-06-19,-6,23.0,33.1,0.0
Lab A,1340,ADL,2026-06-19,-6,23.167,36.0,0.0
Lab A,1340,ADL,2026-06-19,-6,23.333,7.6,0.0
Lab A,1340,ADL,2026-06-19,-6,23.5,0.3,0.0
Lab A,1340,ADL,2026-06-19,-6,23.667,0.7,0.0
Lab A,1340,ADL,2026-06-19,-6,23.833,0.7,0.0
Lab A,1340,ADL,2026-06-20,-5,0.0,0.3,0.0
Lab A,1340,ADL,2026-06-20,-5,0.167,3.7,0.0
Lab A,1340,ADL,2026-06-20,-5,0.333,12.9,0.0
Lab A,1340,ADL,2026-06-20,-5,0.5,15.5,0.0
Lab A,1340,ADL,2026-06-20,-5,0.667,27.4,0.0
Lab A,1340,ADL,2026-06-20,-5,0.833,0.6,0.0
Lab A,1340,ADL,2026-06-20,-5,1.0,2.9,0.0
Lab A,1340,ADL,2026-06-20,-5,1.167,6.0,0.0
Lab A,1340,ADL,2026-06-20,-5,1.333,1.0,0.0
Lab A,1340,ADL,2026-06-20,-5,1.5,9.0,0.0
Lab A,1340,ADL,2026-06-20,-5,1.667,20.1,0.0
Lab A,1340,ADL,2026-06-20,-5,1.833,2.2,0.0
Lab A,1340,ADL,2026-06-20,-5,2.0,6.8,0.0
Lab A,1340,ADL,2026-06-20,-5,2.167,19.3,0.0
Lab A,1340,ADL,2026-06-20,-5,2.333,,0.0
Lab A,1340,ADL,2026-06-20,-5,2.5,10.4,0.0
Lab A,1340,ADL,2026-06-20,-5,2.667,3.7,0.0
Lab A,1340,ADL,2026-06-20,-5,2.833,0.9,0.0
Lab A,1340,ADL,2026-06-20,-5,3.0,23.0,0.0
Lab A,1340,ADL,2026-06-20,-5,3.167,22.5,0.0
Lab A,1340,ADL,2026-06-20,-5,3.333,,
Lab A,1340,ADL,2026-06-20,-5,3.5,33.7,0.0
Lab A,1340,ADL,2026-06-20,-5,3.667,44.8,0.0
Lab A,1340,ADL,2026-06-20,-5,3.833,34.5,0.0
Lab A,1340,ADL,2026-06-20,-5,4.0,28.5,0.0
Lab A,1340,ADL,2026-06-20,-5,4.167,27.2,0.0
Lab A,1340,ADL,2026-06-20,-5,4.333,2.1,0.0
Lab A,1340,ADL,2026-06-20,-5,4.5,1.6,0.0
Lab A,1340,ADL,2026-06-20,-5,4.667,2.9,0.0
Lab A,1340,ADL,2026-06-20,-5,4.833,5.2,0.0
Lab A,1340,ADL,2026-06-20,-5,5.0,8.3,0.0
Lab A,1340,ADL,2026-06-20,-5,5.167,13.3,610.3
Lab A,1340,ADL,2026-06-20,-5,5.333,3.5,673.5
Lab A,1340,ADL,2026-06-20,-5,5.5,1.6,672.5
Lab A,1340,ADL,2026-06-20,-5,5.667,3.3,671.0
Lab A,1340,ADL,2026-06-20,-5,5.833,0.3,669.4
Lab A,1340,ADL,2026-06-20,-5,6.0,0.0,669.7
Lab A,1340,ADL,2026-06-20,-5,6.167,8.6,668.6
Lab A,1340,ADL,2026-06-20,-5,6.333,1.7,668.8
Lab A,1340,ADL,2026-06-20,-5,6.5,8.4,664.6
Lab A,1340,ADL,2026-06-20,-5,6.667,23.1,662.5
Lab A,1340,ADL,2026-06-20,-5,6.833,18.5,668.7
Lab A,1340,ADL,2026-06-20,-5,7.0,1.5,670.1
Lab A,1340,ADL,2026-06-20,-5,7.167,0.5,670.2
Lab A,1340,ADL,2026-06-20,-5,7.333,0.4,670.1
Lab A,1340,ADL,2026-06-20,-5,7.5,0.9,669.0
Lab A,1340,ADL,2026-06-20,-5,7.667,0.2,667.8
Lab A,1340,ADL,2026-06-20,-5,7.833,0.4,669.0
Lab A,1340,ADL,2026-06-20,-5,8.0,2.0,668.8
Lab A,1340,ADL,2026-06-20,-5,8.167,13.9,667.6
Lab A,1340,ADL,2026-06-20,-5,8.333,14.9,669.5
Lab A,1340,ADL,2026-06-20,-5,8.5,0.3,668.8
Lab A,1340,ADL,2026-06-20,-5,8.667,0.2,670.1
Lab A,1340,ADL,2026-06-20,-5,8.833,0.7,669.2
Lab A,1340,ADL,2026-06-20,-5,9.0,0.0,669.1
Lab A,1340,ADL,2026-06-20,-5,9.167,0.6,669.3
Lab A,1340,ADL,2026-06-20,-5,9.333,0.6,669.2
Lab A,1340,ADL,2026-06-20,-5,9.5,0.1,668.4
Lab A,1340,ADL,2026-06-20,-5,9.667,0.1,668.1
Lab A,1340,ADL,2026-06-20,-5,9.833,0.7,669.0
Lab A,1340,ADL,2026-06-20,-5,10.0,4.4,669.0
Lab A,1340,ADL,2026-06-20,-5,10.167,16.5,666.8
Lab A,1340,ADL,2026-06-20,-5,10.333,23.6,664.3
Lab A,1340,ADL,2026-06-20,-5,10.5,7.1,667.6
Lab A,1340,ADL,2026-06-20,-5,10.667,0.1,660.2
Lab A,1340,ADL,2026-06-20,-5,10.833,0.7,677.1
Lab A,1340,ADL,2026-06-20,-5,11.0,0.2,659.3
Lab A,1340,ADL,2026-06-20,-5,11.167,30.4,618.4
Lab A,1340,ADL,2026-06-20,-5,11.333,21.8,676.8
Lab A,1340,ADL,2026-06-20,-5,11.5,13.9,679.5
Lab A,1340,ADL,2026-06-20,-5,11.667,0.2,680.9
Lab A,1340,ADL,2026-06-20,-5,11.833,0.4,682.0
Lab A,1340,ADL,2026-06-20,-5,12.0,0.2,682.0
Lab A,1340,ADL,2026-06-20,-5,12.167,0.3,680.1
Lab A,1340,ADL,2026-06-20,-5,12.333,0.4,679.7
Lab A,1340,ADL,2026-06-20,-5,12.5,0.3,679.9
Lab A,1340,ADL,2026-06-20,-5,12.667,6.3,679.6
Lab A,1340,ADL,2026-06-20,-5,12.833,4.7,679.7
Lab A,1340,ADL,2026-06-20,-5,13.0,0.0,680.6
Lab A,1340,ADL,2026-06-20,-5,13.167,0.0,680.9
Lab A,1340,ADL,2026-06-20,-5,13.333,0.1,679.7
Lab A,1340,ADL,2026-06-20,-5,13.5,0.1,680.5
Lab A,1340,ADL,2026-06-20,-5,13.667,0.0,680.0
Lab A,1340,ADL,2026-06-20,-5,13.833,0.7,680.6
Lab A,1340,ADL,2026-06-20,-5,14.0,0.4,680.2
Lab A,1340,ADL,2026-06-20,-5,14.167,2.7,680.3
Lab A,1340,ADL,2026-06-20,-5,14.333,7.8,679.6
Lab A,1340,ADL,2026-06-20,-5,14.5,14.5,678.4
Lab A,1340,ADL,2026-06-20,-5,14.667,1.8,679.8
Lab A,1340,ADL,2026-06-20,-5,14.833,0.0,679.4
Lab A,1340,ADL,2026-06-20,-5,15.0,0.0,679.7
Lab A,1340,ADL,2026-06-20,-5,15.167,0.3,679.6
Lab A,1340,ADL,2026-06-20,-5,15.333,0.0,679.9
Lab A,1340,ADL,2026-06-20,-5,15.5,10.3,679.9
Lab A,1340,ADL,2026-06-20,-5,15.667,1.5,679.6
Lab A,1340,ADL,2026-06-20,-5,15.833,0.2,679.1
Lab A,1340,ADL,2026-06-20,-5,16.0,1.1,678.9
Lab A,1340,ADL,2026-06-20,-5,16.167,0.2,679.4
Lab A,1340,ADL,2026-06-20,-5,16.333,1.6,679.3
Lab A,1340,ADL,2026-06-20,-5,16.5,9.5,678.4
Lab A,1340,ADL,2026-06-20,-5,16.667,0.4,679.6
Lab A,1340,ADL,2026-06-20,-5,16.833,0.4,678.6
Lab A,1340,ADL,2026-06-20,-5,17.0,10.3,540.9
Lab A,1340,ADL,2026-06-20,-5,17.167,16.7,0.0
Lab A,1340,ADL,2026-06-20,-5,17.333,2.3,0.0
Lab A,1340,ADL,2026-06-20,-5,17.5,12.9,0.0
Lab A,1340,ADL,2026-06-20,-5,17.667,35.9,0.0
Lab A,1340,ADL,2026-06-20,-5,17.833,12.3,0.0
Lab A,1340,ADL,2026-06-20,-5,18.0,3.6,0.0
Lab A,1340,ADL,2026-06-20,-5,18.167,2.2,0.0
Lab A,1340,ADL,2026-06-20,-5,18.333,13.0,0.0
Lab A,1340,ADL,2026-06-20,-5,18.5,40.7,0.0
Lab A,1340,ADL,2026-06-20,-5,18.667,28.9,0.0
Lab A,1340,ADL,2026-06-20,-5,18.833,39.2,0.0
Lab A,1340,ADL,2026-06-20,-5,19.0,43.8,0.0
Lab A,1340,ADL,2026-06-20,-5,19.167,9.8,0.0
Lab A,1340,ADL,2026-06-20,-5,19.333,0.5,0.0
Lab A,1340,ADL,2026-06-20,-5,19.5,1.2,0.0
Lab A,1340,ADL,2026-06-20,-5,19.667,12.5,0.0
Lab A,1340,ADL,2026-06-20,-5,19.833,0.5,0.0
Lab A,1340,ADL,2026-06-20,-5,20.0,1.3,0.0
Lab A,1340,ADL,2026-06-20,-5,20.167,2.0,0.0
Lab A,1340,ADL,2026-06-20,-5,20.333,14.4,0.0
Lab A,1340,ADL,2026-06-20,-5,20.5,65.1,0.0
Lab A,1340,ADL,2026-06-20,-5,20.667,17.8,0.0
Lab A,1340,ADL,2026-06-20,-5,20.833,24.9,0.0
Lab A,1340,ADL,2026-06-20,-5,21.0,44.4,0.0
Lab A,1340,ADL,2026-06-20,-5,21.167,28.5,0.0
Lab A,1340,ADL,2026-06-20,-5,21.333,4.0,0.0
Lab A,1340,ADL,2026-06-20,-5,21.5,1.3,0.0
Lab A,1340,ADL,2026-06-20,-5,21.667,10.9,0.0
Lab A,1340,ADL,2026-06-20,-5,21.833,37.3,0.0
Lab A,1340,ADL,2026-06-20,-5,22.0,42.5,0.0
Lab A,1340,ADL,2026-06-20,-5,22.167,33.7,0.0
Lab A,1340,ADL,2026-06-20,-5,22.333,16.2,0.0
Lab A,1340,ADL,2026-06-20,-5,22.5,0.3,0.0
Lab A,1340,ADL,2026-06-20,-5,22.667,0.4,0.0
Lab A,1340,ADL,2026-06-20,-5,22.833,1.4,0.0
Lab A,1340,ADL,2026-06-20,-5,23.0,0.3,0.0
Lab A,1340,ADL,2026-06-20,-5,23.167,12.3,0.0
Lab A,1340,ADL,2026-06-20,-5,23.333,48.5,0.0
Lab A,1340,ADL,2026-06-20,-5,23.5,36.2,0.0
Lab A,1340,ADL,2026-06-20,-5,23.667,47.7,0.0
Lab A,1340,ADL,2026-06-20,-5,23.833,13.4,0.0
Lab A,1340,ADL,2026-06-21,-4,0.0,0.0,0.0
Lab A,1340,ADL,2026-06-21,-4,0.167,0.5,0.0
Lab A,1340,ADL,2026-06-21,-4,0.333,2.8,0.0
Lab A,1340,ADL,2026-06-21,-4,0.5,1.5,0.0
Lab A,1340,ADL,2026-06-21,-4,0.667,20.4,0.0
Lab A,1340,ADL,2026-06-21,-4,0.833,2.5,0.0
Lab A,1340,ADL,2026-06-21,-4,1.0,1.2,0.0
Lab A,1340,ADL,2026-06-21,-4,1.167,0.4,0.0
Lab A,1340,ADL,2026-06-21,-4,1.333,4.8,0.0
Lab A,1340,ADL,2026-06-21,-4,1.5,9.2,0.0
Lab A,1340,ADL,2026-06-21,-4,1.667,3.1,0.0
Lab A,1340,ADL,2026-06-21,-4,1.833,10.0,0.0
Lab A,1340,ADL,2026-06-21,-4,2.0,0.8,0.0
Lab A,1340,ADL,2026-06-21,-4,2.167,2.9,0.0
Lab A,1340,ADL,2026-06-21,-4,2.333,15.8,0.0
Lab A,1340,ADL,2026-06-21,-4,2.5,8.9,0.0
Lab A,1340,ADL,2026-06-21,-4,2.667,0.2,0.0
Lab A,1340,ADL,2026-06-21,-4,2.833,2.7,0.0
Lab A,1340,ADL,2026-06-21,-4,3.0,6.1,0.0
Lab A,1340,ADL,2026-06-21,-4,3.167,18.2,0.0
Lab A,1340,ADL,2026-06-21,-4,3.333,0.0,0.0
Lab A,1340,ADL,2026-06-21,-4,3.5,0.7,0.0
Lab A,1340,ADL,2026-06-21,-4,3.667,1.7,0.0
Lab A,1340,ADL,2026-06-21,-4,3.833,29.0,0.0
Lab A,1340,ADL,2026-06-21,-4,4.0,57.7,0.0
Lab A,1340,ADL,2026-06-21,-4,4.167,20.3,0.0
Lab A,1340,ADL,2026-06-21,-4,4.333,0.1,0.0
Lab A,1340,ADL,2026-06-21,-4,4.5,0.0,0.0
Lab A,1340,ADL,2026-06-21,-4,4.667,0.7,0.0
Lab A,1340,ADL,2026-06-21,-4,4.833,7.6,0.0
Lab A,1340,ADL,2026-06-21,-4,5.0,23.4,0.0
Lab A,1340,ADL,2026-06-21,-4,5.167,7.7,626.8
Lab A,1340,ADL,2026-06-21,-4,5.333,0.9,691.8
Lab A,1340,ADL,2026-06-21,-4,5.5,0.2,690.9
Lab A,1340,ADL,2026-06-21,-4,5.667,0.0,689.9
Lab A,1340,ADL,2026-06-21,-4,5.833,0.9,690.2
Lab A,1340,ADL,2026-06-21,-4,6.0,0.0,689.7
Lab A,1340,ADL,2026-06-21,-4,6.167,0.8,690.0
Lab A,1340,ADL,2026-06-21,-4,6.333,0.6,689.8
Lab A,1340,ADL,2026-06-21,-4,6.5,4.3,689.3
Lab A,1340,ADL,2026-06-21,-4,6.667,15.3,685.5
Lab A,1340,ADL,2026-06-21,-4,6.833,1.9,686.5
Lab A,1340,ADL,2026-06-21,-4,7.0,0.1,687.4
Lab A,1340,ADL,2026-06-21,-4,7.167,0.0,687.1
Lab A,1340,ADL,2026-06-21,-4,7.333,0.0,686.4
Lab A,1340,ADL,2026-06-21,-4,7.5,0.0,686.2
Lab A,1340,ADL,2026-06-21,-4,7.667,0.0,686.4
Lab A,1340,ADL,2026-06-21,-4,7.833,0.6,685.9
Lab A,1340,ADL,2026-06-21,-4,8.0,1.0,686.2
Lab A,1340,ADL,2026-06-21,-4,8.167,11.8,683.3
Lab A,1340,ADL,2026-06-21,-4,8.333,3.6,686.7
Lab A,1340,ADL,2026-06-21,-4,8.5,0.1,686.7
Lab A,1340,ADL,2026-06-21,-4,8.667,0.0,685.7
Lab A,1340,ADL,2026-06-21,-4,8.833,0.0,685.8
Lab A,1340,ADL,2026-06-21,-4,9.0,0.0,686.6
Lab A,1340,ADL,2026-06-21,-4,9.167,0.3,685.8
Lab A,1340,ADL,2026-06-21,-4,9.333,0.0,684.3
Lab A,1340,ADL,2026-06-21,-4,9.5,0.0,686.6
Lab A,1340,ADL,2026-06-21,-4,9.667,0.1,686.4
Lab A,1340,ADL,2026-06-21,-4,9.833,0.2,686.4
Lab A,1340,ADL,2026-06-21,-4,10.0,0.0,685.6
Lab A,1340,ADL,2026-06-21,-4,10.167,0.4,685.6
Lab A,1340,ADL,2026-06-21,-4,10.333,5.9,685.8
Lab A,1340,ADL,2026-06-21,-4,10.5,22.3,682.6
Lab A,1340,ADL,2026-06-21,-4,10.667,36.0,681.8
Lab A,1340,ADL,2026-06-21,-4,10.833,32.2,686.8
Lab A,1340,ADL,2026-06-21,-4,11.0,3.3,689.1
Lab A,1340,ADL,2026-06-21,-4,11.167,0.1,689.5
Lab A,1340,ADL,2026-06-21,-4,11.333,0.0,689.7
Lab A,1340,ADL,2026-06-21,-4,11.5,0.0,689.3
Lab A,1340,ADL,2026-06-21,-4,11.667,0.3,689.5
Lab A,1340,ADL,2026-06-21,-4,11.833,0.2,689.4
Lab A,1340,ADL,2026-06-21,-4,12.0,0.1,690.3
Lab A,1340,ADL,2026-06-21,-4,12.167,0.0,689.4
Lab A,1340,ADL,2026-06-21,-4,12.333,0.2,689.7
Lab A,1340,ADL,2026-06-21,-4,12.5,2.7,689.2
Lab A,1340,ADL,2026-06-21,-4,12.667,6.8,689.4
Lab A,1340,ADL,2026-06-21,-4,12.833,17.4,686.3
Lab A,1340,ADL,2026-06-21,-4,13.0,1.7,689.6
Lab A,1340,ADL,2026-06-21,-4,13.167,0.0,689.7
Lab A,1340,ADL,2026-06-21,-4,13.333,0.0,689.9
Lab A,1340,ADL,2026-06-21,-4,13.5,25.0,631.6
Lab A,1340,ADL,2026-06-21,-4,13.667,25.8,641.0
Lab A,1340,ADL,2026-06-21,-4,13.833,10.1,672.7
Lab A,1340,ADL,2026-06-21,-4,14.0,0.9,673.6
Lab A,1340,ADL,2026-06-21,-4,14.167,0.0,672.8
Lab A,1340,ADL,2026-06-21,-4,14.333,0.4,673.2
Lab A,1340,ADL,2026-06-21,-4,14.5,4.2,673.7
Lab A,1340,ADL,2026-06-21,-4,14.667,7.8,673.6
Lab A,1340,ADL,2026-06-21,-4,14.833,1.5,672.5
Lab A,1340,ADL,2026-06-21,-4,15.0,2.7,672.3
Lab A,1340,ADL,2026-06-21,-4,15.167,2.8,672.8
Lab A,1340,ADL,2026-06-21,-4,15.333,16.2,673.2
Lab A,1340,ADL,2026-06-21,-4,15.5,0.0,673.3
Lab A,1340,ADL,2026-06-21,-4,15.667,0.1,673.9
Lab A,1340,ADL,2026-06-21,-4,15.833,4.6,673.8
Lab A,1340,ADL,2026-06-21,-4,16.0,11.6,673.5
Lab A,1340,ADL,2026-06-21,-4,16.167,7.4,672.7
Lab A,1340,ADL,2026-06-21,-4,16.333,0.0,673.1
Lab A,1340,ADL,2026-06-21,-4,16.5,8.8,674.0
Lab A,1340,ADL,2026-06-21,-4,16.667,0.1,672.1
Lab A,1340,ADL,2026-06-21,-4,16.833,1.1,673.2
Lab A,1340,ADL,2026-06-21,-4,17.0,6.9,538.4
Lab A,1340,ADL,2026-06-21,-4,17.167,8.7,0.0
Lab A,1340,ADL,2026-06-21,-4,17.333,5.6,0.0
Lab A,1340,ADL,2026-06-21,-4,17.5,7.3,0.0
Lab A,1340,ADL,2026-06-21,-4,17.667,7.6,0.0
Lab A,1340,ADL,2026-06-21,-4,17.833,24.9,0.0
Lab A,1340,ADL,2026-06-21,-4,18.0,65.7,0.0
Lab A,1340,ADL,2026-06-21,-4,18.167,36.2,0.0
Lab A,1340,ADL,2026-06-21,-4,18.333,51.6,0.0
Lab A,1340,ADL,2026-06-21,-4,18.5,41.8,0.0
Lab A,1340,ADL,2026-06-21,-4,18.667,34.6,0.0
Lab A,1340,ADL,2026-06-21,-4,18.833,48.7,0.0
Lab A,1340,ADL,2026-06-21,-4,19.0,32.3,0.0
Lab A,1340,ADL,2026-06-21,-4,19.167,38.9,0.0
Lab A,1340,ADL,2026-06-21,-4,19.333,40.6,0.0
Lab A,1340,ADL,2026-06-21,-4,19.5,32.8,0.0
Lab A,1340,ADL,2026-06-21,-4,19.667,18.5,0.0
Lab A,1340,ADL,2026-06-21,-4,19.833,2.9,0.0
Lab A,1340,ADL,2026-06-21,-4,20.0,0.4,0.0
Lab A,1340,ADL,2026-06-21,-4,20.167,14.7,0.0
Lab A,1340,ADL,2026-06-21,-4,20.333,57.8,0.0
Lab A,1340,ADL,2026-06-21,-4,20.5,17.0,0.0
Lab A,1340,ADL,2026-06-21,-4,20.667,0.6,0.0
Lab A,1340,ADL,2026-06-21,-4,20.833,3.9,0.0
Lab A,1340,ADL,2026-06-21,-4,21.0,21.8,0.0
Lab A,1340,ADL,2026-06-21,-4,21.167,36.5,0.0
Lab A,1340,ADL,2026-06-21,-4,21.333,3.4,0.0
Lab A,1340,ADL,2026-06-21,-4,21.5,13.7,0.0
Lab A,1340,ADL,2026-06-21,-4,21.667,0.6,0.0
Lab A,1340,ADL,2026-06-21,-4,21.833,0.2,0.0
Lab A,1340,ADL,2026-06-21,-4,22.0,0.1,0.0
Lab A,1340,ADL,2026-06-21,-4,22.167,2.8,0.0
Lab A,1340,ADL,2026-06-21,-4,22.333,12.9,0.0
Lab A,1340,ADL,2026-06-21,-4,22.5,6.6,0.0
Lab A,1340,ADL,2026-06-21,-4,22.667,1.0,0.0
Lab A,1340,ADL,2026-06-21,-4,22.833,1.7,0.0
Lab A,1340,ADL,2026-06-21,-4,23.0,12.5,0.0
Lab A,1340,ADL,2026-06-21,-4,23.167,9.3,0.0
Lab A,1340,ADL,2026-06-21,-4,23.333,0.0,0.0
Lab A,1340,ADL,2026-06-21,-4,23.5,0.8,0.0
Lab A,1340,ADL,2026-06-21,-4,23.667,18.1,0.0
Lab A,1340,ADL,2026-06-21,-4,23.833,20.6,0.0
Lab A,1340,ADL,2026-06-22,-3,0.0,9.0,0.0
Lab A,1340,ADL,2026-06-22,-3,0.167,0.9,0.0
Lab A,1340,ADL,2026-06-22,-3,0.333,6.2,0.0
Lab A,1340,ADL,2026-06-22,-3,0.5,2.2,0.0
Lab A,1340,ADL,2026-06-22,-3,0.667,0.1,0.0
Lab A,1340,ADL,2026-06-22,-3,0.833,0.3,0.0
Lab A,1340,ADL,2026-06-22,-3,1.0,5.8,0.0
Lab A,1340,ADL,2026-06-22,-3,1.167,17.2,0.0
Lab A,1340,ADL,2026-06-22,-3,1.333,19.6,0.0
Lab A,1340,ADL,2026-06-22,-3,1.5,0.2,0.0
Lab A,1340,ADL,2026-06-22,-3,1.667,0.4,0.0
Lab A,1340,ADL,2026-06-22,-3,1.833,0.0,0.0
Lab A,1340,ADL,2026-06-22,-3,2.0,0.4,0.0
Lab A,1340,ADL,2026-06-22,-3,2.167,0.6,0.0
Lab A,1340,ADL,2026-06-22,-3,2.333,5.1,0.0
Lab A,1340,ADL,2026-06-22,-3,2.5,0.4,0.0
Lab A,1340,ADL,2026-06-22,-3,2.667,2.2,0.0
Lab A,1340,ADL,2026-06-22,-3,2.833,9.7,0.0
Lab A,1340,ADL,2026-06-22,-3,3.0,46.7,0.0
Lab A,1340,ADL,2026-06-22,-3,3.167,12.6,0.0
Lab A,1340,ADL,2026-06-22,-3,3.333,1.0,0.0
Lab A,1340,ADL,2026-06-22,-3,3.5,0.1,0.0
Lab A,1340,ADL,2026-06-22,-3,3.667,1.2,0.0
Lab A,1340,ADL,2026-06-22,-3,3.833,4.1,0.0
Lab A,1340,ADL,2026-06-22,-3,4.0,0.8,0.0
Lab A,1340,ADL,2026-06-22,-3,4.167,14.2,0.0
Lab A,1340,ADL,2026-06-22,-3,4.333,39.5,0.0
Lab A,1340,ADL,2026-06-22,-3,4.5,19.7,0.0
Lab A,1340,ADL,2026-06-22,-3,4.667,0.3,0.0
Lab A,1340,ADL,2026-06-22,-3,4.833,2.0,0.0
Lab A,1340,ADL,2026-06-22,-3,5.0,0.7,0.0
Lab A,1340,ADL,2026-06-22,-3,5.167,0.0,617.6
Lab A,1340,ADL,2026-06-22,-3,5.333,0.9,681.9
Lab A,1340,ADL,2026-06-22,-3,5.5,10.2,680.1
Lab A,1340,ADL,2026-06-22,-3,5.667,33.4,676.3
Lab A,1340,ADL,2026-06-22,-3,5.833,26.8,678.0
Lab A,1340,ADL,2026-06-22,-3,6.0,0.6,681.7
Lab A,1340,ADL,2026-06-22,-3,6.167,1.9,681.2
Lab A,1340,ADL,2026-06-22,-3,6.333,0.2,680.6
Lab A,1340,ADL,2026-06-22,-3,6.5,0.7,681.3
Lab A,1340,ADL,2026-06-22,-3,6.667,0.6,681.2
Lab A,1340,ADL,2026-06-22,-3,6.833,6.1,681.0
Lab A,1340,ADL,2026-06-22,-3,7.0,1.5,680.8
Lab A,1340,ADL,2026-06-22,-3,7.167,0.0,681.0
Lab A,1340,ADL,2026-06-22,-3,7.333,0.7,681.9
Lab A,1340,ADL,2026-06-22,-3,7.5,0.0,681.9
Lab A,1340,ADL,2026-06-22,-3,7.667,0.0,681.2
Lab A,1340,ADL,2026-06-22,-3,7.833,1.0,681.4
Lab A,1340,ADL,2026-06-22,-3,8.0,5.8,680.2
Lab A,1340,ADL,2026-06-22,-3,8.167,3.8,680.3
Lab A,1340,ADL,2026-06-22,-3,8.333,10.9,679.8
Lab A,1340,ADL,2026-06-22,-3,8.5,0.6,679.3
Lab A,1340,ADL,2026-06-22,-3,8.667,0.0,679.2
Lab A,1340,ADL,2026-06-22,-3,8.833,0.5,678.8
Lab A,1340,ADL,2026-06-22,-3,9.0,0.1,680.0
Lab A,1340,ADL,2026-06-22,-3,9.167,0.0,679.5
Lab A,1340,ADL,2026-06-22,-3,9.333,0.7,679.5
Lab A,1340,ADL,2026-06-22,-3,9.5,0.0,679.6
Lab A,1340,ADL,2026-06-22,-3,9.667,2.3,678.3
Lab A,1340,ADL,2026-06-22,-3,9.833,2.1,678.9
Lab A,1340,ADL,2026-06-22,-3,10.0,0.0,679.5
Lab A,1340,ADL,2026-06-22,-3,10.167,,678.6
Lab A,1340,ADL,2026-06-22,-3,10.333,1.6,679.9
Lab A,1340,ADL,2026-06-22,-3,10.5,7.5,678.2
Lab A,1340,ADL,2026-06-22,-3,10.667,0.0,679.1
Lab A,1340,ADL,2026-06-22,-3,10.833,0.0,680.0
Lab A,1340,ADL,2026-06-22,-3,11.0,0.2,678.7
Lab A,1340,ADL,2026-06-22,-3,11.167,0.0,679.3
Lab A,1340,ADL,2026-06-22,-3,11.333,0.3,677.8
Lab A,1340,ADL,2026-06-22,-3,11.5,0.6,679.0
Lab A,1340,ADL,2026-06-22,-3,11.667,0.6,657.2
Lab A,1340,ADL,2026-06-22,-3,11.833,23.0,600.1
Lab A,1340,ADL,2026-06-22,-3,12.0,35.6,663.2
Lab A,1340,ADL,2026-06-22,-3,12.167,43.7,667.7
Lab A,1340,ADL,2026-06-22,-3,12.333,15.6,670.7
Lab A,1340,ADL,2026-06-22,-3,12.5,4.1,672.2
Lab A,1340,ADL,2026-06-22,-3,12.667,0.0,672.0
Lab A,1340,ADL,2026-06-22,-3,12.833,0.3,672.1
Lab A,1340,ADL,2026-06-22,-3,13.0,0.1,671.8
Lab A,1340,ADL,2026-06-22,-3,13.167,1.7,671.0
Lab A,1340,ADL,2026-06-22,-3,13.333,10.4,671.0
Lab A,1340,ADL,2026-06-22,-3,13.5,3.1,671.9
Lab A,1340,ADL,2026-06-22,-3,13.667,1.4,671.2
Lab A,1340,ADL,2026-06-22,-3,13.833,0.0,671.7
Lab A,1340,ADL,2026-06-22,-3,14.0,2.5,671.1
Lab A,1340,ADL,2026-06-22,-3,14.167,5.0,671.0
Lab A,1340,ADL,2026-06-22,-3,14.333,8.8,671.5
Lab A,1340,ADL,2026-06-22,-3,14.5,1.9,670.6
Lab A,1340,ADL,2026-06-22,-3,14.667,0.2,670.8
Lab A,1340,ADL,2026-06-22,-3,14.833,9.5,670.2
Lab A,1340,ADL,2026-06-22,-3,15.0,5.3,671.2
Lab A,1340,ADL,2026-06-22,-3,15.167,0.3,670.9
Lab A,1340,ADL,2026-06-22,-3,15.333,2.3,670.5
Lab A,1340,ADL,2026-06-22,-3,15.5,3.9,672.9
Lab A,1340,ADL,2026-06-22,-3,15.667,10.3,671.7
Lab A,1340,ADL,2026-06-22,-3,15.833,0.1,671.7
Lab A,1340,ADL,2026-06-22,-3,16.0,3.7,670.4
Lab A,1340,ADL,2026-06-22,-3,16.167,17.2,672.5
Lab A,1340,ADL,2026-06-22,-3,16.333,1.0,672.2
Lab A,1340,ADL,2026-06-22,-3,16.5,1.1,670.5
Lab A,1340,ADL,2026-06-22,-3,16.667,0.4,671.1
Lab A,1340,ADL,2026-06-22,-3,16.833,10.6,671.9
Lab A,1340,ADL,2026-06-22,-3,17.0,17.0,538.2
Lab A,1340,ADL,2026-06-22,-3,17.167,4.0,0.0
Lab A,1340,ADL,2026-06-22,-3,17.333,0.5,0.0
Lab A,1340,ADL,2026-06-22,-3,17.5,10.1,0.0
Lab A,1340,ADL,2026-06-22,-3,17.667,37.9,0.0
Lab A,1340,ADL,2026-06-22,-3,17.833,32.7,0.0
Lab A,1340,ADL,2026-06-22,-3,18.0,43.7,0.0
Lab A,1340,ADL,2026-06-22,-3,18.167,30.3,0.0
Lab A,1340,ADL,2026-06-22,-3,18.333,15.8,0.0
Lab A,1340,ADL,2026-06-22,-3,18.5,0.6,0.0
Lab A,1340,ADL,2026-06-22,-3,18.667,0.7,0.0
Lab A,1340,ADL,2026-06-22,-3,18.833,10.3,0.0
Lab A,1340,ADL,2026-06-22,-3,19.0,8.0,0.0
Lab A,1340,ADL,2026-06-22,-3,19.167,1.2,0.0
Lab A,1340,ADL,2026-06-22,-3,19.333,0.7,0.0
Lab A,1340,ADL,2026-06-22,-3,19.5,4.7,0.0
Lab A,1340,ADL,2026-06-22,-3,19.667,3.5,0.0
Lab A,1340,ADL,2026-06-22,-3,19.833,29.4,0.0
Lab A,1340,ADL,2026-06-22,-3,20.0,29.4,0.0
Lab A,1340,ADL,2026-06-22,-3,20.167,35.2,0.0
Lab A,1340,ADL,2026-06-22,-3,20.333,44.7,0.0
Lab A,1340,ADL,2026-06-22,-3,20.5,38.1,0.0
Lab A,1340,ADL,2026-06-22,-3,20.667,24.2,0.0
Lab A,1340,ADL,2026-06-22,-3,20.833,1.3,0.0
Lab A,1340,ADL,2026-06-22,-3,21.0,0.0,0.0
Lab A,1340,ADL,2026-06-22,-3,21.167,0.4,0.0
Lab A,1340,ADL,2026-06-22,-3,21.333,8.2,0.0
Lab A,1340,ADL,2026-06-22,-3,21.5,10.3,0.0
Lab A,1340,ADL,2026-06-22,-3,21.667,0.3,0.0
Lab A,1340,ADL,2026-06-22,-3,21.833,2.7,0.0
Lab A,1340,ADL,2026-06-22,-3,22.0,12.0,0.0
Lab A,1340,ADL,2026-06-22,-3,22.167,0.7,0.0
Lab A,1340,ADL,2026-06-22,-3,22.333,12.0,0.0
Lab A,1340,ADL,2026-06-22,-3,22.5,18.3,0.0
Lab A,1340,ADL,2026-06-22,-3,22.667,0.9,0.0
Lab A,1340,ADL,2026-06-22,-3,22.833,0.9,0.0
Lab A,1340,ADL,2026-06-22,-3,23.0,3.8,0.0
Lab A,1340,ADL,2026-06-22,-3,23.167,14.8,0.0
Lab A,1340,ADL,2026-06-22,-3,23.333,11.2,0.0
Lab A,1340,ADL,2026-06-22,-3,23.5,0.2,0.0
Lab A,1340,ADL,2026-06-22,-3,23.667,0.8,0.0
Lab A,1340,ADL,2026-06-22,-3,23.833,4.3,0.0
Lab A,1340,ADL,2026-06-23,-2,0.0,17.7,0.0
Lab A,1340,ADL,2026-06-23,-2,0.167,0.4,0.0
Lab A,1340,ADL,2026-06-23,-2,0.333,1.5,0.0
Lab A,1340,ADL,2026-06-23,-2,0.5,1.5,0.0
Lab A,1340,ADL,2026-06-23,-2,0.667,16.9,0.0
Lab A,1340,ADL,2026-06-23,-2,0.833,27.9,0.0
Lab A,1340,ADL,2026-06-23,-2,1.0,21.6,0.0
Lab A,1340,ADL,2026-06-23,-2,1.167,0.0,0.0
Lab A,1340,ADL,2026-06-23,-2,1.333,0.7,0.0
Lab A,1340,ADL,2026-06-23,-2,1.5,1.4,0.0
Lab A,1340,ADL,2026-06-23,-2,1.667,0.9,0.0
Lab A,1340,ADL,2026-06-23,-2,1.833,16.0,0.0
Lab A,1340,ADL,2026-06-23,-2,2.0,20.2,0.0
Lab A,1340,ADL,2026-06-23,-2,2.167,5.2,0.0
Lab A,1340,ADL,2026-06-23,-2,2.333,0.4,0.0
Lab A,1340,ADL,2026-06-23,-2,2.5,1.4,0.0
Lab A,1340,ADL,2026-06-23,-2,2.667,7.7,0.0
Lab A,1340,ADL,2026-06-23,-2,2.833,5.5,0.0
Lab A,1340,ADL,2026-06-23,-2,3.0,50.8,0.0
Lab A,1340,ADL,2026-06-23,-2,3.167,46.0,0.0
Lab A,1340,ADL,2026-06-23,-2,3.333,23.2,0.0
Lab A,1340,ADL,2026-06-23,-2,3.5,4.2,0.0
Lab A,1340,ADL,2026-06-23,-2,3.667,0.3,0.0
Lab A,1340,ADL,2026-06-23,-2,3.833,9.4,0.0
Lab A,1340,ADL,2026-06-23,-2,4.0,15.0,0.0
Lab A,1340,ADL,2026-06-23,-2,4.167,38.2,0.0
Lab A,1340,ADL,2026-06-23,-2,4.333,38.3,0.0
Lab A,1340,ADL,2026-06-23,-2,4.5,24.8,0.0
Lab A,1340,ADL,2026-06-23,-2,4.667,13.6,0.0
Lab A,1340,ADL,2026-06-23,-2,4.833,0.0,0.0
Lab A,1340,ADL,2026-06-23,-2,5.0,0.0,0.0
Lab A,1340,ADL,2026-06-23,-2,5.167,0.4,619.5
Lab A,1340,ADL,2026-06-23,-2,5.333,2.4,684.2
Lab A,1340,ADL,2026-06-23,-2,5.5,0.2,683.6
Lab A,1340,ADL,2026-06-23,-2,5.667,0.0,682.8
Lab A,1340,ADL,2026-06-23,-2,5.833,0.9,682.7
Lab A,1340,ADL,2026-06-23,-2,6.0,1.5,682.3
Lab A,1340,ADL,2026-06-23,-2,6.167,11.0,681.6
Lab A,1340,ADL,2026-06-23,-2,6.333,6.5,680.0
Lab A,1340,ADL,2026-06-23,-2,6.5,0.0,680.8
Lab A,1340,ADL,2026-06-23,-2,6.667,0.0,680.7
Lab A,1340,ADL,2026-06-23,-2,6.833,0.0,679.7
Lab A,1340,ADL,2026-06-23,-2,7.0,0.6,679.9
Lab A,1340,ADL,2026-06-23,-2,7.167,0.7,679.7
Lab A,1340,ADL,2026-06-23,-2,7.333,0.0,679.2
Lab A,1340,ADL,2026-06-23,-2,7.5,0.4,678.7
Lab A,1340,ADL,2026-06-23,-2,7.667,2.3,679.9
Lab A,1340,ADL,2026-06-23,-2,7.833,9.5,677.3
Lab A,1340,ADL,2026-06-23,-2,8.0,0.0,679.0
Lab A,1340,ADL,2026-06-23,-2,8.167,0.1,677.5
Lab A,1340,ADL,2026-06-23,-2,8.333,0.1,678.7
Lab A,1340,ADL,2026-06-23,-2,8.5,0.0,679.1
Lab A,1340,ADL,2026-06-23,-2,8.667,0.2,678.5
Lab A,1340,ADL,2026-06-23,-2,8.833,2.2,678.3
Lab A,1340,ADL,2026-06-23,-2,9.0,4.9,677.6
Lab A,1340,ADL,2026-06-23,-2,9.167,10.1,674.6
Lab A,1340,ADL,2026-06-23,-2,9.333,0.4,678.5
Lab A,1340,ADL,2026-06-23,-2,9.5,0.0,678.2
Lab A,1340,ADL,2026-06-23,-2,9.667,0.0,678.9
Lab A,1340,ADL,2026-06-23,-2,9.833,0.1,678.1
Lab A,1340,ADL,2026-06-23,-2,10.0,0.6,678.2
Lab A,1340,ADL,2026-06-23,-2,10.167,3.7,677.3
Lab A,1340,ADL,2026-06-23,-2,10.333,0.2,678.2
Lab A,1340,ADL,2026-06-23,-2,10.5,0.6,678.9
Lab A,1340,ADL,2026-06-23,-2,10.667,1.0,677.9
Lab A,1340,ADL,2026-06-23,-2,10.833,1.4,677.5
Lab A,1340,ADL,2026-06-23,-2,11.0,0.6,677.5
Lab A,1340,ADL,2026-06-23,-2,11.167,1.1,678.1
Lab A,1340,ADL,2026-06-23,-2,11.333,8.7,678.0
Lab A,1340,ADL,2026-06-23,-2,11.5,26.6,677.4
Lab A,1340,ADL,2026-06-23,-2,11.667,0.1,678.9
Lab A,1340,ADL,2026-06-23,-2,11.833,0.3,673.8
Lab A,1340,ADL,2026-06-23,-2,12.0,1.0,629.6
Lab A,1340,ADL,2026-06-23,-2,12.167,45.6,628.1
Lab A,1340,ADL,2026-06-23,-2,12.333,30.2,629.3
Lab A,1340,ADL,2026-06-23,-2,12.5,32.3,664.9
Lab A,1340,ADL,2026-06-23,-2,12.667,13.9,678.2
Lab A,1340,ADL,2026-06-23,-2,12.833,0.5,679.4
Lab A,1340,ADL,2026-06-23,-2,13.0,0.2,680.3
Lab A,1340,ADL,2026-06-23,-2,13.167,0.0,680.4
Lab A,1340,ADL,2026-06-23,-2,13.333,0.4,678.7
Lab A,1340,ADL,2026-06-23,-2,13.5,2.0,680.0
Lab A,1340,ADL,2026-06-23,-2,13.667,1.3,680.1
Lab A,1340,ADL,2026-06-23,-2,13.833,0.8,680.5
Lab A,1340,ADL,2026-06-23,-2,14.0,23.1,677.4
Lab A,1340,ADL,2026-06-23,-2,14.167,6.4,683.4
Lab A,1340,ADL,2026-06-23,-2,14.333,0.0,683.0
Lab A,1340,ADL,2026-06-23,-2,14.5,0.0,684.3
Lab A,1340,ADL,2026-06-23,-2,14.667,0.0,684.0
Lab A,1340,ADL,2026-06-23,-2,14.833,3.2,683.6
Lab A,1340,ADL,2026-06-23,-2,15.0,5.5,683.4
Lab A,1340,ADL,2026-06-23,-2,15.167,0.3,683.4
Lab A,1340,ADL,2026-06-23,-2,15.333,1.6,683.6
Lab A,1340,ADL,2026-06-23,-2,15.5,2.9,683.4
Lab A,1340,ADL,2026-06-23,-2,15.667,0.5,683.0
Lab A,1340,ADL,2026-06-23,-2,15.833,1.0,684.1
Lab A,1340,ADL,2026-06-23,-2,16.0,0.6,683.3
Lab A,1340,ADL,2026-06-23,-2,16.167,4.3,684.2
Lab A,1340,ADL,2026-06-23,-2,16.333,8.3,682.8
Lab A,1340,ADL,2026-06-23,-2,16.5,0.6,683.6
Lab A,1340,ADL,2026-06-23,-2,16.667,1.6,683.1
Lab A,1340,ADL,2026-06-23,-2,16.833,6.7,682.7
Lab A,1340,ADL,2026-06-23,-2,17.0,2.5,615.0
Lab A,1340,ADL,2026-06-23,-2,17.167,4.5,0.0
Lab A,1340,ADL,2026-06-23,-2,17.333,23.3,0.0
Lab A,1340,ADL,2026-06-23,-2,17.5,20.2,0.0
Lab A,1340,ADL,2026-06-23,-2,17.667,33.4,0.0
Lab A,1340,ADL,2026-06-23,-2,17.833,39.5,0.0
Lab A,1340,ADL,2026-06-23,-2,18.0,28.3,0.0
Lab A,1340,ADL,2026-06-23,-2,18.167,8.0,0.0
Lab A,1340,ADL,2026-06-23,-2,18.333,0.1,0.0
Lab A,1340,ADL,2026-06-23,-2,18.5,10.6,0.0
Lab A,1340,ADL,2026-06-23,-2,18.667,1.2,0.0
Lab A,1340,ADL,2026-06-23,-2,18.833,4.8,0.0
Lab A,1340,ADL,2026-06-23,-2,19.0,14.3,0.0
Lab A,1340,ADL,2026-06-23,-2,19.167,0.2,0.0
Lab A,1340,ADL,2026-06-23,-2,19.333,4.5,0.0
Lab A,1340,ADL,2026-06-23,-2,19.5,15.0,0.0
Lab A,1340,ADL,2026-06-23,-2,19.667,33.9,0.0
Lab A,1340,ADL,2026-06-23,-2,19.833,33.5,0.0
Lab A,1340,ADL,2026-06-23,-2,20.0,14.7,0.0
Lab A,1340,ADL,2026-06-23,-2,20.167,1.4,0.0
Lab A,1340,ADL,2026-06-23,-2,20.333,0.5,0.0
Lab A,1340,ADL,2026-06-23,-2,20.5,1.1,0.0
Lab A,1340,ADL,2026-06-23,-2,20.667,8.5,0.0
Lab A,1340,ADL,2026-06-23,-2,20.833,11.7,0.0
Lab A,1340,ADL,2026-06-23,-2,21.0,1.1,0.0
Lab A,1340,ADL,2026-06-23,-2,21.167,0.6,0.0
Lab A,1340,ADL,2026-06-23,-2,21.333,4.3,0.0
Lab A,1340,ADL,2026-06-23,-2,21.5,18.4,0.0
Lab A,1340,ADL,2026-06-23,-2,21.667,29.6,0.0
Lab A,1340,ADL,2026-06-23,-2,21.833,48.1,0.0
Lab A,1340,ADL,2026-06-23,-2,22.0,29.7,0.0
Lab A,1340,ADL,2026-06-23,-2,22.167,2.3,0.0
Lab A,1340,ADL,2026-06-23,-2,22.333,0.1,0.0
Lab A,1340,ADL,2026-06-23,-2,22.5,14.7,0.0
Lab A,1340,ADL,2026-06-23,-2,22.667,26.5,0.0
Lab A,1340,ADL,2026-06-23,-2,22.833,9.9,0.0
Lab A,1340,ADL,2026-06-23,-2,23.0,0.4,0.0
Lab A,1340,ADL,2026-06-23,-2,23.167,2.0,0.0
Lab A,1340,ADL,2026-06-23,-2,23.333,3.4,0.0
Lab A,1340,ADL,2026-06-23,-2,23.5,0.2,0.0
Lab A,1340,ADL,2026-06-23,-2,23.667,0.0,0.0
Lab A,1340,ADL,2026-06-23,-2,23.833,7.4,0.0
Lab A,1340,ADL,2026-06-24,-1,0.0,0.8,0.0
Lab A,1340,ADL,2026-06-24,-1,0.167,0.9,0.0
Lab A,1340,ADL,2026-06-24,-1,0.333,26.8,0.0
Lab A,1340,ADL,2026-06-24,-1,0.5,33.8,0.0
Lab A,1340,ADL,2026-06-24,-1,0.667,6.6,0.0
Lab A,1340,ADL,2026-06-24,-1,0.833,1.0,0.0
Lab A,1340,ADL,2026-06-24,-1,1.0,0.0,0.0
Lab A,1340,ADL,2026-06-24,-1,1.167,0.7,0.0
Lab A,1340,ADL,2026-06-24,-1,1.333,0.2,0.0
Lab A,1340,ADL,2026-06-24,-1,1.5,0.9,0.0
Lab A,1340,ADL,2026-06-24,-1,1.667,6.4,0.0
Lab A,1340,ADL,2026-06-24,-1,1.833,4.2,0.0
Lab A,1340,ADL,2026-06-24,-1,2.0,1.3,0.0
Lab A,1340,ADL,2026-06-24,-1,2.167,1.8,0.0
Lab A,1340,ADL,2026-06-24,-1,2.333,11.9,0.0
Lab A,1340,ADL,2026-06-24,-1,2.5,3.9,0.0
Lab A,1340,ADL,2026-06-24,-1,2.667,1.2,0.0
Lab A,1340,ADL,2026-06-24,-1,2.833,19.4,0.0
Lab A,1340,ADL,2026-06-24,-1,3.0,28.8,0.0
Lab A,1340,ADL,2026-06-24,-1,3.167,45.9,0.0
Lab A,1340,ADL,2026-06-24,-1,3.333,58.7,0.0
Lab A,1340,ADL,2026-06-24,-1,3.5,51.5,0.0
Lab A,1340,ADL,2026-06-24,-1,3.667,51.4,0.0
Lab A,1340,ADL,2026-06-24,-1,3.833,36.7,0.0
Lab A,1340,ADL,2026-06-24,-1,4.0,46.8,0.0
Lab A,1340,ADL,2026-06-24,-1,4.167,62.7,0.0
Lab A,1340,ADL,2026-06-24,-1,4.333,55.3,0.0
Lab A,1340,ADL,2026-06-24,-1,4.5,50.3,0.0
Lab A,1340,ADL,2026-06-24,-1,4.667,37.9,0.0
Lab A,1340,ADL,2026-06-24,-1,4.833,10.8,0.0
Lab A,1341,ADL,2026-06-17,-8,5.0,5.8,0.0
Lab A,1341,ADL,2026-06-17,-8,5.167,42.6,653.9
Lab A,1341,ADL,2026-06-17,-8,5.333,14.6,649.8
Lab A,1341,ADL,2026-06-17,-8,5.5,25.8,645.1
Lab A,1341,ADL,2026-06-17,-8,5.667,39.0,645.3
Lab A,1341,ADL,2026-06-17,-8,5.833,8.7,645.2
Lab A,1341,ADL,2026-06-17,-8,6.0,2.0,644.9
Lab A,1341,ADL,2026-06-17,-8,6.167,0.0,643.8
Lab A,1341,ADL,2026-06-17,-8,6.333,0.0,644.1
Lab A,1341,ADL,2026-06-17,-8,6.5,0.0,643.7
Lab A,1341,ADL,2026-06-17,-8,6.667,0.0,642.1
Lab A,1341,ADL,2026-06-17,-8,6.833,0.0,641.7
Lab A,1341,ADL,2026-06-17,-8,7.0,0.0,642.8
Lab A,1341,ADL,2026-06-17,-8,7.167,0.0,642.9
Lab A,1341,ADL,2026-06-17,-8,7.333,,642.4
Lab A,1341,ADL,2026-06-17,-8,7.5,31.1,639.0
Lab A,1341,ADL,2026-06-17,-8,7.667,0.5,645.9
Lab A,1341,ADL,2026-06-17,-8,7.833,0.0,646.4
Lab A,1341,ADL,2026-06-17,-8,8.0,0.0,645.8
Lab A,1341,ADL,2026-06-17,-8,8.167,0.0,645.3
Lab A,1341,ADL,2026-06-17,-8,8.333,0.0,645.5
Lab A,1341,ADL,2026-06-17,-8,8.5,0.0,645.3
Lab A,1341,ADL,2026-06-17,-8,8.667,0.0,645.5
Lab A,1341,ADL,2026-06-17,-8,8.833,0.0,645.1
Lab A,1341,ADL,2026-06-17,-8,9.0,0.0,645.3
Lab A,1341,ADL,2026-06-17,-8,9.167,0.0,644.8
Lab A,1341,ADL,2026-06-17,-8,9.333,0.0,645.0
Lab A,1341,ADL,2026-06-17,-8,9.5,0.0,644.9
Lab A,1341,ADL,2026-06-17,-8,9.667,0.0,645.9
Lab A,1341,ADL,2026-06-17,-8,9.833,11.7,642.1
Lab A,1341,ADL,2026-06-17,-8,10.0,3.6,645.3
Lab A,1341,ADL,2026-06-17,-8,10.167,13.3,642.3
Lab A,1341,ADL,2026-06-17,-8,10.333,0.6,644.9
Lab A,1341,ADL,2026-06-17,-8,10.5,0.0,645.4
Lab A,1341,ADL,2026-06-17,-8,10.667,0.0,644.6
Lab A,1341,ADL,2026-06-17,-8,10.833,0.0,644.1
Lab A,1341,ADL,2026-06-17,-8,11.0,0.0,644.3
Lab A,1341,ADL,2026-06-17,-8,11.167,0.0,644.9
Lab A,1341,ADL,2026-06-17,-8,11.333,0.0,644.9
Lab A,1341,ADL,2026-06-17,-8,11.5,0.0,645.2
Lab A,1341,ADL,2026-06-17,-8,11.667,0.0,644.4
Lab A,1341,ADL,2026-06-17,-8,11.833,0.0,644.3
Lab A,1341,ADL,2026-06-17,-8,12.0,0.0,644.7
Lab A,1341,ADL,2026-06-17,-8,12.167,0.0,644.5
Lab A,1341,ADL,2026-06-17,-8,12.333,17.8,603.7
Lab A,1341,ADL,2026-06-17,-8,12.5,45.7,608.7
Lab A,1341,ADL,2026-06-17,-8,12.667,42.8,592.8
Lab A,1341,ADL,2026-06-17,-8,12.833,20.2,593.1
Lab A,1341,ADL,2026-06-17,-8,13.0,12.7,602.7
Lab A,1341,ADL,2026-06-17,-8,13.167,0.1,603.4
Lab A,1341,ADL,2026-06-17,-8,13.333,0.0,609.9
Lab A,1341,ADL,2026-06-17,-8,13.5,0.0,616.4
Lab A,1341,ADL,2026-06-17,-8,13.667,0.0,610.6
Lab A,1341,ADL,2026-06-17,-8,13.833,0.0,627.7
Lab A,1341,ADL,2026-06-17,-8,14.0,0.0,626.9
Lab A,1341,ADL,2026-06-17,-8,14.167,0.0,627.6
Lab A,1341,ADL,2026-06-17,-8,14.333,0.0,627.4
Lab A,1341,ADL,2026-06-17,-8,14.5,0.0,623.9
Lab A,1341,ADL,2026-06-17,-8,14.667,14.5,633.1
Lab A,1341,ADL,2026-06-17,-8,14.833,9.0,633.5
Lab A,1341,ADL,2026-06-17,-8,15.0,21.0,652.1
Lab A,1341,ADL,2026-06-17,-8,15.167,10.4,679.0
Lab A,1341,ADL,2026-06-17,-8,15.333,11.9,677.1
Lab A,1341,ADL,2026-06-17,-8,15.5,1.7,680.1
Lab A,1341,ADL,2026-06-17,-8,15.667,0.0,680.1
Lab A,1341,ADL,2026-06-17,-8,15.833,0.0,680.4
Lab A,1341,ADL,2026-06-17,-8,16.0,0.0,679.8
Lab A,1341,ADL,2026-06-17,-8,16.167,0.0,679.9
Lab A,1341,ADL,2026-06-17,-8,16.333,0.0,680.1
Lab A,1341,ADL,2026-06-17,-8,16.5,11.9,677.3
Lab A,1341,ADL,2026-06-17,-8,16.667,35.2,673.8
Lab A,1341,ADL,2026-06-17,-8,16.833,18.3,676.5
Lab A,1341,ADL,2026-06-17,-8,17.0,0.3,542.6
Lab A,1341,ADL,2026-06-17,-8,17.167,0.0,0.0
Lab A,1341,ADL,2026-06-17,-8,17.333,24.2,0.0
Lab A,1341,ADL,2026-06-17,-8,17.5,22.3,0.0
Lab A,1341,ADL,2026-06-17,-8,17.667,12.7,0.0
Lab A,1341,ADL,2026-06-17,-8,17.833,1.3,0.0
Lab A,1341,ADL,2026-06-17,-8,18.0,0.0,0.0
Lab A,1341,ADL,2026-06-17,-8,18.167,16.1,0.0
Lab A,1341,ADL,2026-06-17,-8,18.333,17.7,0.0
Lab A,1341,ADL,2026-06-17,-8,18.5,28.9,0.0
Lab A,1341,ADL,2026-06-17,-8,18.667,10.1,0.0
Lab A,1341,ADL,2026-06-17,-8,18.833,0.5,0.0
Lab A,1341,ADL,2026-06-17,-8,19.0,3.4,0.0
Lab A,1341,ADL,2026-06-17,-8,19.167,1.5,0.0
Lab A,1341,ADL,2026-06-17,-8,19.333,0.3,0.0
Lab A,1341,ADL,2026-06-17,-8,19.5,16.8,0.0
Lab A,1341,ADL,2026-06-17,-8,19.667,43.9,0.0
Lab A,1341,ADL,2026-06-17,-8,19.833,11.8,0.0
Lab A,1341,ADL,2026-06-17,-8,20.0,1.0,0.0
Lab A,1341,ADL,2026-06-17,-8,20.167,0.6,0.0
Lab A,1341,ADL,2026-06-17,-8,20.333,0.0,0.0
Lab A,1341,ADL,2026-06-17,-8,20.5,0.1,0.0
Lab A,1341,ADL,2026-06-17,-8,20.667,9.8,0.0
Lab A,1341,ADL,2026-06-17,-8,20.833,30.9,0.0
Lab A,1341,ADL,2026-06-17,-8,21.0,19.9,0.0
Lab A,1341,ADL,2026-06-17,-8,21.167,13.7,0.0
Lab A,1341,ADL,2026-06-17,-8,21.333,55.6,0.0
Lab A,1341,ADL,2026-06-17,-8,21.5,36.4,0.0
Lab A,1341,ADL,2026-06-17,-8,21.667,11.2,0.0
Lab A,1341,ADL,2026-06-17,-8,21.833,35.3,0.0
Lab A,1341,ADL,2026-06-17,-8,22.0,25.3,0.0
Lab A,1341,ADL,2026-06-17,-8,22.167,13.1,0.0
Lab A,1341,ADL,2026-06-17,-8,22.333,0.0,0.0
Lab A,1341,ADL,2026-06-17,-8,22.5,0.0,0.0
Lab A,1341,ADL,2026-06-17,-8,22.667,11.7,0.0
Lab A,1341,ADL,2026-06-17,-8,22.833,46.8,0.0
Lab A,1341,ADL,2026-06-17,-8,23.0,30.7,0.0
Lab A,1341,ADL,2026-06-17,-8,23.167,46.6,0.0
Lab A,1341,ADL,2026-06-17,-8,23.333,9.0,0.0
Lab A,1341,ADL,2026-06-17,-8,23.5,27.3,0.0
Lab A,1341,ADL,2026-06-17,-8,23.667,14.3,0.0
Lab A,1341,ADL,2026-06-17,-8,23.833,4.2,0.0
Lab A,1341,ADL,2026-06-18,-7,0.0,0.1,0.0
Lab A,1341,ADL,2026-06-18,-7,0.167,0.0,0.0
Lab A,1341,ADL,2026-06-18,-7,0.333,0.0,0.0
Lab A,1341,ADL,2026-06-18,-7,0.5,0.0,0.0
Lab A,1341,ADL,2026-06-18,-7,0.667,2.6,0.0
Lab A,1341,ADL,2026-06-18,-7,0.833,2.9,0.0
Lab A,1341,ADL,2026-06-18,-7,1.0,24.1,0.0
Lab A,1341,ADL,2026-06-18,-7,1.167,50.0,0.0
Lab A,1341,ADL,2026-06-18,-7,1.333,13.8,0.0
Lab A,1341,ADL,2026-06-18,-7,1.5,0.0,0.0
Lab A,1341,ADL,2026-06-18,-7,1.667,3.0,0.0
Lab A,1341,ADL,2026-06-18,-7,1.833,0.0,0.0
Lab A,1341,ADL,2026-06-18,-7,2.0,0.0,0.0
Lab A,1341,ADL,2026-06-18,-7,2.167,0.0,0.0
Lab A,1341,ADL,2026-06-18,-7,2.333,0.0,0.0
Lab A,1341,ADL,2026-06-18,-7,2.5,15.6,0.0
Lab A,1341,ADL,2026-06-18,-7,2.667,19.7,0.0
Lab A,1341,ADL,2026-06-18,-7,2.833,22.8,0.0
Lab A,1341,ADL,2026-06-18,-7,3.0,0.0,0.0
Lab A,1341,ADL,2026-06-18,-7,3.167,0.0,0.0
Lab A,1341,ADL,2026-06-18,-7,3.333,0.0,0.0
Lab A,1341,ADL,2026-06-18,-7,3.5,30.4,0.0
Lab A,1341,ADL,2026-06-18,-7,3.667,9.7,0.0
Lab A,1341,ADL,2026-06-18,-7,3.833,25.9,0.0
Lab A,1341,ADL,2026-06-18,-7,4.0,10.8,0.0
Lab A,1341,ADL,2026-06-18,-7,4.167,28.6,0.0
Lab A,1341,ADL,2026-06-18,-7,4.333,28.9,0.0
Lab A,1341,ADL,2026-06-18,-7,4.5,15.1,0.0
Lab A,1341,ADL,2026-06-18,-7,4.667,20.1,0.0
Lab A,1341,ADL,2026-06-18,-7,4.833,0.0,0.0
Lab A,1341,ADL,2026-06-18,-7,5.0,0.0,0.0
Lab A,1341,ADL,2026-06-18,-7,5.167,0.0,697.3
Lab A,1341,ADL,2026-06-18,-7,5.333,0.0,691.1
Lab A,1341,ADL,2026-06-18,-7,5.5,0.0,689.7
Lab A,1341,ADL,2026-06-18,-7,5.667,0.0,688.8
Lab A,1341,ADL,2026-06-18,-7,5.833,0.0,688.5
Lab A,1341,ADL,2026-06-18,-7,6.0,0.0,688.5
Lab A,1341,ADL,2026-06-18,-7,6.167,5.9,687.8
Lab A,1341,ADL,2026-06-18,-7,6.333,10.1,685.1
Lab A,1341,ADL,2026-06-18,-7,6.5,20.1,684.3
Lab A,1341,ADL,2026-06-18,-7,6.667,13.2,685.1
Lab A,1341,ADL,2026-06-18,-7,6.833,13.0,688.0
Lab A,1341,ADL,2026-06-18,-7,7.0,0.0,690.3
Lab A,1341,ADL,2026-06-18,-7,7.167,0.0,689.7
Lab A,1341,ADL,2026-06-18,-7,7.333,0.0,689.7
Lab A,1341,ADL,2026-06-18,-7,7.5,0.0,689.9
Lab A,1341,ADL,2026-06-18,-7,7.667,0.0,689.4
Lab A,1341,ADL,2026-06-18,-7,7.833,0.0,689.8
Lab A,1341,ADL,2026-06-18,-7,8.0,0.0,689.3
Lab A,1341,ADL,2026-06-18,-7,8.167,0.0,689.4
Lab A,1341,ADL,2026-06-18,-7,8.333,0.0,688.9
Lab A,1341,ADL,2026-06-18,-7,8.5,0.0,688.7
Lab A,1341,ADL,2026-06-18,-7,8.667,0.0,688.2
Lab A,1341,ADL,2026-06-18,-7,8.833,0.0,688.5
Lab A,1341,ADL,2026-06-18,-7,9.0,13.5,684.8
Lab A,1341,ADL,2026-06-18,-7,9.167,0.0,686.3
Lab A,1341,ADL,2026-06-18,-7,9.333,0.0,686.0
Lab A,1341,ADL,2026-06-18,-7,9.5,0.0,686.3
Lab A,1341,ADL,2026-06-18,-7,9.667,0.0,685.9
Lab A,1341,ADL,2026-06-18,-7,9.833,0.0,685.3
Lab A,1341,ADL,2026-06-18,-7,10.0,0.0,686.0
Lab A,1341,ADL,2026-06-18,-7,10.167,0.0,685.5
Lab A,1341,ADL,2026-06-18,-7,10.333,0.0,685.1
Lab A,1341,ADL,2026-06-18,-7,10.5,0.0,686.0
Lab A,1341,ADL,2026-06-18,-7,10.667,6.2,662.3
Lab A,1341,ADL,2026-06-18,-7,10.833,17.3,645.7
Lab A,1341,ADL,2026-06-18,-7,11.0,10.0,654.5
Lab A,1341,ADL,2026-06-18,-7,11.167,8.8,636.0
Lab A,1341,ADL,2026-06-18,-7,11.333,17.3,612.4
Lab A,1341,ADL,2026-06-18,-7,11.5,0.0,612.6
Lab A,1341,ADL,2026-06-18,-7,11.667,0.0,612.4
Lab A,1341,ADL,2026-06-18,-7,11.833,0.0,612.8
Lab A,1341,ADL,2026-06-18,-7,12.0,0.0,612.4
Lab A,1341,ADL,2026-06-18,-7,12.167,0.0,612.5
Lab A,1341,ADL,2026-06-18,-7,12.333,0.0,612.7
Lab A,1341,ADL,2026-06-18,-7,12.5,0.0,612.5
Lab A,1341,ADL,2026-06-18,-7,12.667,0.0,612.6
Lab A,1341,ADL,2026-06-18,-7,12.833,0.0,612.1
Lab A,1341,ADL,2026-06-18,-7,13.0,0.0,612.3
Lab A,1341,ADL,2026-06-18,-7,13.167,1.0,611.0
Lab A,1341,ADL,2026-06-18,-7,13.333,8.7,610.4
Lab A,1341,ADL,2026-06-18,-7,13.5,0.0,654.9
Lab A,1341,ADL,2026-06-18,-7,13.667,0.0,665.3
Lab A,1341,ADL,2026-06-18,-7,13.833,0.0,664.8
Lab A,1341,ADL,2026-06-18,-7,14.0,0.0,664.6
Lab A,1341,ADL,2026-06-18,-7,14.167,0.0,664.7
Lab A,1341,ADL,2026-06-18,-7,14.333,0.0,664.8
Lab A,1341,ADL,2026-06-18,-7,14.5,0.0,664.4
Lab A,1341,ADL,2026-06-18,-7,14.667,2.3,664.4
Lab A,1341,ADL,2026-06-18,-7,14.833,37.5,661.6
Lab A,1341,ADL,2026-06-18,-7,15.0,25.0,662.5
Lab A,1341,ADL,2026-06-18,-7,15.167,0.0,664.7
Lab A,1341,ADL,2026-06-18,-7,15.333,0.0,667.8
Lab A,1341,ADL,2026-06-18,-7,15.5,0.0,668.0
Lab A,1341,ADL,2026-06-18,-7,15.667,0.0,667.6
Lab A,1341,ADL,2026-06-18,-7,15.833,0.0,667.6
Lab A,1341,ADL,2026-06-18,-7,16.0,0.0,667.4
Lab A,1341,ADL,2026-06-18,-7,16.167,0.0,668.1
Lab A,1341,ADL,2026-06-18,-7,16.333,0.0,667.9
Lab A,1341,ADL,2026-06-18,-7,16.5,2.4,667.0
Lab A,1341,ADL,2026-06-18,-7,16.667,4.3,667.3
Lab A,1341,ADL,2026-06-18,-7,16.833,0.0,667.9
Lab A,1341,ADL,2026-06-18,-7,17.0,0.0,534.1
Lab A,1341,ADL,2026-06-18,-7,17.167,4.1,0.0
Lab A,1341,ADL,2026-06-18,-7,17.333,9.3,0.0
Lab A,1341,ADL,2026-06-18,-7,17.5,36.4,0.0
Lab A,1341,ADL,2026-06-18,-7,17.667,11.4,0.0
Lab A,1341,ADL,2026-06-18,-7,17.833,0.0,0.0
Lab A,1341,ADL,2026-06-18,-7,18.0,0.1,0.0
Lab A,1341,ADL,2026-06-18,-7,18.167,16.7,0.0
Lab A,1341,ADL,2026-06-18,-7,18.333,37.6,0.0
Lab A,1341,ADL,2026-06-18,-7,18.5,46.3,0.0
Lab A,1341,ADL,2026-06-18,-7,18.667,20.2,0.0
Lab A,1341,ADL,2026-06-18,-7,18.833,5.0,0.0
Lab A,1341,ADL,2026-06-18,-7,19.0,0.0,0.0
Lab A,1341,ADL,2026-06-18,-7,19.167,0.0,0.0
Lab A,1341,ADL,2026-06-18,-7,19.333,0.0,0.0
Lab A,1341,ADL,2026-06-18,-7,19.5,0.0,0.0
Lab A,1341,ADL,2026-06-18,-7,19.667,25.6,0.0
Lab A,1341,ADL,2026-06-18,-7,19.833,24.5,0.0
Lab A,1341,ADL,2026-06-18,-7,20.0,6.4,0.0
Lab A,1341,ADL,2026-06-18,-7,20.167,0.1,0.0
Lab A,1341,ADL,2026-06-18,-7,20.333,0.0,0.0
Lab A,1341,ADL,2026-06-18,-7,20.5,0.0,0.0
Lab A,1341,ADL,2026-06-18,-7,20.667,17.2,0.0
Lab A,1341,ADL,2026-06-18,-7,20.833,43.6,0.0
Lab A,1341,ADL,2026-06-18,-7,21.0,17.7,0.0
Lab A,1341,ADL,2026-06-18,-7,21.167,37.3,0.0
Lab A,1341,ADL,2026-06-18,-7,21.333,9.1,0.0
Lab A,1341,ADL,2026-06-18,-7,21.5,0.0,0.0
Lab A,1341,ADL,2026-06-18,-7,21.667,0.0,0.0
Lab A,1341,ADL,2026-06-18,-7,21.833,0.0,0.0
Lab A,1341,ADL,2026-06-18,-7,22.0,0.0,0.0
Lab A,1341,ADL,2026-06-18,-7,22.167,0.0,0.0
Lab A,1341,ADL,2026-06-18,-7,22.333,33.2,0.0
Lab A,1341,ADL,2026-06-18,-7,22.5,27.5,0.0
Lab A,1341,ADL,2026-06-18,-7,22.667,20.7,0.0
Lab A,1341,ADL,2026-06-18,-7,22.833,31.6,0.0
Lab A,1341,ADL,2026-06-18,-7,23.0,32.8,0.0
Lab A,1341,ADL,2026-06-18,-7,23.167,22.3,0.0
Lab A,1341,ADL,2026-06-18,-7,23.333,23.3,0.0
Lab A,1341,ADL,2026-06-18,-7,23.5,18.4,0.0
Lab A,1341,ADL,2026-06-18,-7,23.667,2.6,0.0
Lab A,1341,ADL,2026-06-18,-7,23.833,0.0,0.0
Lab A,1341,ADL,2026-06-19,-6,0.0,0.0,0.0
Lab A,1341,ADL,2026-06-19,-6,0.167,0.0,0.0
Lab A,1341,ADL,2026-06-19,-6,0.333,0.0,0.0
Lab A,1341,ADL,2026-06-19,-6,0.5,0.0,0.0
Lab A,1341,ADL,2026-06-19,-6,0.667,0.0,0.0
Lab A,1341,ADL,2026-06-19,-6,0.833,1.8,0.0
Lab A,1341,ADL,2026-06-19,-6,1.0,15.3,0.0
Lab A,1341,ADL,2026-06-19,-6,1.167,39.6,0.0
Lab A,1341,ADL,2026-06-19,-6,1.333,18.3,0.0
Lab A,1341,ADL,2026-06-19,-6,1.5,17.4,0.0
Lab A,1341,ADL,2026-06-19,-6,1.667,11.7,0.0
Lab A,1341,ADL,2026-06-19,-6,1.833,0.0,0.0
Lab A,1341,ADL,2026-06-19,-6,2.0,0.0,0.0
Lab A,1341,ADL,2026-06-19,-6,2.167,0.0,0.0
Lab A,1341,ADL,2026-06-19,-6,2.333,0.0,0.0
Lab A,1341,ADL,2026-06-19,-6,2.5,0.0,0.0
Lab A,1341,ADL,2026-06-19,-6,2.667,25.8,0.0
Lab A,1341,ADL,2026-06-19,-6,2.833,2.5,0.0
Lab A,1341,ADL,2026-06-19,-6,3.0,0.0,0.0
Lab A,1341,ADL,2026-06-19,-6,3.167,0.0,0.0
Lab A,1341,ADL,2026-06-19,-6,3.333,12.9,0.0
Lab A,1341,ADL,2026-06-19,-6,3.5,18.8,0.0
Lab A,1341,ADL,2026-06-19,-6,3.667,29.4,0.0
Lab A,1341,ADL,2026-06-19,-6,3.833,26.9,0.0
Lab A,1341,ADL,2026-06-19,-6,4.0,13.2,0.0
Lab A,1341,ADL,2026-06-19,-6,4.167,0.2,0.0
Lab A,1341,ADL,2026-06-19,-6,4.333,0.0,0.0
Lab A,1341,ADL,2026-06-19,-6,4.5,0.0,0.0
Lab A,1341,ADL,2026-06-19,-6,4.667,0.0,0.0
Lab A,1341,ADL,2026-06-19,-6,4.833,29.4,0.0
Lab A,1341,ADL,2026-06-19,-6,5.0,25.0,0.0
Lab A,1341,ADL,2026-06-19,-6,5.167,27.4,693.3
Lab A,1341,ADL,2026-06-19,-6,5.333,24.9,688.9
Lab A,1341,ADL,2026-06-19,-6,5.5,0.2,690.9
Lab A,1341,ADL,2026-06-19,-6,5.667,0.0,690.0
Lab A,1341,ADL,2026-06-19,-6,5.833,0.0,689.2
Lab A,1341,ADL,2026-06-19,-6,6.0,0.0,689.0
Lab A,1341,ADL,2026-06-19,-6,6.167,0.0,688.7
Lab A,1341,ADL,2026-06-19,-6,6.333,0.0,688.4
Lab A,1341,ADL,2026-06-19,-6,6.5,0.0,688.1
Lab A,1341,ADL,2026-06-19,-6,6.667,0.0,688.0
Lab A,1341,ADL,2026-06-19,-6,6.833,0.0,687.8
Lab A,1341,ADL,2026-06-19,-6,7.0,0.0,687.4
Lab A,1341,ADL,2026-06-19,-6,7.167,0.0,687.3
Lab A,1341,ADL,2026-06-19,-6,7.333,0.0,687.4
Lab A,1341,ADL,2026-06-19,-6,7.5,0.0,687.3
Lab A,1341,ADL,2026-06-19,-6,7.667,0.0,686.8
Lab A,1341,ADL,2026-06-19,-6,7.833,0.0,687.1
Lab A,1341,ADL,2026-06-19,-6,8.0,0.0,687.5
Lab A,1341,ADL,2026-06-19,-6,8.167,2.6,687.2
Lab A,1341,ADL,2026-06-19,-6,8.333,4.5,684.7
Lab A,1341,ADL,2026-06-19,-6,8.5,5.7,683.0
Lab A,1341,ADL,2026-06-19,-6,8.667,0.0,683.2
Lab A,1341,ADL,2026-06-19,-6,8.833,0.0,683.5
Lab A,1341,ADL,2026-06-19,-6,9.0,0.0,683.1
Lab A,1341,ADL,2026-06-19,-6,9.167,0.0,683.4
Lab A,1341,ADL,2026-06-19,-6,9.333,0.0,682.8
Lab A,1341,ADL,2026-06-19,-6,9.5,0.0,683.5
Lab A,1341,ADL,2026-06-19,-6,9.667,0.0,683.1
Lab A,1341,ADL,2026-06-19,-6,9.833,0.0,683.1
Lab A,1341,ADL,2026-06-19,-6,10.0,0.0,683.0
Lab A,1341,ADL,2026-06-19,-6,10.167,0.0,682.8
Lab A,1341,ADL,2026-06-19,-6,10.333,0.0,682.7
Lab A,1341,ADL,2026-06-19,-6,10.5,0.0,682.9
Lab A,1341,ADL,2026-06-19,-6,10.667,0.0,683.2
Lab A,1341,ADL,2026-06-19,-6,10.833,0.0,682.7
Lab A,1341,ADL,2026-06-19,-6,11.0,,
Lab A,1341,ADL,2026-06-19,-6,11.167,0.0,682.7
Lab A,1341,ADL,2026-06-19,-6,11.333,7.5,639.3
Lab A,1341,ADL,2026-06-19,-6,11.5,26.6,635.5
Lab A,1341,ADL,2026-06-19,-6,11.667,13.6,678.6
Lab A,1341,ADL,2026-06-19,-6,11.833,0.0,684.5
Lab A,1341,ADL,2026-06-19,-6,12.0,0.0,684.0
Lab A,1341,ADL,2026-06-19,-6,12.167,0.0,684.4
Lab A,1341,ADL,2026-06-19,-6,12.333,0.0,684.3
Lab A,1341,ADL,2026-06-19,-6,12.5,0.0,683.9
Lab A,1341,ADL,2026-06-19,-6,12.667,0.0,683.8
Lab A,1341,ADL,2026-06-19,-6,12.833,0.0,683.3
Lab A,1341,ADL,2026-06-19,-6,13.0,0.0,683.3
Lab A,1341,ADL,2026-06-19,-6,13.167,0.0,683.1
Lab A,1341,ADL,2026-06-19,-6,13.333,0.0,683.2
Lab A,1341,ADL,2026-06-19,-6,13.5,0.0,683.3
Lab A,1341,ADL,2026-06-19,-6,13.667,0.0,683.0
Lab A,1341,ADL,2026-06-19,-6,13.833,0.0,683.4
Lab A,1341,ADL,2026-06-19,-6,14.0,0.0,683.2
Lab A,1341,ADL,2026-06-19,-6,14.167,0.0,682.3
Lab A,1341,ADL,2026-06-19,-6,14.333,0.0,682.4
Lab A,1341,ADL,2026-06-19,-6,14.5,13.8,677.2
Lab A,1341,ADL,2026-06-19,-6,14.667,29.2,680.2
Lab A,1341,ADL,2026-06-19,-6,14.833,8.5,686.8
Lab A,1341,ADL,2026-06-19,-6,15.0,0.0,687.4
Lab A,1341,ADL,2026-06-19,-6,15.167,0.0,688.0
Lab A,1341,ADL,2026-06-19,-6,15.333,0.0,688.0
Lab A,1341,ADL,2026-06-19,-6,15.5,0.0,688.0
Lab A,1341,ADL,2026-06-19,-6,15.667,0.0,687.6
Lab A,1341,ADL,2026-06-19,-6,15.833,0.0,687.7
Lab A,1341,ADL,2026-06-19,-6,16.0,3.1,686.6
Lab A,1341,ADL,2026-06-19,-6,16.167,0.0,687.9
Lab A,1341,ADL,2026-06-19,-6,16.333,0.0,687.6
Lab A,1341,ADL,2026-06-19,-6,16.5,0.0,687.7
Lab A,1341,ADL,2026-06-19,-6,16.667,0.0,687.2
Lab A,1341,ADL,2026-06-19,-6,16.833,0.0,687.7
Lab A,1341,ADL,2026-06-19,-6,17.0,5.5,550.6
Lab A,1341,ADL,2026-06-19,-6,17.167,56.8,0.0
Lab A,1341,ADL,2026-06-19,-6,17.333,9.2,0.0
Lab A,1341,ADL,2026-06-19,-6,17.5,0.0,0.0
Lab A,1341,ADL,2026-06-19,-6,17.667,0.1,0.0
Lab A,1341,ADL,2026-06-19,-6,17.833,3.2,0.0
Lab A,1341,ADL,2026-06-19,-6,18.0,25.0,0.0
Lab A,1341,ADL,2026-06-19,-6,18.167,12.0,0.0
Lab A,1341,ADL,2026-06-19,-6,18.333,0.0,0.0
Lab A,1341,ADL,2026-06-19,-6,18.5,0.0,0.0
Lab A,1341,ADL,2026-06-19,-6,18.667,1.3,0.0
Lab A,1341,ADL,2026-06-19,-6,18.833,28.0,0.0
Lab A,1341,ADL,2026-06-19,-6,19.0,48.5,0.0
Lab A,1341,ADL,2026-06-19,-6,19.167,0.5,0.0
Lab A,1341,ADL,2026-06-19,-6,19.333,0.0,0.0
Lab A,1341,ADL,2026-06-19,-6,19.5,0.0,0.0
Lab A,1341,ADL,2026-06-19,-6,19.667,0.0,0.0
Lab A,1341,ADL,2026-06-19,-6,19.833,29.4,0.0
Lab A,1341,ADL,2026-06-19,-6,20.0,38.7,0.0
Lab A,1341,ADL,2026-06-19,-6,20.167,9.3,0.0
Lab A,1341,ADL,2026-06-19,-6,20.333,0.0,0.0
Lab A,1341,ADL,2026-06-19,-6,20.5,0.0,0.0
Lab A,1341,ADL,2026-06-19,-6,20.667,0.0,0.0
Lab A,1341,ADL,2026-06-19,-6,20.833,0.3,0.0
Lab A,1341,ADL,2026-06-19,-6,21.0,0.1,0.0
Lab A,1341,ADL,2026-06-19,-6,21.167,22.2,0.0
Lab A,1341,ADL,2026-06-19,-6,21.333,6.7,0.0
Lab A,1341,ADL,2026-06-19,-6,21.5,0.0,0.0
Lab A,1341,ADL,2026-06-19,-6,21.667,0.0,0.0
Lab A,1341,ADL,2026-06-19,-6,21.833,39.3,0.0
Lab A,1341,ADL,2026-06-19,-6,22.0,40.6,0.0
Lab A,1341,ADL,2026-06-19,-6,22.167,38.6,0.0
Lab A,1341,ADL,2026-06-19,-6,22.333,29.7,0.0
Lab A,1341,ADL,2026-06-19,-6,22.5,20.8,0.0
Lab A,1341,ADL,2026-06-19,-6,22.667,17.6,0.0
Lab A,1341,ADL,2026-06-19,-6,22.833,28.4,0.0
Lab A,1341,ADL,2026-06-19,-6,23.0,0.0,0.0
Lab A,1341,ADL,2026-06-19,-6,23.167,0.0,0.0
Lab A,1341,ADL,2026-06-19,-6,23.333,0.0,0.0
Lab A,1341,ADL,2026-06-19,-6,23.5,0.0,0.0
Lab A,1341,ADL,2026-06-19,-6,23.667,0.0,0.0
Lab A,1341,ADL,2026-06-19,-6,23.833,0.0,0.0
Lab A,1341,ADL,2026-06-20,-5,0.0,12.7,0.0
Lab A,1341,ADL,2026-06-20,-5,0.167,37.0,0.0
Lab A,1341,ADL,2026-06-20,-5,0.333,29.2,0.0
Lab A,1341,ADL,2026-06-20,-5,0.5,16.4,0.0
Lab A,1341,ADL,2026-06-20,-5,0.667,0.0,0.0
Lab A,1341,ADL,2026-06-20,-5,0.833,0.0,0.0
Lab A,1341,ADL,2026-06-20,-5,1.0,0.0,0.0
Lab A,1341,ADL,2026-06-20,-5,1.167,0.0,0.0
Lab A,1341,ADL,2026-06-20,-5,1.333,0.0,0.0
Lab A,1341,ADL,2026-06-20,-5,1.5,0.0,0.0
Lab A,1341,ADL,2026-06-20,-5,1.667,1.2,0.0
Lab A,1341,ADL,2026-06-20,-5,1.833,0.0,0.0
Lab A,1341,ADL,2026-06-20,-5,2.0,0.0,0.0
Lab A,1341,ADL,2026-06-20,-5,2.167,0.0,0.0
Lab A,1341,ADL,2026-06-20,-5,2.333,,0.0
Lab A,1341,ADL,2026-06-20,-5,2.5,16.3,0.0
Lab A,1341,ADL,2026-06-20,-5,2.667,24.0,0.0
Lab A,1341,ADL,2026-06-20,-5,2.833,0.9,0.0
Lab A,1341,ADL,2026-06-20,-5,3.0,0.0,0.0
Lab A,1341,ADL,2026-06-20,-5,3.167,0.0,0.0
Lab A,1341,ADL,2026-06-20,-5,3.333,,
Lab A,1341,ADL,2026-06-20,-5,3.5,16.0,0.0
Lab A,1341,ADL,2026-06-20,-5,3.667,0.0,0.0
Lab A,1341,ADL,2026-06-20,-5,3.833,0.0,0.0
Lab A,1341,ADL,2026-06-20,-5,4.0,0.3,0.0
Lab A,1341,ADL,2026-06-20,-5,4.167,3.4,0.0
Lab A,1341,ADL,2026-06-20,-5,4.333,42.0,0.0
Lab A,1341,ADL,2026-06-20,-5,4.5,41.2,0.0
Lab A,1341,ADL,2026-06-20,-5,4.667,39.4,0.0
Lab A,1341,ADL,2026-06-20,-5,4.833,23.4,0.0
Lab A,1341,ADL,2026-06-20,-5,5.0,3.9,0.0
Lab A,1341,ADL,2026-06-20,-5,5.167,0.0,629.1
Lab A,1341,ADL,2026-06-20,-5,5.333,0.0,693.6
Lab A,1341,ADL,2026-06-20,-5,5.5,0.0,692.4
Lab A,1341,ADL,2026-06-20,-5,5.667,0.0,691.6
Lab A,1341,ADL,2026-06-20,-5,5.833,0.0,691.5
Lab A,1341,ADL,2026-06-20,-5,6.0,0.0,690.7
Lab A,1341,ADL,2026-06-20,-5,6.167,0.0,690.2
Lab A,1341,ADL,2026-06-20,-5,6.333,0.3,690.5
Lab A,1341,ADL,2026-06-20,-5,6.5,0.0,689.6
Lab A,1341,ADL,2026-06-20,-5,6.667,0.0,689.2
Lab A,1341,ADL,2026-06-20,-5,6.833,0.0,689.8
Lab A,1341,ADL,2026-06-20,-5,7.0,0.0,689.0
Lab A,1341,ADL,2026-06-20,-5,7.167,0.0,689.2
Lab A,1341,ADL,2026-06-20,-5,7.333,0.1,689.2
Lab A,1341,ADL,2026-06-20,-5,7.5,1.9,687.8
Lab A,1341,ADL,2026-06-20,-5,7.667,0.0,687.5
Lab A,1341,ADL,2026-06-20,-5,7.833,0.0,687.6
Lab A,1341,ADL,2026-06-20,-5,8.0,0.0,688.4
Lab A,1341,ADL,2026-06-20,-5,8.167,0.0,688.1
Lab A,1341,ADL,2026-06-20,-5,8.333,0.0,688.0
Lab A,1341,ADL,2026-06-20,-5,8.5,0.0,688.7
Lab A,1341,ADL,2026-06-20,-5,8.667,0.1,688.3
Lab A,1341,ADL,2026-06-20,-5,8.833,0.0,688.4
Lab A,1341,ADL,2026-06-20,-5,9.0,0.0,688.4
Lab A,1341,ADL,2026-06-20,-5,9.167,0.0,688.0
Lab A,1341,ADL,2026-06-20,-5,9.333,0.0,687.6
Lab A,1341,ADL,2026-06-20,-5,9.5,0.0,687.7
Lab A,1341,ADL,2026-06-20,-5,9.667,0.0,687.8
Lab A,1341,ADL,2026-06-20,-5,9.833,0.0,687.8
Lab A,1341,ADL,2026-06-20,-5,10.0,13.5,684.3
Lab A,1341,ADL,2026-06-20,-5,10.167,8.5,688.8
Lab A,1341,ADL,2026-06-20,-5,10.333,2.2,689.2
Lab A,1341,ADL,2026-06-20,-5,10.5,0.0,690.2
Lab A,1341,ADL,2026-06-20,-5,10.667,0.0,683.1
Lab A,1341,ADL,2026-06-20,-5,10.833,0.0,703.8
Lab A,1341,ADL,2026-06-20,-5,11.0,0.0,680.0
Lab A,1341,ADL,2026-06-20,-5,11.167,16.0,660.0
Lab A,1341,ADL,2026-06-20,-5,11.333,17.4,690.4
Lab A,1341,ADL,2026-06-20,-5,11.5,13.8,695.1
Lab A,1341,ADL,2026-06-20,-5,11.667,0.0,697.4
Lab A,1341,ADL,2026-06-20,-5,11.833,0.0,697.3
Lab A,1341,ADL,2026-06-20,-5,12.0,0.0,697.1
Lab A,1341,ADL,2026-06-20,-5,12.167,0.0,697.6
Lab A,1341,ADL,2026-06-20,-5,12.333,0.0,697.2
Lab A,1341,ADL,2026-06-20,-5,12.5,0.0,697.2
Lab A,1341,ADL,2026-06-20,-5,12.667,0.0,697.5
Lab A,1341,ADL,2026-06-20,-5,12.833,1.8,697.4
Lab A,1341,ADL,2026-06-20,-5,13.0,0.0,697.4
Lab A,1341,ADL,2026-06-20,-5,13.167,0.0,697.3
Lab A,1341,ADL,2026-06-20,-5,13.333,0.0,696.9
Lab A,1341,ADL,2026-06-20,-5,13.5,0.0,696.5
Lab A,1341,ADL,2026-06-20,-5,13.667,0.0,696.8
Lab A,1341,ADL,2026-06-20,-5,13.833,0.0,697.5
Lab A,1341,ADL,2026-06-20,-5,14.0,0.0,697.3
Lab A,1341,ADL,2026-06-20,-5,14.167,0.0,697.1
Lab A,1341,ADL,2026-06-20,-5,14.333,0.0,697.1
Lab A,1341,ADL,2026-06-20,-5,14.5,0.0,697.4
Lab A,1341,ADL,2026-06-20,-5,14.667,33.7,694.1
Lab A,1341,ADL,2026-06-20,-5,14.833,28.2,691.5
Lab A,1341,ADL,2026-06-20,-5,15.0,8.7,703.0
Lab A,1341,ADL,2026-06-20,-5,15.167,0.0,704.0
Lab A,1341,ADL,2026-06-20,-5,15.333,0.0,704.6
Lab A,1341,ADL,2026-06-20,-5,15.5,0.0,704.5
Lab A,1341,ADL,2026-06-20,-5,15.667,0.0,704.4
Lab A,1341,ADL,2026-06-20,-5,15.833,0.0,703.8
Lab A,1341,ADL,2026-06-20,-5,16.0,0.0,704.3
Lab A,1341,ADL,2026-06-20,-5,16.167,0.0,704.1
Lab A,1341,ADL,2026-06-20,-5,16.333,4.1,703.0
Lab A,1341,ADL,2026-06-20,-5,16.5,1.2,702.5
Lab A,1341,ADL,2026-06-20,-5,16.667,0.0,702.6
Lab A,1341,ADL,2026-06-20,-5,16.833,0.0,703.3
Lab A,1341,ADL,2026-06-20,-5,17.0,0.0,562.6
Lab A,1341,ADL,2026-06-20,-5,17.167,13.5,0.0
Lab A,1341,ADL,2026-06-20,-5,17.333,1.0,0.0
Lab A,1341,ADL,2026-06-20,-5,17.5,0.0,0.0
Lab A,1341,ADL,2026-06-20,-5,17.667,24.4,0.0
Lab A,1341,ADL,2026-06-20,-5,17.833,26.5,0.0
Lab A,1341,ADL,2026-06-20,-5,18.0,0.1,0.0
Lab A,1341,ADL,2026-06-20,-5,18.167,7.2,0.0
Lab A,1341,ADL,2026-06-20,-5,18.333,9.3,0.0
Lab A,1341,ADL,2026-06-20,-5,18.5,0.0,0.0
Lab A,1341,ADL,2026-06-20,-5,18.667,0.1,0.0
Lab A,1341,ADL,2026-06-20,-5,18.833,0.0,0.0
Lab A,1341,ADL,2026-06-20,-5,19.0,0.0,0.0
Lab A,1341,ADL,2026-06-20,-5,19.167,38.4,0.0
Lab A,1341,ADL,2026-06-20,-5,19.333,0.1,0.0
Lab A,1341,ADL,2026-06-20,-5,19.5,2.0,0.0
Lab A,1341,ADL,2026-06-20,-5,19.667,0.0,0.0
Lab A,1341,ADL,2026-06-20,-5,19.833,0.0,0.0
Lab A,1341,ADL,2026-06-20,-5,20.0,3.0,0.0
Lab A,1341,ADL,2026-06-20,-5,20.167,33.5,0.0
Lab A,1341,ADL,2026-06-20,-5,20.333,11.7,0.0
Lab A,1341,ADL,2026-06-20,-5,20.5,0.0,0.0
Lab A,1341,ADL,2026-06-20,-5,20.667,0.0,0.0
Lab A,1341,ADL,2026-06-20,-5,20.833,0.0,0.0
Lab A,1341,ADL,2026-06-20,-5,21.0,0.0,0.0
Lab A,1341,ADL,2026-06-20,-5,21.167,0.0,0.0
Lab A,1341,ADL,2026-06-20,-5,21.333,20.2,0.0
Lab A,1341,ADL,2026-06-20,-5,21.5,52.8,0.0
Lab A,1341,ADL,2026-06-20,-5,21.667,32.3,0.0
Lab A,1341,ADL,2026-06-20,-5,21.833,0.0,0.0
Lab A,1341,ADL,2026-06-20,-5,22.0,0.0,0.0
Lab A,1341,ADL,2026-06-20,-5,22.167,0.0,0.0
Lab A,1341,ADL,2026-06-20,-5,22.333,0.0,0.0
Lab A,1341,ADL,2026-06-20,-5,22.5,19.3,0.0
Lab A,1341,ADL,2026-06-20,-5,22.667,50.4,0.0
Lab A,1341,ADL,2026-06-20,-5,22.833,22.8,0.0
Lab A,1341,ADL,2026-06-20,-5,23.0,31.6,0.0
Lab A,1341,ADL,2026-06-20,-5,23.167,22.8,0.0
Lab A,1341,ADL,2026-06-20,-5,23.333,0.0,0.0
Lab A,1341,ADL,2026-06-20,-5,23.5,0.0,0.0
Lab A,1341,ADL,2026-06-20,-5,23.667,0.0,0.0
Lab A,1341,ADL,2026-06-20,-5,23.833,0.0,0.0
Lab A,1341,ADL,2026-06-21,-4,0.0,0.0,0.0
Lab A,1341,ADL,2026-06-21,-4,0.167,1.3,0.0
Lab A,1341,ADL,2026-06-21,-4,0.333,42.7,0.0
Lab A,1341,ADL,2026-06-21,-4,0.5,19.0,0.0
Lab A,1341,ADL,2026-06-21,-4,0.667,0.0,0.0
Lab A,1341,ADL,2026-06-21,-4,0.833,0.0,0.0
Lab A,1341,ADL,2026-06-21,-4,1.0,0.0,0.0
Lab A,1341,ADL,2026-06-21,-4,1.167,0.0,0.0
Lab A,1341,ADL,2026-06-21,-4,1.333,0.0,0.0
Lab A,1341,ADL,2026-06-21,-4,1.5,3.0,0.0
Lab A,1341,ADL,2026-06-21,-4,1.667,0.0,0.0
Lab A,1341,ADL,2026-06-21,-4,1.833,0.0,0.0
Lab A,1341,ADL,2026-06-21,-4,2.0,0.0,0.0
Lab A,1341,ADL,2026-06-21,-4,2.167,0.0,0.0
Lab A,1341,ADL,2026-06-21,-4,2.333,21.9,0.0
Lab A,1341,ADL,2026-06-21,-4,2.5,21.4,0.0
Lab A,1341,ADL,2026-06-21,-4,2.667,0.6,0.0
Lab A,1341,ADL,2026-06-21,-4,2.833,0.0,0.0
Lab A,1341,ADL,2026-06-21,-4,3.0,0.0,0.0
Lab A,1341,ADL,2026-06-21,-4,3.167,0.0,0.0
Lab A,1341,ADL,2026-06-21,-4,3.333,0.0,0.0
Lab A,1341,ADL,2026-06-21,-4,3.5,0.0,0.0
Lab A,1341,ADL,2026-06-21,-4,3.667,4.2,0.0
Lab A,1341,ADL,2026-06-21,-4,3.833,0.0,0.0
Lab A,1341,ADL,2026-06-21,-4,4.0,0.0,0.0
Lab A,1341,ADL,2026-06-21,-4,4.167,16.2,0.0
Lab A,1341,ADL,2026-06-21,-4,4.333,33.9,0.0
Lab A,1341,ADL,2026-06-21,-4,4.5,28.1,0.0
Lab A,1341,ADL,2026-06-21,-4,4.667,30.9,0.0
Lab A,1341,ADL,2026-06-21,-4,4.833,6.9,0.0
Lab A,1341,ADL,2026-06-21,-4,5.0,0.0,0.0
Lab A,1341,ADL,2026-06-21,-4,5.167,0.0,642.2
Lab A,1341,ADL,2026-06-21,-4,5.333,0.0,708.3
Lab A,1341,ADL,2026-06-21,-4,5.5,0.0,707.3
Lab A,1341,ADL,2026-06-21,-4,5.667,0.0,706.4
Lab A,1341,ADL,2026-06-21,-4,5.833,0.0,705.9
Lab A,1341,ADL,2026-06-21,-4,6.0,0.0,706.0
Lab A,1341,ADL,2026-06-21,-4,6.167,,706.0
Lab A,1341,ADL,2026-06-21,-4,6.333,2.4,705.3
Lab A,1341,ADL,2026-06-21,-4,6.5,0.0,704.4
Lab A,1341,ADL,2026-06-21,-4,6.667,0.0,704.0
Lab A,1341,ADL,2026-06-21,-4,6.833,0.0,704.2
Lab A,1341,ADL,2026-06-21,-4,7.0,0.0,703.6
Lab A,1341,ADL,2026-06-21,-4,7.167,0.0,703.3
Lab A,1341,ADL,2026-06-21,-4,7.333,0.0,703.8
Lab A,1341,ADL,2026-06-21,-4,7.5,4.8,701.5
Lab A,1341,ADL,2026-06-21,-4,7.667,0.0,703.2
Lab A,1341,ADL,2026-06-21,-4,7.833,0.0,702.8
Lab A,1341,ADL,2026-06-21,-4,8.0,0.0,702.7
Lab A,1341,ADL,2026-06-21,-4,8.167,0.0,702.5
Lab A,1341,ADL,2026-06-21,-4,8.333,0.0,702.5
Lab A,1341,ADL,2026-06-21,-4,8.5,0.0,701.6
Lab A,1341,ADL,2026-06-21,-4,8.667,0.0,701.5
Lab A,1341,ADL,2026-06-21,-4,8.833,0.0,701.4
Lab A,1341,ADL,2026-06-21,-4,9.0,0.0,702.0
Lab A,1341,ADL,2026-06-21,-4,9.167,4.5,701.1
Lab A,1341,ADL,2026-06-21,-4,9.333,0.0,701.2
Lab A,1341,ADL,2026-06-21,-4,9.5,0.0,702.3
Lab A,1341,ADL,2026-06-21,-4,9.667,0.0,702.7
Lab A,1341,ADL,2026-06-21,-4,9.833,0.0,702.5
Lab A,1341,ADL,2026-06-21,-4,10.0,0.0,701.9
Lab A,1341,ADL,2026-06-21,-4,10.167,0.0,700.6
Lab A,1341,ADL,2026-06-21,-4,10.333,0.0,701.5
Lab A,1341,ADL,2026-06-21,-4,10.5,18.6,697.8
Lab A,1341,ADL,2026-06-21,-4,10.667,24.8,700.5
Lab A,1341,ADL,2026-06-21,-4,10.833,21.9,706.8
Lab A,1341,ADL,2026-06-21,-4,11.0,0.0,710.3
Lab A,1341,ADL,2026-06-21,-4,11.167,0.0,711.0
Lab A,1341,ADL,2026-06-21,-4,11.333,0.0,711.0
Lab A,1341,ADL,2026-06-21,-4,11.5,0.0,711.4
Lab A,1341,ADL,2026-06-21,-4,11.667,0.0,711.2
Lab A,1341,ADL,2026-06-21,-4,11.833,0.0,711.3
Lab A,1341,ADL,2026-06-21,-4,12.0,0.0,711.4
Lab A,1341,ADL,2026-06-21,-4,12.167,0.0,711.2
Lab A,1341,ADL,2026-06-21,-4,12.333,0.0,711.6
Lab A,1341,ADL,2026-06-21,-4,12.5,0.0,711.3
Lab A,1341,ADL,2026-06-21,-4,12.667,0.0,711.4
Lab A,1341,ADL,2026-06-21,-4,12.833,2.5,710.4
Lab A,1341,ADL,2026-06-21,-4,13.0,0.0,708.8
Lab A,1341,ADL,2026-06-21,-4,13.167,0.0,708.9
Lab A,1341,ADL,2026-06-21,-4,13.333,0.0,708.7
Lab A,1341,ADL,2026-06-21,-4,13.5,9.2,654.1
Lab A,1341,ADL,2026-06-21,-4,13.667,26.9,669.5
Lab A,1341,ADL,2026-06-21,-4,13.833,38.3,694.6
Lab A,1341,ADL,2026-06-21,-4,14.0,13.1,704.0
Lab A,1341,ADL,2026-06-21,-4,14.167,0.0,705.0
Lab A,1341,ADL,2026-06-21,-4,14.333,0.0,704.5
Lab A,1341,ADL,2026-06-21,-4,14.5,0.0,704.8
Lab A,1341,ADL,2026-06-21,-4,14.667,0.0,704.8
Lab A,1341,ADL,2026-06-21,-4,14.833,0.0,704.9
Lab A,1341,ADL,2026-06-21,-4,15.0,0.0,704.1
Lab A,1341,ADL,2026-06-21,-4,15.167,1.1,704.1
Lab A,1341,ADL,2026-06-21,-4,15.333,0.0,704.1
Lab A,1341,ADL,2026-06-21,-4,15.5,0.0,704.3
Lab A,1341,ADL,2026-06-21,-4,15.667,0.0,704.0
Lab A,1341,ADL,2026-06-21,-4,15.833,0.0,704.1
Lab A,1341,ADL,2026-06-21,-4,16.0,0.8,703.4
Lab A,1341,ADL,2026-06-21,-4,16.167,0.0,703.9
Lab A,1341,ADL,2026-06-21,-4,16.333,0.0,704.1
Lab A,1341,ADL,2026-06-21,-4,16.5,0.0,703.8
Lab A,1341,ADL,2026-06-21,-4,16.667,0.0,703.4
Lab A,1341,ADL,2026-06-21,-4,16.833,0.0,703.8
Lab A,1341,ADL,2026-06-21,-4,17.0,7.2,562.9
Lab A,1341,ADL,2026-06-21,-4,17.167,66.3,0.0
Lab A,1341,ADL,2026-06-21,-4,17.333,1.9,0.0
Lab A,1341,ADL,2026-06-21,-4,17.5,0.0,0.0
Lab A,1341,ADL,2026-06-21,-4,17.667,0.0,0.0
Lab A,1341,ADL,2026-06-21,-4,17.833,5.9,0.0
Lab A,1341,ADL,2026-06-21,-4,18.0,2.2,0.0
Lab A,1341,ADL,2026-06-21,-4,18.167,40.3,0.0
Lab A,1341,ADL,2026-06-21,-4,18.333,21.9,0.0
Lab A,1341,ADL,2026-06-21,-4,18.5,0.0,0.0
Lab A,1341,ADL,2026-06-21,-4,18.667,0.0,0.0
Lab A,1341,ADL,2026-06-21,-4,18.833,0.0,0.0
Lab A,1341,ADL,2026-06-21,-4,19.0,0.9,0.0
Lab A,1341,ADL,2026-06-21,-4,19.167,1.4,0.0
Lab A,1341,ADL,2026-06-21,-4,19.333,4.5,0.0
Lab A,1341,ADL,2026-06-21,-4,19.5,0.0,0.0
Lab A,1341,ADL,2026-06-21,-4,19.667,0.0,0.0
Lab A,1341,ADL,2026-06-21,-4,19.833,0.1,0.0
Lab A,1341,ADL,2026-06-21,-4,20.0,0.0,0.0
Lab A,1341,ADL,2026-06-21,-4,20.167,0.0,0.0
Lab A,1341,ADL,2026-06-21,-4,20.333,13.5,0.0
Lab A,1341,ADL,2026-06-21,-4,20.5,42.5,0.0
Lab A,1341,ADL,2026-06-21,-4,20.667,24.7,0.0
Lab A,1341,ADL,2026-06-21,-4,20.833,13.2,0.0
Lab A,1341,ADL,2026-06-21,-4,21.0,1.5,0.0
Lab A,1341,ADL,2026-06-21,-4,21.167,0.0,0.0
Lab A,1341,ADL,2026-06-21,-4,21.333,0.0,0.0
Lab A,1341,ADL,2026-06-21,-4,21.5,0.0,0.0
Lab A,1341,ADL,2026-06-21,-4,21.667,0.3,0.0
Lab A,1341,ADL,2026-06-21,-4,21.833,8.6,0.0
Lab A,1341,ADL,2026-06-21,-4,22.0,0.0,0.0
Lab A,1341,ADL,2026-06-21,-4,22.167,0.0,0.0
Lab A,1341,ADL,2026-06-21,-4,22.333,40.0,0.0
Lab A,1341,ADL,2026-06-21,-4,22.5,26.6,0.0
Lab A,1341,ADL,2026-06-21,-4,22.667,42.5,0.0
Lab A,1341,ADL,2026-06-21,-4,22.833,20.2,0.0
Lab A,1341,ADL,2026-06-21,-4,23.0,1.4,0.0
Lab A,1341,ADL,2026-06-21,-4,23.167,0.0,0.0
Lab A,1341,ADL,2026-06-21,-4,23.333,0.0,0.0
Lab A,1341,ADL,2026-06-21,-4,23.5,0.0,0.0
Lab A,1341,ADL,2026-06-21,-4,23.667,0.0,0.0
Lab A,1341,ADL,2026-06-21,-4,23.833,2.5,0.0
Lab A,1341,ADL,2026-06-22,-3,0.0,0.0,0.0
Lab A,1341,ADL,2026-06-22,-3,0.167,0.0,0.0
Lab A,1341,ADL,2026-06-22,-3,0.333,2.6,0.0
Lab A,1341,ADL,2026-06-22,-3,0.5,0.0,0.0
Lab A,1341,ADL,2026-06-22,-3,0.667,1.6,0.0
Lab A,1341,ADL,2026-06-22,-3,0.833,0.0,0.0
Lab A,1341,ADL,2026-06-22,-3,1.0,0.0,0.0
Lab A,1341,ADL,2026-06-22,-3,1.167,1.8,0.0
Lab A,1341,ADL,2026-06-22,-3,1.333,27.7,0.0
Lab A,1341,ADL,2026-06-22,-3,1.5,12.5,0.0
Lab A,1341,ADL,2026-06-22,-3,1.667,0.0,0.0
Lab A,1341,ADL,2026-06-22,-3,1.833,0.0,0.0
Lab A,1341,ADL,2026-06-22,-3,2.0,0.0,0.0
Lab A,1341,ADL,2026-06-22,-3,2.167,0.0,0.0
Lab A,1341,ADL,2026-06-22,-3,2.333,0.0,0.0
Lab A,1341,ADL,2026-06-22,-3,2.5,14.1,0.0
Lab A,1341,ADL,2026-06-22,-3,2.667,0.0,0.0
Lab A,1341,ADL,2026-06-22,-3,2.833,0.0,0.0
Lab A,1341,ADL,2026-06-22,-3,3.0,0.0,0.0
Lab A,1341,ADL,2026-06-22,-3,3.167,0.0,0.0
Lab A,1341,ADL,2026-06-22,-3,3.333,23.8,0.0
Lab A,1341,ADL,2026-06-22,-3,3.5,37.0,0.0
Lab A,1341,ADL,2026-06-22,-3,3.667,17.1,0.0
Lab A,1341,ADL,2026-06-22,-3,3.833,1.6,0.0
Lab A,1341,ADL,2026-06-22,-3,4.0,0.0,0.0
Lab A,1341,ADL,2026-06-22,-3,4.167,0.0,0.0
Lab A,1341,ADL,2026-06-22,-3,4.333,0.0,0.0
Lab A,1341,ADL,2026-06-22,-3,4.5,0.0,0.0
Lab A,1341,ADL,2026-06-22,-3,4.667,53.1,0.0
Lab A,1341,ADL,2026-06-22,-3,4.833,34.0,0.0
Lab A,1341,ADL,2026-06-22,-3,5.0,41.5,0.0
Lab A,1341,ADL,2026-06-22,-3,5.167,22.1,643.2
Lab A,1341,ADL,2026-06-22,-3,5.333,32.2,708.0
Lab A,1341,ADL,2026-06-22,-3,5.5,14.1,709.7
Lab A,1341,ADL,2026-06-22,-3,5.667,0.0,711.8
Lab A,1341,ADL,2026-06-22,-3,5.833,0.0,711.1
Lab A,1341,ADL,2026-06-22,-3,6.0,0.0,710.7
Lab A,1341,ADL,2026-06-22,-3,6.167,0.0,709.7
Lab A,1341,ADL,2026-06-22,-3,6.333,0.0,709.5
Lab A,1341,ADL,2026-06-22,-3,6.5,0.0,710.0
Lab A,1341,ADL,2026-06-22,-3,6.667,0.0,709.5
Lab A,1341,ADL,2026-06-22,-3,6.833,0.0,708.9
Lab A,1341,ADL,2026-06-22,-3,7.0,0.0,708.2
Lab A,1341,ADL,2026-06-22,-3,7.167,0.0,707.9
Lab A,1341,ADL,2026-06-22,-3,7.333,0.0,708.4
Lab A,1341,ADL,2026-06-22,-3,7.5,0.0,708.8
Lab A,1341,ADL,2026-06-22,-3,7.667,0.0,707.6
Lab A,1341,ADL,2026-06-22,-3,7.833,0.0,708.7
Lab A,1341,ADL,2026-06-22,-3,8.0,0.0,707.7
Lab A,1341,ADL,2026-06-22,-3,8.167,0.0,708.0
Lab A,1341,ADL,2026-06-22,-3,8.333,0.0,708.0
Lab A,1341,ADL,2026-06-22,-3,8.5,0.0,707.9
Lab A,1341,ADL,2026-06-22,-3,8.667,0.0,707.6
Lab A,1341,ADL,2026-06-22,-3,8.833,2.5,707.2
Lab A,1341,ADL,2026-06-22,-3,9.0,0.0,708.2
Lab A,1341,ADL,2026-06-22,-3,9.167,0.0,707.5
Lab A,1341,ADL,2026-06-22,-3,9.333,0.0,707.8
Lab A,1341,ADL,2026-06-22,-3,9.5,0.0,707.5
Lab A,1341,ADL,2026-06-22,-3,9.667,0.0,707.4
Lab A,1341,ADL,2026-06-22,-3,9.833,0.0,707.4
Lab A,1341,ADL,2026-06-22,-3,10.0,0.0,707.8
Lab A,1341,ADL,2026-06-22,-3,10.167,,707.0
Lab A,1341,ADL,2026-06-22,-3,10.333,0.0,707.5
Lab A,1341,ADL,2026-06-22,-3,10.5,0.0,707.6
Lab A,1341,ADL,2026-06-22,-3,10.667,0.0,706.9
Lab A,1341,ADL,2026-06-22,-3,10.833,0.0,707.4
Lab A,1341,ADL,2026-06-22,-3,11.0,0.0,707.2
Lab A,1341,ADL,2026-06-22,-3,11.167,0.0,706.9
Lab A,1341,ADL,2026-06-22,-3,11.333,4.2,705.8
Lab A,1341,ADL,2026-06-22,-3,11.5,11.5,706.6
Lab A,1341,ADL,2026-06-22,-3,11.667,0.4,684.9
Lab A,1341,ADL,2026-06-22,-3,11.833,10.2,643.6
Lab A,1341,ADL,2026-06-22,-3,12.0,29.1,699.9
Lab A,1341,ADL,2026-06-22,-3,12.167,9.8,701.5
Lab A,1341,ADL,2026-06-22,-3,12.333,0.0,702.5
Lab A,1341,ADL,2026-06-22,-3,12.5,0.0,702.2
Lab A,1341,ADL,2026-06-22,-3,12.667,0.0,701.8
Lab A,1341,ADL,2026-06-22,-3,12.833,0.0,701.5
Lab A,1341,ADL,2026-06-22,-3,13.0,0.0,701.6
Lab A,1341,ADL,2026-06-22,-3,13.167,0.0,701.6
Lab A,1341,ADL,2026-06-22,-3,13.333,0.0,702.3
Lab A,1341,ADL,2026-06-22,-3,13.5,0.0,701.6
Lab A,1341,ADL,2026-06-22,-3,13.667,0.0,701.8
Lab A,1341,ADL,2026-06-22,-3,13.833,0.0,701.5
Lab A,1341,ADL,2026-06-22,-3,14.0,6.3,699.7
Lab A,1341,ADL,2026-06-22,-3,14.167,0.0,701.0
Lab A,1341,ADL,2026-06-22,-3,14.333,0.0,700.8
Lab A,1341,ADL,2026-06-22,-3,14.5,0.0,700.6
Lab A,1341,ADL,2026-06-22,-3,14.667,0.0,701.0
Lab A,1341,ADL,2026-06-22,-3,14.833,0.0,701.1
Lab A,1341,ADL,2026-06-22,-3,15.0,0.0,700.9
Lab A,1341,ADL,2026-06-22,-3,15.167,6.4,699.5
Lab A,1341,ADL,2026-06-22,-3,15.333,3.5,700.4
Lab A,1341,ADL,2026-06-22,-3,15.5,0.0,700.6
Lab A,1341,ADL,2026-06-22,-3,15.667,0.0,701.0
Lab A,1341,ADL,2026-06-22,-3,15.833,0.0,700.4
Lab A,1341,ADL,2026-06-22,-3,16.0,0.0,701.0
Lab A,1341,ADL,2026-06-22,-3,16.167,0.0,701.0
Lab A,1341,ADL,2026-06-22,-3,16.333,0.0,700.7
Lab A,1341,ADL,2026-06-22,-3,16.5,0.0,700.3
Lab A,1341,ADL,2026-06-22,-3,16.667,0.0,700.5
Lab A,1341,ADL,2026-06-22,-3,16.833,3.5,700.5
Lab A,1341,ADL,2026-06-22,-3,17.0,0.0,560.1
Lab A,1341,ADL,2026-06-22,-3,17.167,0.3,0.0
Lab A,1341,ADL,2026-06-22,-3,17.333,12.5,0.0
Lab A,1341,ADL,2026-06-22,-3,17.5,1.4,0.0
Lab A,1341,ADL,2026-06-22,-3,17.667,0.0,0.0
Lab A,1341,ADL,2026-06-22,-3,17.833,30.8,0.0
Lab A,1341,ADL,2026-06-22,-3,18.0,30.0,0.0
Lab A,1341,ADL,2026-06-22,-3,18.167,0.0,0.0
Lab A,1341,ADL,2026-06-22,-3,18.333,0.0,0.0
Lab A,1341,ADL,2026-06-22,-3,18.5,3.2,0.0
Lab A,1341,ADL,2026-06-22,-3,18.667,25.4,0.0
Lab A,1341,ADL,2026-06-22,-3,18.833,18.2,0.0
Lab A,1341,ADL,2026-06-22,-3,19.0,0.0,0.0
Lab A,1341,ADL,2026-06-22,-3,19.167,0.0,0.0
Lab A,1341,ADL,2026-06-22,-3,19.333,0.0,0.0
Lab A,1341,ADL,2026-06-22,-3,19.5,0.0,0.0
Lab A,1341,ADL,2026-06-22,-3,19.667,0.0,0.0
Lab A,1341,ADL,2026-06-22,-3,19.833,3.4,0.0
Lab A,1341,ADL,2026-06-22,-3,20.0,49.5,0.0
Lab A,1341,ADL,2026-06-22,-3,20.167,26.0,0.0
Lab A,1341,ADL,2026-06-22,-3,20.333,4.9,0.0
Lab A,1341,ADL,2026-06-22,-3,20.5,0.0,0.0
Lab A,1341,ADL,2026-06-22,-3,20.667,0.0,0.0
Lab A,1341,ADL,2026-06-22,-3,20.833,0.0,0.0
Lab A,1341,ADL,2026-06-22,-3,21.0,3.8,0.0
Lab A,1341,ADL,2026-06-22,-3,21.167,0.0,0.0
Lab A,1341,ADL,2026-06-22,-3,21.333,20.1,0.0
Lab A,1341,ADL,2026-06-22,-3,21.5,43.0,0.0
Lab A,1341,ADL,2026-06-22,-3,21.667,28.3,0.0
Lab A,1341,ADL,2026-06-22,-3,21.833,39.7,0.0
Lab A,1341,ADL,2026-06-22,-3,22.0,45.8,0.0
Lab A,1341,ADL,2026-06-22,-3,22.167,25.0,0.0
Lab A,1341,ADL,2026-06-22,-3,22.333,10.7,0.0
Lab A,1341,ADL,2026-06-22,-3,22.5,1.1,0.0
Lab A,1341,ADL,2026-06-22,-3,22.667,0.0,0.0
Lab A,1341,ADL,2026-06-22,-3,22.833,0.0,0.0
Lab A,1341,ADL,2026-06-22,-3,23.0,0.0,0.0
Lab A,1341,ADL,2026-06-22,-3,23.167,0.0,0.0
Lab A,1341,ADL,2026-06-22,-3,23.333,0.0,0.0
Lab A,1341,ADL,2026-06-22,-3,23.5,3.0,0.0
Lab A,1341,ADL,2026-06-22,-3,23.667,0.0,0.0
Lab A,1341,ADL,2026-06-22,-3,23.833,0.0,0.0
Lab A,1341,ADL,2026-06-23,-2,0.0,0.0,0.0
Lab A,1341,ADL,2026-06-23,-2,0.167,0.2,0.0
Lab A,1341,ADL,2026-06-23,-2,0.333,0.0,0.0
Lab A,1341,ADL,2026-06-23,-2,0.5,0.0,0.0
Lab A,1341,ADL,2026-06-23,-2,0.667,17.1,0.0
Lab A,1341,ADL,2026-06-23,-2,0.833,29.0,0.0
Lab A,1341,ADL,2026-06-23,-2,1.0,8.6,0.0
Lab A,1341,ADL,2026-06-23,-2,1.167,0.0,0.0
Lab A,1341,ADL,2026-06-23,-2,1.333,0.0,0.0
Lab A,1341,ADL,2026-06-23,-2,1.5,0.0,0.0
Lab A,1341,ADL,2026-06-23,-2,1.667,0.0,0.0
Lab A,1341,ADL,2026-06-23,-2,1.833,0.0,0.0
Lab A,1341,ADL,2026-06-23,-2,2.0,0.0,0.0
Lab A,1341,ADL,2026-06-23,-2,2.167,7.5,0.0
Lab A,1341,ADL,2026-06-23,-2,2.333,0.0,0.0
Lab A,1341,ADL,2026-06-23,-2,2.5,0.0,0.0
Lab A,1341,ADL,2026-06-23,-2,2.667,0.0,0.0
Lab A,1341,ADL,2026-06-23,-2,2.833,0.0,0.0
Lab A,1341,ADL,2026-06-23,-2,3.0,4.1,0.0
Lab A,1341,ADL,2026-06-23,-2,3.167,40.6,0.0
Lab A,1341,ADL,2026-06-23,-2,3.333,15.9,0.0
Lab A,1341,ADL,2026-06-23,-2,3.5,17.3,0.0
Lab A,1341,ADL,2026-06-23,-2,3.667,13.9,0.0
Lab A,1341,ADL,2026-06-23,-2,3.833,0.0,0.0
Lab A,1341,ADL,2026-06-23,-2,4.0,0.0,0.0
Lab A,1341,ADL,2026-06-23,-2,4.167,0.0,0.0
Lab A,1341,ADL,2026-06-23,-2,4.333,0.0,0.0
Lab A,1341,ADL,2026-06-23,-2,4.5,0.0,0.0
Lab A,1341,ADL,2026-06-23,-2,4.667,0.0,0.0
Lab A,1341,ADL,2026-06-23,-2,4.833,12.9,0.0
Lab A,1341,ADL,2026-06-23,-2,5.0,37.6,0.0
Lab A,1341,ADL,2026-06-23,-2,5.167,42.0,637.4
Lab A,1341,ADL,2026-06-23,-2,5.333,21.3,709.3
Lab A,1341,ADL,2026-06-23,-2,5.5,0.6,712.1
Lab A,1341,ADL,2026-06-23,-2,5.667,0.0,711.8
Lab A,1341,ADL,2026-06-23,-2,5.833,0.0,711.3
Lab A,1341,ADL,2026-06-23,-2,6.0,0.0,710.4
Lab A,1341,ADL,2026-06-23,-2,6.167,0.0,710.7
Lab A,1341,ADL,2026-06-23,-2,6.333,0.0,710.0
Lab A,1341,ADL,2026-06-23,-2,6.5,0.0,709.7
Lab A,1341,ADL,2026-06-23,-2,6.667,0.0,709.7
Lab A,1341,ADL,2026-06-23,-2,6.833,0.0,709.2
Lab A,1341,ADL,2026-06-23,-2,7.0,0.0,709.4
Lab A,1341,ADL,2026-06-23,-2,7.167,1.8,708.4
Lab A,1341,ADL,2026-06-23,-2,7.333,37.0,701.5
Lab A,1341,ADL,2026-06-23,-2,7.5,14.9,705.8
Lab A,1341,ADL,2026-06-23,-2,7.667,2.2,708.5
Lab A,1341,ADL,2026-06-23,-2,7.833,0.0,708.4
Lab A,1341,ADL,2026-06-23,-2,8.0,0.0,707.0
Lab A,1341,ADL,2026-06-23,-2,8.167,0.0,707.1
Lab A,1341,ADL,2026-06-23,-2,8.333,0.0,707.8
Lab A,1341,ADL,2026-06-23,-2,8.5,0.0,707.4
Lab A,1341,ADL,2026-06-23,-2,8.667,0.0,707.4
Lab A,1341,ADL,2026-06-23,-2,8.833,0.0,707.3
Lab A,1341,ADL,2026-06-23,-2,9.0,0.0,706.6
Lab A,1341,ADL,2026-06-23,-2,9.167,0.0,706.6
Lab A,1341,ADL,2026-06-23,-2,9.333,0.0,706.4
Lab A,1341,ADL,2026-06-23,-2,9.5,0.0,706.7
Lab A,1341,ADL,2026-06-23,-2,9.667,0.0,707.5
Lab A,1341,ADL,2026-06-23,-2,9.833,0.0,706.6
Lab A,1341,ADL,2026-06-23,-2,10.0,0.0,706.3
Lab A,1341,ADL,2026-06-23,-2,10.167,0.0,706.3
Lab A,1341,ADL,2026-06-23,-2,10.333,0.0,706.4
Lab A,1341,ADL,2026-06-23,-2,10.5,0.0,706.9
Lab A,1341,ADL,2026-06-23,-2,10.667,6.6,705.8
Lab A,1341,ADL,2026-06-23,-2,10.833,0.0,705.8
Lab A,1341,ADL,2026-06-23,-2,11.0,0.0,706.4
Lab A,1341,ADL,2026-06-23,-2,11.167,0.0,706.5
Lab A,1341,ADL,2026-06-23,-2,11.333,0.0,706.0
Lab A,1341,ADL,2026-06-23,-2,11.5,0.0,706.0
Lab A,1341,ADL,2026-06-23,-2,11.667,0.0,705.8
Lab A,1341,ADL,2026-06-23,-2,11.833,1.2,693.2
Lab A,1341,ADL,2026-06-23,-2,12.0,0.6,683.5
Lab A,1341,ADL,2026-06-23,-2,12.167,24.6,602.1
Lab A,1341,ADL,2026-06-23,-2,12.333,37.0,638.9
Lab A,1341,ADL,2026-06-23,-2,12.5,18.2,680.9
Lab A,1341,ADL,2026-06-23,-2,12.667,0.0,697.2
Lab A,1341,ADL,2026-06-23,-2,12.833,0.0,698.3
Lab A,1341,ADL,2026-06-23,-2,13.0,0.0,698.1
Lab A,1341,ADL,2026-06-23,-2,13.167,0.0,698.3
Lab A,1341,ADL,2026-06-23,-2,13.333,0.0,698.1
Lab A,1341,ADL,2026-06-23,-2,13.5,0.0,697.7
Lab A,1341,ADL,2026-06-23,-2,13.667,0.0,698.3
Lab A,1341,ADL,2026-06-23,-2,13.833,0.2,698.4
Lab A,1341,ADL,2026-06-23,-2,14.0,1.3,697.7
Lab A,1341,ADL,2026-06-23,-2,14.167,0.0,697.9
Lab A,1341,ADL,2026-06-23,-2,14.333,0.0,697.9
Lab A,1341,ADL,2026-06-23,-2,14.5,0.0,697.9
Lab A,1341,ADL,2026-06-23,-2,14.667,0.0,697.9
Lab A,1341,ADL,2026-06-23,-2,14.833,0.0,697.5
Lab A,1341,ADL,2026-06-23,-2,15.0,0.0,698.4
Lab A,1341,ADL,2026-06-23,-2,15.167,0.0,697.9
Lab A,1341,ADL,2026-06-23,-2,15.333,0.0,697.9
Lab A,1341,ADL,2026-06-23,-2,15.5,2.6,697.1
Lab A,1341,ADL,2026-06-23,-2,15.667,0.0,697.7
Lab A,1341,ADL,2026-06-23,-2,15.833,0.1,698.0
Lab A,1341,ADL,2026-06-23,-2,16.0,0.0,697.5
Lab A,1341,ADL,2026-06-23,-2,16.167,0.0,697.5
Lab A,1341,ADL,2026-06-23,-2,16.333,0.0,698.1
Lab A,1341,ADL,2026-06-23,-2,16.5,0.0,697.9
Lab A,1341,ADL,2026-06-23,-2,16.667,0.0,697.2
Lab A,1341,ADL,2026-06-23,-2,16.833,2.8,697.1
Lab A,1341,ADL,2026-06-23,-2,17.0,0.0,628.3
Lab A,1341,ADL,2026-06-23,-2,17.167,7.2,0.0
Lab A,1341,ADL,2026-06-23,-2,17.333,58.4,0.0
Lab A,1341,ADL,2026-06-23,-2,17.5,7.2,0.0
Lab A,1341,ADL,2026-06-23,-2,17.667,0.0,0.0
Lab A,1341,ADL,2026-06-23,-2,17.833,0.0,0.0
Lab A,1341,ADL,2026-06-23,-2,18.0,0.0,0.0
Lab A,1341,ADL,2026-06-23,-2,18.167,23.0,0.0
Lab A,1341,ADL,2026-06-23,-2,18.333,24.3,0.0
Lab A,1341,ADL,2026-06-23,-2,18.5,0.0,0.0
Lab A,1341,ADL,2026-06-23,-2,18.667,0.0,0.0
Lab A,1341,ADL,2026-06-23,-2,18.833,0.2,0.0
Lab A,1341,ADL,2026-06-23,-2,19.0,0.0,0.0
Lab A,1341,ADL,2026-06-23,-2,19.167,0.0,0.0
Lab A,1341,ADL,2026-06-23,-2,19.333,24.7,0.0
Lab A,1341,ADL,2026-06-23,-2,19.5,17.7,0.0
Lab A,1341,ADL,2026-06-23,-2,19.667,1.0,0.0
Lab A,1341,ADL,2026-06-23,-2,19.833,0.0,0.0
Lab A,1341,ADL,2026-06-23,-2,20.0,0.0,0.0
Lab A,1341,ADL,2026-06-23,-2,20.167,0.0,0.0
Lab A,1341,ADL,2026-06-23,-2,20.333,0.0,0.0
Lab A,1341,ADL,2026-06-23,-2,20.5,0.0,0.0
Lab A,1341,ADL,2026-06-23,-2,20.667,33.8,0.0
Lab A,1341,ADL,2026-06-23,-2,20.833,24.1,0.0
Lab A,1341,ADL,2026-06-23,-2,21.0,1.8,0.0
Lab A,1341,ADL,2026-06-23,-2,21.167,0.0,0.0
Lab A,1341,ADL,2026-06-23,-2,21.333,0.0,0.0
Lab A,1341,ADL,2026-06-23,-2,21.5,0.0,0.0
Lab A,1341,ADL,2026-06-23,-2,21.667,0.3,0.0
Lab A,1341,ADL,2026-06-23,-2,21.833,0.1,0.0
Lab A,1341,ADL,2026-06-23,-2,22.0,0.0,0.0
Lab A,1341,ADL,2026-06-23,-2,22.167,5.6,0.0
Lab A,1341,ADL,2026-06-23,-2,22.333,0.2,0.0
Lab A,1341,ADL,2026-06-23,-2,22.5,0.0,0.0
Lab A,1341,ADL,2026-06-23,-2,22.667,1.1,0.0
Lab A,1341,ADL,2026-06-23,-2,22.833,15.6,0.0
Lab A,1341,ADL,2026-06-23,-2,23.0,43.1,0.0
Lab A,1341,ADL,2026-06-23,-2,23.167,27.0,0.0
Lab A,1341,ADL,2026-06-23,-2,23.333,19.4,0.0
Lab A,1341,ADL,2026-06-23,-2,23.5,0.1,0.0
Lab A,1341,ADL,2026-06-23,-2,23.667,0.0,0.0
Lab A,1341,ADL,2026-06-23,-2,23.833,0.0,0.0
Lab A,1341,ADL,2026-06-24,-1,0.0,0.0,0.0
Lab A,1341,ADL,2026-06-24,-1,0.167,0.0,0.0
Lab A,1341,ADL,2026-06-24,-1,0.333,0.0,0.0
Lab A,1341,ADL,2026-06-24,-1,0.5,3.7,0.0
Lab A,1341,ADL,2026-06-24,-1,0.667,30.3,0.0
Lab A,1341,ADL,2026-06-24,-1,0.833,21.6,0.0
Lab A,1341,ADL,2026-06-24,-1,1.0,2.3,0.0
Lab A,1341,ADL,2026-06-24,-1,1.167,0.0,0.0
Lab A,1341,ADL,2026-06-24,-1,1.333,0.0,0.0
Lab A,1341,ADL,2026-06-24,-1,1.5,0.0,0.0
Lab A,1341,ADL,2026-06-24,-1,1.667,0.0,0.0
Lab A,1341,ADL,2026-06-24,-1,1.833,0.0,0.0
Lab A,1341,ADL,2026-06-24,-1,2.0,0.0,0.0
Lab A,1341,ADL,2026-06-24,-1,2.167,3.7,0.0
Lab A,1341,ADL,2026-06-24,-1,2.333,0.0,0.0
Lab A,1341,ADL,2026-06-24,-1,2.5,0.0,0.0
Lab A,1341,ADL,2026-06-24,-1,2.667,0.0,0.0
Lab A,1341,ADL,2026-06-24,-1,2.833,16.6,0.0
Lab A,1341,ADL,2026-06-24,-1,3.0,2.0,0.0
Lab A,1341,ADL,2026-06-24,-1,3.167,0.0,0.0
Lab A,1341,ADL,2026-06-24,-1,3.333,0.0,0.0
Lab A,1341,ADL,2026-06-24,-1,3.5,1.9,0.0
Lab A,1341,ADL,2026-06-24,-1,3.667,17.7,0.0
Lab A,1341,ADL,2026-06-24,-1,3.833,16.6,0.0
Lab A,1341,ADL,2026-06-24,-1,4.0,27.9,0.0
Lab A,1341,ADL,2026-06-24,-1,4.167,48.2,0.0
Lab A,1341,ADL,2026-06-24,-1,4.333,42.3,0.0
Lab A,1341,ADL,2026-06-24,-1,4.5,20.9,0.0
Lab A,1341,ADL,2026-06-24,-1,4.667,0.0,0.0
Lab A,1341,ADL,2026-06-24,-1,4.833,0.0,0.0
Lab A,1342,ADL,2026-06-17,-8,5.0,6.8,0.0
Lab A,1342,ADL,2026-06-17,-8,5.167,30.1,713.8
Lab A,1342,ADL,2026-06-17,-8,5.333,44.5,710.4
Lab A,1342,ADL,2026-06-17,-8,5.5,37.5,712.3
Lab A,1342,ADL,2026-06-17,-8,5.667,61.6,692.9
Lab A,1342,ADL,2026-06-17,-8,5.833,37.6,701.7
Lab A,1342,ADL,2026-06-17,-8,6.0,43.8,694.2
Lab A,1342,ADL,2026-06-17,-8,6.167,38.5,698.2
Lab A,1342,ADL,2026-06-17,-8,6.333,38.4,700.7
Lab A,1342,ADL,2026-06-17,-8,6.5,14.6,700.2
Lab A,1342,ADL,2026-06-17,-8,6.667,0.5,699.3
Lab A,1342,ADL,2026-06-17,-8,6.833,2.2,699.5
Lab A,1342,ADL,2026-06-17,-8,7.0,0.6,699.8
Lab A,1342,ADL,2026-06-17,-8,7.167,2.6,699.1
Lab A,1342,ADL,2026-06-17,-8,7.333,1.9,699.6
Lab A,1342,ADL,2026-06-17,-8,7.5,12.4,699.4
Lab A,1342,ADL,2026-06-17,-8,7.667,13.3,700.7
Lab A,1342,ADL,2026-06-17,-8,7.833,25.4,699.7
Lab A,1342,ADL,2026-06-17,-8,8.0,26.8,705.8
Lab A,1342,ADL,2026-06-17,-8,8.167,52.8,696.0
Lab A,1342,ADL,2026-06-17,-8,8.333,6.3,696.8
Lab A,1342,ADL,2026-06-17,-8,8.5,1.5,697.2
Lab A,1342,ADL,2026-06-17,-8,8.667,0.1,697.6
Lab A,1342,ADL,2026-06-17,-8,8.833,1.3,697.6
Lab A,1342,ADL,2026-06-17,-8,9.0,1.2,697.3
Lab A,1342,ADL,2026-06-17,-8,9.167,0.8,696.6
Lab A,1342,ADL,2026-06-17,-8,9.333,1.2,696.9
Lab A,1342,ADL,2026-06-17,-8,9.5,0.6,697.7
Lab A,1342,ADL,2026-06-17,-8,9.667,17.5,696.7
Lab A,1342,ADL,2026-06-17,-8,9.833,0.5,696.5
Lab A,1342,ADL,2026-06-17,-8,10.0,0.2,696.3
Lab A,1342,ADL,2026-06-17,-8,10.167,4.1,697.9
Lab A,1342,ADL,2026-06-17,-8,10.333,34.0,694.2
Lab A,1342,ADL,2026-06-17,-8,10.5,36.3,697.7
Lab A,1342,ADL,2026-06-17,-8,10.667,47.2,695.2
Lab A,1342,ADL,2026-06-17,-8,10.833,26.9,696.7
Lab A,1342,ADL,2026-06-17,-8,11.0,2.8,696.2
Lab A,1342,ADL,2026-06-17,-8,11.167,0.3,697.3
Lab A,1342,ADL,2026-06-17,-8,11.333,0.7,698.4
Lab A,1342,ADL,2026-06-17,-8,11.5,0.1,697.7
Lab A,1342,ADL,2026-06-17,-8,11.667,0.1,698.3
Lab A,1342,ADL,2026-06-17,-8,11.833,8.1,698.1
Lab A,1342,ADL,2026-06-17,-8,12.0,7.3,697.6
Lab A,1342,ADL,2026-06-17,-8,12.167,0.3,698.1
Lab A,1342,ADL,2026-06-17,-8,12.333,21.0,637.8
Lab A,1342,ADL,2026-06-17,-8,12.5,24.1,619.6
Lab A,1342,ADL,2026-06-17,-8,12.667,45.6,640.4
Lab A,1342,ADL,2026-06-17,-8,12.833,55.2,631.7
Lab A,1342,ADL,2026-06-17,-8,13.0,45.5,649.7
Lab A,1342,ADL,2026-06-17,-8,13.167,43.8,645.5
Lab A,1342,ADL,2026-06-17,-8,13.333,30.4,649.4
Lab A,1342,ADL,2026-06-17,-8,13.5,29.3,667.8
Lab A,1342,ADL,2026-06-17,-8,13.667,10.6,680.2
Lab A,1342,ADL,2026-06-17,-8,13.833,12.4,694.4
Lab A,1342,ADL,2026-06-17,-8,14.0,1.3,694.1
Lab A,1342,ADL,2026-06-17,-8,14.167,2.3,693.2
Lab A,1342,ADL,2026-06-17,-8,14.333,1.4,692.9
Lab A,1342,ADL,2026-06-17,-8,14.5,13.8,676.5
Lab A,1342,ADL,2026-06-17,-8,14.667,19.5,668.8
Lab A,1342,ADL,2026-06-17,-8,14.833,5.5,659.5
Lab A,1342,ADL,2026-06-17,-8,15.0,45.6,689.0
Lab A,1342,ADL,2026-06-17,-8,15.167,47.6,705.9
Lab A,1342,ADL,2026-06-17,-8,15.333,52.2,703.0
Lab A,1342,ADL,2026-06-17,-8,15.5,22.0,701.3
Lab A,1342,ADL,2026-06-17,-8,15.667,4.3,702.2
Lab A,1342,ADL,2026-06-17,-8,15.833,4.3,701.5
Lab A,1342,ADL,2026-06-17,-8,16.0,3.2,701.3
Lab A,1342,ADL,2026-06-17,-8,16.167,2.2,701.4
Lab A,1342,ADL,2026-06-17,-8,16.333,21.8,705.2
Lab A,1342,ADL,2026-06-17,-8,16.5,53.2,702.7
Lab A,1342,ADL,2026-06-17,-8,16.667,33.7,701.5
Lab A,1342,ADL,2026-06-17,-8,16.833,2.4,702.8
Lab A,1342,ADL,2026-06-17,-8,17.0,6.5,562.5
Lab A,1342,ADL,2026-06-17,-8,17.167,22.8,0.0
Lab A,1342,ADL,2026-06-17,-8,17.333,11.6,0.0
Lab A,1342,ADL,2026-06-17,-8,17.5,2.9,0.0
Lab A,1342,ADL,2026-06-17,-8,17.667,40.3,0.0
Lab A,1342,ADL,2026-06-17,-8,17.833,34.2,0.0
Lab A,1342,ADL,2026-06-17,-8,18.0,45.4,0.0
Lab A,1342,ADL,2026-06-17,-8,18.167,52.2,0.0
Lab A,1342,ADL,2026-06-17,-8,18.333,41.9,0.0
Lab A,1342,ADL,2026-06-17,-8,18.5,28.6,0.0
Lab A,1342,ADL,2026-06-17,-8,18.667,38.5,0.0
Lab A,1342,ADL,2026-06-17,-8,18.833,38.0,0.0
Lab A,1342,ADL,2026-06-17,-8,19.0,33.2,0.0
Lab A,1342,ADL,2026-06-17,-8,19.167,10.3,0.0
Lab A,1342,ADL,2026-06-17,-8,19.333,3.2,0.0
Lab A,1342,ADL,2026-06-17,-8,19.5,3.4,0.0
Lab A,1342,ADL,2026-06-17,-8,19.667,3.6,0.0
Lab A,1342,ADL,2026-06-17,-8,19.833,20.8,0.0
Lab A,1342,ADL,2026-06-17,-8,20.0,41.5,0.0
Lab A,1342,ADL,2026-06-17,-8,20.167,23.6,0.0
Lab A,1342,ADL,2026-06-17,-8,20.333,21.9,0.0
Lab A,1342,ADL,2026-06-17,-8,20.5,49.4,0.0
Lab A,1342,ADL,2026-06-17,-8,20.667,12.2,0.0
Lab A,1342,ADL,2026-06-17,-8,20.833,3.5,0.0
Lab A,1342,ADL,2026-06-17,-8,21.0,1.7,0.0
Lab A,1342,ADL,2026-06-17,-8,21.167,3.2,0.0
Lab A,1342,ADL,2026-06-17,-8,21.333,1.1,0.0
Lab A,1342,ADL,2026-06-17,-8,21.5,3.0,0.0
Lab A,1342,ADL,2026-06-17,-8,21.667,21.2,0.0
Lab A,1342,ADL,2026-06-17,-8,21.833,29.2,0.0
Lab A,1342,ADL,2026-06-17,-8,22.0,38.8,0.0
Lab A,1342,ADL,2026-06-17,-8,22.167,55.2,0.0
Lab A,1342,ADL,2026-06-17,-8,22.333,52.5,0.0
Lab A,1342,ADL,2026-06-17,-8,22.5,30.3,0.0
Lab A,1342,ADL,2026-06-17,-8,22.667,43.1,0.0
Lab A,1342,ADL,2026-06-17,-8,22.833,44.8,0.0
Lab A,1342,ADL,2026-06-17,-8,23.0,19.6,0.0
Lab A,1342,ADL,2026-06-17,-8,23.167,2.5,0.0
Lab A,1342,ADL,2026-06-17,-8,23.333,2.4,0.0
Lab A,1342,ADL,2026-06-17,-8,23.5,3.2,0.0
Lab A,1342,ADL,2026-06-17,-8,23.667,21.5,0.0
Lab A,1342,ADL,2026-06-17,-8,23.833,15.8,0.0
Lab A,1342,ADL,2026-06-18,-7,0.0,40.8,0.0
Lab A,1342,ADL,2026-06-18,-7,0.167,10.5,0.0
Lab A,1342,ADL,2026-06-18,-7,0.333,4.1,0.0
Lab A,1342,ADL,2026-06-18,-7,0.5,0.1,0.0
Lab A,1342,ADL,2026-06-18,-7,0.667,0.7,0.0
Lab A,1342,ADL,2026-06-18,-7,0.833,2.1,0.0
Lab A,1342,ADL,2026-06-18,-7,1.0,1.1,0.0
Lab A,1342,ADL,2026-06-18,-7,1.167,1.4,0.0
Lab A,1342,ADL,2026-06-18,-7,1.333,2.0,0.0
Lab A,1342,ADL,2026-06-18,-7,1.5,17.3,0.0
Lab A,1342,ADL,2026-06-18,-7,1.667,4.7,0.0
Lab A,1342,ADL,2026-06-18,-7,1.833,28.7,0.0
Lab A,1342,ADL,2026-06-18,-7,2.0,6.6,0.0
Lab A,1342,ADL,2026-06-18,-7,2.167,10.1,0.0
Lab A,1342,ADL,2026-06-18,-7,2.333,26.1,0.0
Lab A,1342,ADL,2026-06-18,-7,2.5,29.3,0.0
Lab A,1342,ADL,2026-06-18,-7,2.667,34.6,0.0
Lab A,1342,ADL,2026-06-18,-7,2.833,49.6,0.0
Lab A,1342,ADL,2026-06-18,-7,3.0,29.3,0.0
Lab A,1342,ADL,2026-06-18,-7,3.167,20.6,0.0
Lab A,1342,ADL,2026-06-18,-7,3.333,4.2,0.0
Lab A,1342,ADL,2026-06-18,-7,3.5,1.3,0.0
Lab A,1342,ADL,2026-06-18,-7,3.667,2.2,0.0
Lab A,1342,ADL,2026-06-18,-7,3.833,16.5,0.0
Lab A,1342,ADL,2026-06-18,-7,4.0,33.3,0.0
Lab A,1342,ADL,2026-06-18,-7,4.167,14.4,0.0
Lab A,1342,ADL,2026-06-18,-7,4.333,2.8,0.0
Lab A,1342,ADL,2026-06-18,-7,4.5,0.2,0.0
Lab A,1342,ADL,2026-06-18,-7,4.667,33.2,0.0
Lab A,1342,ADL,2026-06-18,-7,4.833,26.6,0.0
Lab A,1342,ADL,2026-06-18,-7,5.0,30.7,0.0
Lab A,1342,ADL,2026-06-18,-7,5.167,45.7,716.8
Lab A,1342,ADL,2026-06-18,-7,5.333,35.6,712.6
Lab A,1342,ADL,2026-06-18,-7,5.5,22.2,711.3
Lab A,1342,ADL,2026-06-18,-7,5.667,1.1,712.4
Lab A,1342,ADL,2026-06-18,-7,5.833,0.3,711.9
Lab A,1342,ADL,2026-06-18,-7,6.0,0.5,711.9
Lab A,1342,ADL,2026-06-18,-7,6.167,6.6,710.5
Lab A,1342,ADL,2026-06-18,-7,6.333,4.7,710.4
Lab A,1342,ADL,2026-06-18,-7,6.5,23.4,710.6
Lab A,1342,ADL,2026-06-18,-7,6.667,4.6,709.3
Lab A,1342,ADL,2026-06-18,-7,6.833,1.6,709.8
Lab A,1342,ADL,2026-06-18,-7,7.0,1.3,709.4
Lab A,1342,ADL,2026-06-18,-7,7.167,1.4,709.0
Lab A,1342,ADL,2026-06-18,-7,7.333,0.8,709.7
Lab A,1342,ADL,2026-06-18,-7,7.5,2.1,709.7
Lab A,1342,ADL,2026-06-18,-7,7.667,0.9,709.9
Lab A,1342,ADL,2026-06-18,-7,7.833,2.1,709.3
Lab A,1342,ADL,2026-06-18,-7,8.0,1.4,709.2
Lab A,1342,ADL,2026-06-18,-7,8.167,18.2,712.1
Lab A,1342,ADL,2026-06-18,-7,8.333,43.9,709.2
Lab A,1342,ADL,2026-06-18,-7,8.5,47.3,709.5
Lab A,1342,ADL,2026-06-18,-7,8.667,18.0,705.0
Lab A,1342,ADL,2026-06-18,-7,8.833,0.7,705.8
Lab A,1342,ADL,2026-06-18,-7,9.0,1.0,706.2
Lab A,1342,ADL,2026-06-18,-7,9.167,2.5,705.7
Lab A,1342,ADL,2026-06-18,-7,9.333,0.1,705.0
Lab A,1342,ADL,2026-06-18,-7,9.5,0.5,704.4
Lab A,1342,ADL,2026-06-18,-7,9.667,2.7,703.6
Lab A,1342,ADL,2026-06-18,-7,9.833,1.7,704.4
Lab A,1342,ADL,2026-06-18,-7,10.0,2.7,703.7
Lab A,1342,ADL,2026-06-18,-7,10.167,0.3,704.4
Lab A,1342,ADL,2026-06-18,-7,10.333,25.7,702.7
Lab A,1342,ADL,2026-06-18,-7,10.5,29.1,703.4
Lab A,1342,ADL,2026-06-18,-7,10.667,28.2,663.7
Lab A,1342,ADL,2026-06-18,-7,10.833,18.6,651.1
Lab A,1342,ADL,2026-06-18,-7,11.0,6.1,651.0
Lab A,1342,ADL,2026-06-18,-7,11.167,29.6,632.2
Lab A,1342,ADL,2026-06-18,-7,11.333,37.6,645.4
Lab A,1342,ADL,2026-06-18,-7,11.5,51.2,640.6
Lab A,1342,ADL,2026-06-18,-7,11.667,38.7,630.4
Lab A,1342,ADL,2026-06-18,-7,11.833,24.1,632.3
Lab A,1342,ADL,2026-06-18,-7,12.0,0.6,634.1
Lab A,1342,ADL,2026-06-18,-7,12.167,1.4,634.4
Lab A,1342,ADL,2026-06-18,-7,12.333,0.2,635.0
Lab A,1342,ADL,2026-06-18,-7,12.5,6.7,634.2
Lab A,1342,ADL,2026-06-18,-7,12.667,4.4,634.2
Lab A,1342,ADL,2026-06-18,-7,12.833,24.4,632.0
Lab A,1342,ADL,2026-06-18,-7,13.0,12.7,633.6
Lab A,1342,ADL,2026-06-18,-7,13.167,1.0,631.6
Lab A,1342,ADL,2026-06-18,-7,13.333,0.3,631.6
Lab A,1342,ADL,2026-06-18,-7,13.5,3.5,693.1
Lab A,1342,ADL,2026-06-18,-7,13.667,1.5,708.6
Lab A,1342,ADL,2026-06-18,-7,13.833,12.2,707.5
Lab A,1342,ADL,2026-06-18,-7,14.0,11.8,709.3
Lab A,1342,ADL,2026-06-18,-7,14.167,24.8,714.7
Lab A,1342,ADL,2026-06-18,-7,14.333,5.4,716.6
Lab A,1342,ADL,2026-06-18,-7,14.5,1.5,717.1
Lab A,1342,ADL,2026-06-18,-7,14.667,2.2,716.8
Lab A,1342,ADL,2026-06-18,-7,14.833,1.7,716.1
Lab A,1342,ADL,2026-06-18,-7,15.0,0.5,716.3
Lab A,1342,ADL,2026-06-18,-7,15.167,3.3,712.8
Lab A,1342,ADL,2026-06-18,-7,15.333,20.5,714.9
Lab A,1342,ADL,2026-06-18,-7,15.5,22.3,716.2
Lab A,1342,ADL,2026-06-18,-7,15.667,4.7,716.7
Lab A,1342,ADL,2026-06-18,-7,15.833,0.7,715.6
Lab A,1342,ADL,2026-06-18,-7,16.0,3.0,715.0
Lab A,1342,ADL,2026-06-18,-7,16.167,2.2,715.6
Lab A,1342,ADL,2026-06-18,-7,16.333,4.2,715.7
Lab A,1342,ADL,2026-06-18,-7,16.5,18.4,715.1
Lab A,1342,ADL,2026-06-18,-7,16.667,24.4,717.4
Lab A,1342,ADL,2026-06-18,-7,16.833,28.5,714.4
Lab A,1342,ADL,2026-06-18,-7,17.0,2.4,572.6
Lab A,1342,ADL,2026-06-18,-7,17.167,6.0,0.0
Lab A,1342,ADL,2026-06-18,-7,17.333,27.8,0.0
Lab A,1342,ADL,2026-06-18,-7,17.5,30.1,0.0
Lab A,1342,ADL,2026-06-18,-7,17.667,24.8,0.0
Lab A,1342,ADL,2026-06-18,-7,17.833,27.0,0.0
Lab A,1342,ADL,2026-06-18,-7,18.0,33.7,0.0
Lab A,1342,ADL,2026-06-18,-7,18.167,26.8,0.0
Lab A,1342,ADL,2026-06-18,-7,18.333,2.5,0.0
Lab A,1342,ADL,2026-06-18,-7,18.5,1.6,0.0
Lab A,1342,ADL,2026-06-18,-7,18.667,4.4,0.0
Lab A,1342,ADL,2026-06-18,-7,18.833,26.8,0.0
Lab A,1342,ADL,2026-06-18,-7,19.0,41.2,0.0
Lab A,1342,ADL,2026-06-18,-7,19.167,21.8,0.0
Lab A,1342,ADL,2026-06-18,-7,19.333,3.4,0.0
Lab A,1342,ADL,2026-06-18,-7,19.5,1.3,0.0
Lab A,1342,ADL,2026-06-18,-7,19.667,1.3,0.0
Lab A,1342,ADL,2026-06-18,-7,19.833,12.3,0.0
Lab A,1342,ADL,2026-06-18,-7,20.0,43.5,0.0
Lab A,1342,ADL,2026-06-18,-7,20.167,3.5,0.0
Lab A,1342,ADL,2026-06-18,-7,20.333,10.1,0.0
Lab A,1342,ADL,2026-06-18,-7,20.5,15.0,0.0
Lab A,1342,ADL,2026-06-18,-7,20.667,25.6,0.0
Lab A,1342,ADL,2026-06-18,-7,20.833,26.0,0.0
Lab A,1342,ADL,2026-06-18,-7,21.0,28.0,0.0
Lab A,1342,ADL,2026-06-18,-7,21.167,10.3,0.0
Lab A,1342,ADL,2026-06-18,-7,21.333,1.2,0.0
Lab A,1342,ADL,2026-06-18,-7,21.5,8.0,0.0
Lab A,1342,ADL,2026-06-18,-7,21.667,6.2,0.0
Lab A,1342,ADL,2026-06-18,-7,21.833,22.2,0.0
Lab A,1342,ADL,2026-06-18,-7,22.0,31.2,0.0
Lab A,1342,ADL,2026-06-18,-7,22.167,39.2,0.0
Lab A,1342,ADL,2026-06-18,-7,22.333,46.8,0.0
Lab A,1342,ADL,2026-06-18,-7,22.5,10.1,0.0
Lab A,1342,ADL,2026-06-18,-7,22.667,2.4,0.0
Lab A,1342,ADL,2026-06-18,-7,22.833,3.1,0.0
Lab A,1342,ADL,2026-06-18,-7,23.0,3.0,0.0
Lab A,1342,ADL,2026-06-18,-7,23.167,37.3,0.0
Lab A,1342,ADL,2026-06-18,-7,23.333,18.8,0.0
Lab A,1342,ADL,2026-06-18,-7,23.5,1.3,0.0
Lab A,1342,ADL,2026-06-18,-7,23.667,5.9,0.0
Lab A,1342,ADL,2026-06-18,-7,23.833,26.3,0.0
Lab A,1342,ADL,2026-06-19,-6,0.0,38.6,0.0
Lab A,1342,ADL,2026-06-19,-6,0.167,40.9,0.0
Lab A,1342,ADL,2026-06-19,-6,0.333,39.9,0.0
Lab A,1342,ADL,2026-06-19,-6,0.5,38.2,0.0
Lab A,1342,ADL,2026-06-19,-6,0.667,18.8,0.0
Lab A,1342,ADL,2026-06-19,-6,0.833,34.1,0.0
Lab A,1342,ADL,2026-06-19,-6,1.0,44.6,0.0
Lab A,1342,ADL,2026-06-19,-6,1.167,8.4,0.0
Lab A,1342,ADL,2026-06-19,-6,1.333,0.6,0.0
Lab A,1342,ADL,2026-06-19,-6,1.5,3.4,0.0
Lab A,1342,ADL,2026-06-19,-6,1.667,0.4,0.0
Lab A,1342,ADL,2026-06-19,-6,1.833,2.1,0.0
Lab A,1342,ADL,2026-06-19,-6,2.0,2.0,0.0
Lab A,1342,ADL,2026-06-19,-6,2.167,2.0,0.0
Lab A,1342,ADL,2026-06-19,-6,2.333,27.8,0.0
Lab A,1342,ADL,2026-06-19,-6,2.5,11.3,0.0
Lab A,1342,ADL,2026-06-19,-6,2.667,9.7,0.0
Lab A,1342,ADL,2026-06-19,-6,2.833,36.7,0.0
Lab A,1342,ADL,2026-06-19,-6,3.0,20.1,0.0
Lab A,1342,ADL,2026-06-19,-6,3.167,3.0,0.0
Lab A,1342,ADL,2026-06-19,-6,3.333,10.2,0.0
Lab A,1342,ADL,2026-06-19,-6,3.5,23.4,0.0
Lab A,1342,ADL,2026-06-19,-6,3.667,9.4,0.0
Lab A,1342,ADL,2026-06-19,-6,3.833,0.4,0.0
Lab A,1342,ADL,2026-06-19,-6,4.0,31.4,0.0
Lab A,1342,ADL,2026-06-19,-6,4.167,2.5,0.0
Lab A,1342,ADL,2026-06-19,-6,4.333,2.3,0.0
Lab A,1342,ADL,2026-06-19,-6,4.5,2.1,0.0
Lab A,1342,ADL,2026-06-19,-6,4.667,1.7,0.0
Lab A,1342,ADL,2026-06-19,-6,4.833,2.7,0.0
Lab A,1342,ADL,2026-06-19,-6,5.0,34.2,0.0
Lab A,1342,ADL,2026-06-19,-6,5.167,42.5,731.1
Lab A,1342,ADL,2026-06-19,-6,5.333,46.2,720.8
Lab A,1342,ADL,2026-06-19,-6,5.5,36.1,722.7
Lab A,1342,ADL,2026-06-19,-6,5.667,29.7,711.5
Lab A,1342,ADL,2026-06-19,-6,5.833,0.3,710.1
Lab A,1342,ADL,2026-06-19,-6,6.0,2.6,710.5
Lab A,1342,ADL,2026-06-19,-6,6.167,1.3,710.1
Lab A,1342,ADL,2026-06-19,-6,6.333,1.9,710.3
Lab A,1342,ADL,2026-06-19,-6,6.5,1.3,709.3
Lab A,1342,ADL,2026-06-19,-6,6.667,1.2,709.0
Lab A,1342,ADL,2026-06-19,-6,6.833,2.0,708.7
Lab A,1342,ADL,2026-06-19,-6,7.0,0.7,708.0
Lab A,1342,ADL,2026-06-19,-6,7.167,15.9,711.8
Lab A,1342,ADL,2026-06-19,-6,7.333,28.1,712.1
Lab A,1342,ADL,2026-06-19,-6,7.5,10.1,712.8
Lab A,1342,ADL,2026-06-19,-6,7.667,0.6,712.4
Lab A,1342,ADL,2026-06-19,-6,7.833,1.9,712.4
Lab A,1342,ADL,2026-06-19,-6,8.0,0.0,711.7
Lab A,1342,ADL,2026-06-19,-6,8.167,0.7,712.3
Lab A,1342,ADL,2026-06-19,-6,8.333,0.9,712.0
Lab A,1342,ADL,2026-06-19,-6,8.5,1.7,710.7
Lab A,1342,ADL,2026-06-19,-6,8.667,10.3,711.1
Lab A,1342,ADL,2026-06-19,-6,8.833,18.9,712.2
Lab A,1342,ADL,2026-06-19,-6,9.0,50.2,712.1
Lab A,1342,ADL,2026-06-19,-6,9.167,2.8,716.6
Lab A,1342,ADL,2026-06-19,-6,9.333,0.2,716.7
Lab A,1342,ADL,2026-06-19,-6,9.5,1.3,717.2
Lab A,1342,ADL,2026-06-19,-6,9.667,0.0,716.9
Lab A,1342,ADL,2026-06-19,-6,9.833,12.9,714.1
Lab A,1342,ADL,2026-06-19,-6,10.0,1.4,712.7
Lab A,1342,ADL,2026-06-19,-6,10.167,0.0,712.6
Lab A,1342,ADL,2026-06-19,-6,10.333,3.4,713.2
Lab A,1342,ADL,2026-06-19,-6,10.5,0.7,712.7
Lab A,1342,ADL,2026-06-19,-6,10.667,2.2,711.6
Lab A,1342,ADL,2026-06-19,-6,10.833,1.6,712.5
Lab A,1342,ADL,2026-06-19,-6,11.0,,
Lab A,1342,ADL,2026-06-19,-6,11.167,0.2,712.0
Lab A,1342,ADL,2026-06-19,-6,11.333,26.0,626.2
Lab A,1342,ADL,2026-06-19,-6,11.5,30.3,645.6
Lab A,1342,ADL,2026-06-19,-6,11.667,36.3,684.6
Lab A,1342,ADL,2026-06-19,-6,11.833,31.0,693.3
Lab A,1342,ADL,2026-06-19,-6,12.0,4.8,691.5
Lab A,1342,ADL,2026-06-19,-6,12.167,1.7,691.2
Lab A,1342,ADL,2026-06-19,-6,12.333,1.7,691.7
Lab A,1342,ADL,2026-06-19,-6,12.5,0.8,691.4
Lab A,1342,ADL,2026-06-19,-6,12.667,7.7,689.5
Lab A,1342,ADL,2026-06-19,-6,12.833,23.2,690.4
Lab A,1342,ADL,2026-06-19,-6,13.0,2.0,691.4
Lab A,1342,ADL,2026-06-19,-6,13.167,2.7,692.0
Lab A,1342,ADL,2026-06-19,-6,13.333,16.5,690.8
Lab A,1342,ADL,2026-06-19,-6,13.5,6.6,690.7
Lab A,1342,ADL,2026-06-19,-6,13.667,4.8,690.8
Lab A,1342,ADL,2026-06-19,-6,13.833,7.4,690.6
Lab A,1342,ADL,2026-06-19,-6,14.0,8.9,691.8
Lab A,1342,ADL,2026-06-19,-6,14.167,0.9,690.9
Lab A,1342,ADL,2026-06-19,-6,14.333,1.8,690.5
Lab A,1342,ADL,2026-06-19,-6,14.5,1.3,690.0
Lab A,1342,ADL,2026-06-19,-6,14.667,2.8,690.1
Lab A,1342,ADL,2026-06-19,-6,14.833,1.0,690.8
Lab A,1342,ADL,2026-06-19,-6,15.0,2.5,690.6
Lab A,1342,ADL,2026-06-19,-6,15.167,14.4,689.6
Lab A,1342,ADL,2026-06-19,-6,15.333,22.9,690.4
Lab A,1342,ADL,2026-06-19,-6,15.5,1.5,692.1
Lab A,1342,ADL,2026-06-19,-6,15.667,0.4,692.1
Lab A,1342,ADL,2026-06-19,-6,15.833,0.8,692.2
Lab A,1342,ADL,2026-06-19,-6,16.0,14.9,693.7
Lab A,1342,ADL,2026-06-19,-6,16.167,20.3,691.6
Lab A,1342,ADL,2026-06-19,-6,16.333,2.7,692.8
Lab A,1342,ADL,2026-06-19,-6,16.5,1.5,692.3
Lab A,1342,ADL,2026-06-19,-6,16.667,0.2,692.9
Lab A,1342,ADL,2026-06-19,-6,16.833,22.5,694.6
Lab A,1342,ADL,2026-06-19,-6,17.0,15.9,555.2
Lab A,1342,ADL,2026-06-19,-6,17.167,4.1,0.0
Lab A,1342,ADL,2026-06-19,-6,17.333,30.3,0.0
Lab A,1342,ADL,2026-06-19,-6,17.5,10.1,0.0
Lab A,1342,ADL,2026-06-19,-6,17.667,30.9,0.0
Lab A,1342,ADL,2026-06-19,-6,17.833,26.3,0.0
Lab A,1342,ADL,2026-06-19,-6,18.0,25.8,0.0
Lab A,1342,ADL,2026-06-19,-6,18.167,4.0,0.0
Lab A,1342,ADL,2026-06-19,-6,18.333,3.4,0.0
Lab A,1342,ADL,2026-06-19,-6,18.5,3.5,0.0
Lab A,1342,ADL,2026-06-19,-6,18.667,28.0,0.0
Lab A,1342,ADL,2026-06-19,-6,18.833,22.0,0.0
Lab A,1342,ADL,2026-06-19,-6,19.0,27.3,0.0
Lab A,1342,ADL,2026-06-19,-6,19.167,37.4,0.0
Lab A,1342,ADL,2026-06-19,-6,19.333,2.6,0.0
Lab A,1342,ADL,2026-06-19,-6,19.5,2.9,0.0
Lab A,1342,ADL,2026-06-19,-6,19.667,4.3,0.0
Lab A,1342,ADL,2026-06-19,-6,19.833,22.1,0.0
Lab A,1342,ADL,2026-06-19,-6,20.0,18.1,0.0
Lab A,1342,ADL,2026-06-19,-6,20.167,14.0,0.0
Lab A,1342,ADL,2026-06-19,-6,20.333,33.8,0.0
Lab A,1342,ADL,2026-06-19,-6,20.5,26.0,0.0
Lab A,1342,ADL,2026-06-19,-6,20.667,7.5,0.0
Lab A,1342,ADL,2026-06-19,-6,20.833,3.7,0.0
Lab A,1342,ADL,2026-06-19,-6,21.0,3.2,0.0
Lab A,1342,ADL,2026-06-19,-6,21.167,4.4,0.0
Lab A,1342,ADL,2026-06-19,-6,21.333,1.4,0.0
Lab A,1342,ADL,2026-06-19,-6,21.5,36.0,0.0
Lab A,1342,ADL,2026-06-19,-6,21.667,15.1,0.0
Lab A,1342,ADL,2026-06-19,-6,21.833,31.7,0.0
Lab A,1342,ADL,2026-06-19,-6,22.0,41.9,0.0
Lab A,1342,ADL,2026-06-19,-6,22.167,21.7,0.0
Lab A,1342,ADL,2026-06-19,-6,22.333,1.8,0.0
Lab A,1342,ADL,2026-06-19,-6,22.5,3.4,0.0
Lab A,1342,ADL,2026-06-19,-6,22.667,2.7,0.0
Lab A,1342,ADL,2026-06-19,-6,22.833,14.6,0.0
Lab A,1342,ADL,2026-06-19,-6,23.0,32.0,0.0
Lab A,1342,ADL,2026-06-19,-6,23.167,5.6,0.0
Lab A,1342,ADL,2026-06-19,-6,23.333,4.8,0.0
Lab A,1342,ADL,2026-06-19,-6,23.5,22.5,0.0
Lab A,1342,ADL,2026-06-19,-6,23.667,25.7,0.0
Lab A,1342,ADL,2026-06-19,-6,23.833,35.7,0.0
Lab A,1342,ADL,2026-06-20,-5,0.0,56.5,0.0
Lab A,1342,ADL,2026-06-20,-5,0.167,36.3,0.0
Lab A,1342,ADL,2026-06-20,-5,0.333,53.7,0.0
Lab A,1342,ADL,2026-06-20,-5,0.5,7.5,0.0
Lab A,1342,ADL,2026-06-20,-5,0.667,0.2,0.0
Lab A,1342,ADL,2026-06-20,-5,0.833,5.6,0.0
Lab A,1342,ADL,2026-06-20,-5,1.0,1.8,0.0
Lab A,1342,ADL,2026-06-20,-5,1.167,6.6,0.0
Lab A,1342,ADL,2026-06-20,-5,1.333,22.4,0.0
Lab A,1342,ADL,2026-06-20,-5,1.5,17.3,0.0
Lab A,1342,ADL,2026-06-20,-5,1.667,51.2,0.0
Lab A,1342,ADL,2026-06-20,-5,1.833,41.0,0.0
Lab A,1342,ADL,2026-06-20,-5,2.0,1.3,0.0
Lab A,1342,ADL,2026-06-20,-5,2.167,0.9,0.0
Lab A,1342,ADL,2026-06-20,-5,2.333,12.6,0.0
Lab A,1342,ADL,2026-06-20,-5,2.5,19.8,0.0
Lab A,1342,ADL,2026-06-20,-5,2.667,3.6,0.0
Lab A,1342,ADL,2026-06-20,-5,2.833,2.0,0.0
Lab A,1342,ADL,2026-06-20,-5,3.0,18.0,0.0
Lab A,1342,ADL,2026-06-20,-5,3.167,23.4,0.0
Lab A,1342,ADL,2026-06-20,-5,3.333,,
Lab A,1342,ADL,2026-06-20,-5,3.5,46.3,0.0
Lab A,1342,ADL,2026-06-20,-5,3.667,29.7,0.0
Lab A,1342,ADL,2026-06-20,-5,3.833,0.6,0.0
Lab A,1342,ADL,2026-06-20,-5,4.0,3.7,0.0
Lab A,1342,ADL,2026-06-20,-5,4.167,9.9,0.0
Lab A,1342,ADL,2026-06-20,-5,4.333,32.6,0.0
Lab A,1342,ADL,2026-06-20,-5,4.5,2.6,0.0
Lab A,1342,ADL,2026-06-20,-5,4.667,2.4,0.0
Lab A,1342,ADL,2026-06-20,-5,4.833,1.9,0.0
Lab A,1342,ADL,2026-06-20,-5,5.0,6.6,0.0
Lab A,1342,ADL,2026-06-20,-5,5.167,14.4,645.8
Lab A,1342,ADL,2026-06-20,-5,5.333,5.2,708.5
Lab A,1342,ADL,2026-06-20,-5,5.5,5.4,707.0
Lab A,1342,ADL,2026-06-20,-5,5.667,1.3,706.7
Lab A,1342,ADL,2026-06-20,-5,5.833,0.4,706.5
Lab A,1342,ADL,2026-06-20,-5,6.0,1.9,705.9
Lab A,1342,ADL,2026-06-20,-5,6.167,3.2,705.8
Lab A,1342,ADL,2026-06-20,-5,6.333,18.3,704.9
Lab A,1342,ADL,2026-06-20,-5,6.5,28.8,701.1
Lab A,1342,ADL,2026-06-20,-5,6.667,49.5,695.8
Lab A,1342,ADL,2026-06-20,-5,6.833,48.2,695.8
Lab A,1342,ADL,2026-06-20,-5,7.0,21.9,697.8
Lab A,1342,ADL,2026-06-20,-5,7.167,59.8,695.2
Lab A,1342,ADL,2026-06-20,-5,7.333,28.8,701.3
Lab A,1342,ADL,2026-06-20,-5,7.5,2.1,702.4
Lab A,1342,ADL,2026-06-20,-5,7.667,0.3,700.8
Lab A,1342,ADL,2026-06-20,-5,7.833,1.2,701.6
Lab A,1342,ADL,2026-06-20,-5,8.0,0.7,703.1
Lab A,1342,ADL,2026-06-20,-5,8.167,2.7,701.1
Lab A,1342,ADL,2026-06-20,-5,8.333,0.0,701.6
Lab A,1342,ADL,2026-06-20,-5,8.5,1.3,701.6
Lab A,1342,ADL,2026-06-20,-5,8.667,1.4,700.9
Lab A,1342,ADL,2026-06-20,-5,8.833,1.1,701.1
Lab A,1342,ADL,2026-06-20,-5,9.0,2.8,701.7
Lab A,1342,ADL,2026-06-20,-5,9.167,0.2,701.5
Lab A,1342,ADL,2026-06-20,-5,9.333,17.9,699.9
Lab A,1342,ADL,2026-06-20,-5,9.5,0.6,700.0
Lab A,1342,ADL,2026-06-20,-5,9.667,0.1,699.4
Lab A,1342,ADL,2026-06-20,-5,9.833,1.4,699.9
Lab A,1342,ADL,2026-06-20,-5,10.0,16.0,699.0
Lab A,1342,ADL,2026-06-20,-5,10.167,19.4,699.6
Lab A,1342,ADL,2026-06-20,-5,10.333,5.8,700.4
Lab A,1342,ADL,2026-06-20,-5,10.5,0.8,701.2
Lab A,1342,ADL,2026-06-20,-5,10.667,1.5,691.9
Lab A,1342,ADL,2026-06-20,-5,10.833,7.1,709.8
Lab A,1342,ADL,2026-06-20,-5,11.0,4.4,677.3
Lab A,1342,ADL,2026-06-20,-5,11.167,27.2,638.2
Lab A,1342,ADL,2026-06-20,-5,11.333,33.7,710.6
Lab A,1342,ADL,2026-06-20,-5,11.5,51.8,707.1
Lab A,1342,ADL,2026-06-20,-5,11.667,7.9,707.3
Lab A,1342,ADL,2026-06-20,-5,11.833,0.6,705.7
Lab A,1342,ADL,2026-06-20,-5,12.0,1.0,706.0
Lab A,1342,ADL,2026-06-20,-5,12.167,33.1,705.9
Lab A,1342,ADL,2026-06-20,-5,12.333,4.0,706.6
Lab A,1342,ADL,2026-06-20,-5,12.5,2.3,706.8
Lab A,1342,ADL,2026-06-20,-5,12.667,21.4,706.6
Lab A,1342,ADL,2026-06-20,-5,12.833,1.6,707.3
Lab A,1342,ADL,2026-06-20,-5,13.0,2.0,708.0
Lab A,1342,ADL,2026-06-20,-5,13.167,5.4,706.2
Lab A,1342,ADL,2026-06-20,-5,13.333,1.8,706.5
Lab A,1342,ADL,2026-06-20,-5,13.5,3.9,708.6
Lab A,1342,ADL,2026-06-20,-5,13.667,47.3,706.5
Lab A,1342,ADL,2026-06-20,-5,13.833,20.1,702.8
Lab A,1342,ADL,2026-06-20,-5,14.0,0.5,704.2
Lab A,1342,ADL,2026-06-20,-5,14.167,0.4,704.6
Lab A,1342,ADL,2026-06-20,-5,14.333,1.8,704.2
Lab A,1342,ADL,2026-06-20,-5,14.5,0.8,703.8
Lab A,1342,ADL,2026-06-20,-5,14.667,1.3,703.5
Lab A,1342,ADL,2026-06-20,-5,14.833,0.5,703.8
Lab A,1342,ADL,2026-06-20,-5,15.0,15.7,703.2
Lab A,1342,ADL,2026-06-20,-5,15.167,15.7,703.4
Lab A,1342,ADL,2026-06-20,-5,15.333,0.5,704.0
Lab A,1342,ADL,2026-06-20,-5,15.5,14.5,706.1
Lab A,1342,ADL,2026-06-20,-5,15.667,1.3,704.6
Lab A,1342,ADL,2026-06-20,-5,15.833,2.2,705.0
Lab A,1342,ADL,2026-06-20,-5,16.0,0.7,705.0
Lab A,1342,ADL,2026-06-20,-5,16.167,20.0,704.5
Lab A,1342,ADL,2026-06-20,-5,16.333,15.7,704.7
Lab A,1342,ADL,2026-06-20,-5,16.5,1.8,705.3
Lab A,1342,ADL,2026-06-20,-5,16.667,9.9,704.9
Lab A,1342,ADL,2026-06-20,-5,16.833,17.1,705.7
Lab A,1342,ADL,2026-06-20,-5,17.0,10.7,564.9
Lab A,1342,ADL,2026-06-20,-5,17.167,0.8,0.0
Lab A,1342,ADL,2026-06-20,-5,17.333,20.3,0.0
Lab A,1342,ADL,2026-06-20,-5,17.5,44.1,0.0
Lab A,1342,ADL,2026-06-20,-5,17.667,22.3,0.0
Lab A,1342,ADL,2026-06-20,-5,17.833,1.1,0.0
Lab A,1342,ADL,2026-06-20,-5,18.0,11.0,0.0
Lab A,1342,ADL,2026-06-20,-5,18.167,32.4,0.0
Lab A,1342,ADL,2026-06-20,-5,18.333,2.7,0.0
Lab A,1342,ADL,2026-06-20,-5,18.5,15.9,0.0
Lab A,1342,ADL,2026-06-20,-5,18.667,39.7,0.0
Lab A,1342,ADL,2026-06-20,-5,18.833,27.4,0.0
Lab A,1342,ADL,2026-06-20,-5,19.0,1.4,0.0
Lab A,1342,ADL,2026-06-20,-5,19.167,2.8,0.0
Lab A,1342,ADL,2026-06-20,-5,19.333,7.3,0.0
Lab A,1342,ADL,2026-06-20,-5,19.5,42.6,0.0
Lab A,1342,ADL,2026-06-20,-5,19.667,8.1,0.0
Lab A,1342,ADL,2026-06-20,-5,19.833,3.1,0.0
Lab A,1342,ADL,2026-06-20,-5,20.0,30.1,0.0
Lab A,1342,ADL,2026-06-20,-5,20.167,23.4,0.0
Lab A,1342,ADL,2026-06-20,-5,20.333,46.6,0.0
Lab A,1342,ADL,2026-06-20,-5,20.5,36.8,0.0
Lab A,1342,ADL,2026-06-20,-5,20.667,26.8,0.0
Lab A,1342,ADL,2026-06-20,-5,20.833,36.6,0.0
Lab A,1342,ADL,2026-06-20,-5,21.0,5.3,0.0
Lab A,1342,ADL,2026-06-20,-5,21.167,3.1,0.0
Lab A,1342,ADL,2026-06-20,-5,21.333,6.4,0.0
Lab A,1342,ADL,2026-06-20,-5,21.5,21.6,0.0
Lab A,1342,ADL,2026-06-20,-5,21.667,21.1,0.0
Lab A,1342,ADL,2026-06-20,-5,21.833,39.6,0.0
Lab A,1342,ADL,2026-06-20,-5,22.0,52.4,0.0
Lab A,1342,ADL,2026-06-20,-5,22.167,38.8,0.0
Lab A,1342,ADL,2026-06-20,-5,22.333,1.7,0.0
Lab A,1342,ADL,2026-06-20,-5,22.5,1.7,0.0
Lab A,1342,ADL,2026-06-20,-5,22.667,3.8,0.0
Lab A,1342,ADL,2026-06-20,-5,22.833,2.7,0.0
Lab A,1342,ADL,2026-06-20,-5,23.0,4.0,0.0
Lab A,1342,ADL,2026-06-20,-5,23.167,24.6,0.0
Lab A,1342,ADL,2026-06-20,-5,23.333,14.5,0.0
Lab A,1342,ADL,2026-06-20,-5,23.5,38.9,0.0
Lab A,1342,ADL,2026-06-20,-5,23.667,11.7,0.0
Lab A,1342,ADL,2026-06-20,-5,23.833,2.0,0.0
Lab A,1342,ADL,2026-06-21,-4,0.0,4.3,0.0
Lab A,1342,ADL,2026-06-21,-4,0.167,3.4,0.0
Lab A,1342,ADL,2026-06-21,-4,0.333,34.6,0.0
Lab A,1342,ADL,2026-06-21,-4,0.5,3.3,0.0
Lab A,1342,ADL,2026-06-21,-4,0.667,8.9,0.0
Lab A,1342,ADL,2026-06-21,-4,0.833,2.3,0.0
Lab A,1342,ADL,2026-06-21,-4,1.0,31.7,0.0
Lab A,1342,ADL,2026-06-21,-4,1.167,6.2,0.0
Lab A,1342,ADL,2026-06-21,-4,1.333,19.1,0.0
Lab A,1342,ADL,2026-06-21,-4,1.5,26.5,0.0
Lab A,1342,ADL,2026-06-21,-4,1.667,9.8,0.0
Lab A,1342,ADL,2026-06-21,-4,1.833,3.2,0.0
Lab A,1342,ADL,2026-06-21,-4,2.0,3.6,0.0
Lab A,1342,ADL,2026-06-21,-4,2.167,10.8,0.0
Lab A,1342,ADL,2026-06-21,-4,2.333,26.2,0.0
Lab A,1342,ADL,2026-06-21,-4,2.5,3.9,0.0
Lab A,1342,ADL,2026-06-21,-4,2.667,5.1,0.0
Lab A,1342,ADL,2026-06-21,-4,2.833,34.5,0.0
Lab A,1342,ADL,2026-06-21,-4,3.0,29.0,0.0
Lab A,1342,ADL,2026-06-21,-4,3.167,3.8,0.0
Lab A,1342,ADL,2026-06-21,-4,3.333,5.9,0.0
Lab A,1342,ADL,2026-06-21,-4,3.5,6.3,0.0
Lab A,1342,ADL,2026-06-21,-4,3.667,34.5,0.0
Lab A,1342,ADL,2026-06-21,-4,3.833,24.9,0.0
Lab A,1342,ADL,2026-06-21,-4,4.0,42.3,0.0
Lab A,1342,ADL,2026-06-21,-4,4.167,19.2,0.0
Lab A,1342,ADL,2026-06-21,-4,4.333,4.2,0.0
Lab A,1342,ADL,2026-06-21,-4,4.5,3.2,0.0
Lab A,1342,ADL,2026-06-21,-4,4.667,10.5,0.0
Lab A,1342,ADL,2026-06-21,-4,4.833,13.7,0.0
Lab A,1342,ADL,2026-06-21,-4,5.0,11.4,0.0
Lab A,1342,ADL,2026-06-21,-4,5.167,28.3,646.4
Lab A,1342,ADL,2026-06-21,-4,5.333,62.8,706.1
Lab A,1342,ADL,2026-06-21,-4,5.5,23.5,711.0
Lab A,1342,ADL,2026-06-21,-4,5.667,0.9,715.5
Lab A,1342,ADL,2026-06-21,-4,5.833,2.5,714.5
Lab A,1342,ADL,2026-06-21,-4,6.0,1.0,715.2
Lab A,1342,ADL,2026-06-21,-4,6.167,,714.6
Lab A,1342,ADL,2026-06-21,-4,6.333,0.9,713.6
Lab A,1342,ADL,2026-06-21,-4,6.5,2.7,713.2
Lab A,1342,ADL,2026-06-21,-4,6.667,3.6,714.1
Lab A,1342,ADL,2026-06-21,-4,6.833,27.4,712.1
Lab A,1342,ADL,2026-06-21,-4,7.0,43.7,706.7
Lab A,1342,ADL,2026-06-21,-4,7.167,30.7,707.8
Lab A,1342,ADL,2026-06-21,-4,7.333,20.2,709.1
Lab A,1342,ADL,2026-06-21,-4,7.5,0.2,708.9
Lab A,1342,ADL,2026-06-21,-4,7.667,1.1,709.0
Lab A,1342,ADL,2026-06-21,-4,7.833,1.1,708.9
Lab A,1342,ADL,2026-06-21,-4,8.0,0.8,709.4
Lab A,1342,ADL,2026-06-21,-4,8.167,1.4,708.7
Lab A,1342,ADL,2026-06-21,-4,8.333,1.4,709.2
Lab A,1342,ADL,2026-06-21,-4,8.5,0.7,708.4
Lab A,1342,ADL,2026-06-21,-4,8.667,1.3,707.6
Lab A,1342,ADL,2026-06-21,-4,8.833,4.4,707.7
Lab A,1342,ADL,2026-06-21,-4,9.0,16.3,707.8
Lab A,1342,ADL,2026-06-21,-4,9.167,8.2,705.4
Lab A,1342,ADL,2026-06-21,-4,9.333,1.0,704.8
Lab A,1342,ADL,2026-06-21,-4,9.5,1.0,706.7
Lab A,1342,ADL,2026-06-21,-4,9.667,0.4,706.9
Lab A,1342,ADL,2026-06-21,-4,9.833,1.6,706.7
Lab A,1342,ADL,2026-06-21,-4,10.0,4.7,706.3
Lab A,1342,ADL,2026-06-21,-4,10.167,0.7,706.8
Lab A,1342,ADL,2026-06-21,-4,10.333,2.8,706.0
Lab A,1342,ADL,2026-06-21,-4,10.5,0.0,705.9
Lab A,1342,ADL,2026-06-21,-4,10.667,0.0,705.8
Lab A,1342,ADL,2026-06-21,-4,10.833,23.8,705.9
Lab A,1342,ADL,2026-06-21,-4,11.0,11.7,707.8
Lab A,1342,ADL,2026-06-21,-4,11.167,1.1,707.7
Lab A,1342,ADL,2026-06-21,-4,11.333,0.0,708.2
Lab A,1342,ADL,2026-06-21,-4,11.5,1.6,707.8
Lab A,1342,ADL,2026-06-21,-4,11.667,0.2,708.0
Lab A,1342,ADL,2026-06-21,-4,11.833,0.5,707.7
Lab A,1342,ADL,2026-06-21,-4,12.0,0.2,707.8
Lab A,1342,ADL,2026-06-21,-4,12.167,0.4,707.6
Lab A,1342,ADL,2026-06-21,-4,12.333,5.0,706.8
Lab A,1342,ADL,2026-06-21,-4,12.5,19.7,706.7
Lab A,1342,ADL,2026-06-21,-4,12.667,1.0,707.6
Lab A,1342,ADL,2026-06-21,-4,12.833,1.2,707.1
Lab A,1342,ADL,2026-06-21,-4,13.0,4.0,707.4
Lab A,1342,ADL,2026-06-21,-4,13.167,11.3,707.0
Lab A,1342,ADL,2026-06-21,-4,13.333,1.1,707.3
Lab A,1342,ADL,2026-06-21,-4,13.5,14.0,650.0
Lab A,1342,ADL,2026-06-21,-4,13.667,44.3,654.6
Lab A,1342,ADL,2026-06-21,-4,13.833,38.1,706.8
Lab A,1342,ADL,2026-06-21,-4,14.0,19.9,706.9
Lab A,1342,ADL,2026-06-21,-4,14.167,1.1,706.9
Lab A,1342,ADL,2026-06-21,-4,14.333,0.6,706.9
Lab A,1342,ADL,2026-06-21,-4,14.5,1.4,707.0
Lab A,1342,ADL,2026-06-21,-4,14.667,1.0,707.7
Lab A,1342,ADL,2026-06-21,-4,14.833,2.6,706.6
Lab A,1342,ADL,2026-06-21,-4,15.0,21.5,705.3
Lab A,1342,ADL,2026-06-21,-4,15.167,21.4,705.7
Lab A,1342,ADL,2026-06-21,-4,15.333,0.3,707.1
Lab A,1342,ADL,2026-06-21,-4,15.5,0.8,707.1
Lab A,1342,ADL,2026-06-21,-4,15.667,11.1,708.3
Lab A,1342,ADL,2026-06-21,-4,15.833,7.3,707.2
Lab A,1342,ADL,2026-06-21,-4,16.0,1.4,707.9
Lab A,1342,ADL,2026-06-21,-4,16.167,1.4,708.5
Lab A,1342,ADL,2026-06-21,-4,16.333,3.4,708.4
Lab A,1342,ADL,2026-06-21,-4,16.5,21.7,707.5
Lab A,1342,ADL,2026-06-21,-4,16.667,20.0,707.7
Lab A,1342,ADL,2026-06-21,-4,16.833,1.9,706.6
Lab A,1342,ADL,2026-06-21,-4,17.0,3.5,564.9
Lab A,1342,ADL,2026-06-21,-4,17.167,17.3,0.0
Lab A,1342,ADL,2026-06-21,-4,17.333,18.8,0.0
Lab A,1342,ADL,2026-06-21,-4,17.5,37.8,0.0
Lab A,1342,ADL,2026-06-21,-4,17.667,37.5,0.0
Lab A,1342,ADL,2026-06-21,-4,17.833,33.5,0.0
Lab A,1342,ADL,2026-06-21,-4,18.0,0.4,0.0
Lab A,1342,ADL,2026-06-21,-4,18.167,10.1,0.0
Lab A,1342,ADL,2026-06-21,-4,18.333,8.5,0.0
Lab A,1342,ADL,2026-06-21,-4,18.5,0.5,0.0
Lab A,1342,ADL,2026-06-21,-4,18.667,24.2,0.0
Lab A,1342,ADL,2026-06-21,-4,18.833,13.5,0.0
Lab A,1342,ADL,2026-06-21,-4,19.0,41.8,0.0
Lab A,1342,ADL,2026-06-21,-4,19.167,36.3,0.0
Lab A,1342,ADL,2026-06-21,-4,19.333,44.7,0.0
Lab A,1342,ADL,2026-06-21,-4,19.5,47.3,0.0
Lab A,1342,ADL,2026-06-21,-4,19.667,18.1,0.0
Lab A,1342,ADL,2026-06-21,-4,19.833,5.3,0.0
Lab A,1342,ADL,2026-06-21,-4,20.0,2.3,0.0
Lab A,1342,ADL,2026-06-21,-4,20.167,2.2,0.0
Lab A,1342,ADL,2026-06-21,-4,20.333,1.6,0.0
Lab A,1342,ADL,2026-06-21,-4,20.5,26.8,0.0
Lab A,1342,ADL,2026-06-21,-4,20.667,16.6,0.0
Lab A,1342,ADL,2026-06-21,-4,20.833,10.5,0.0
Lab A,1342,ADL,2026-06-21,-4,21.0,3.3,0.0
Lab A,1342,ADL,2026-06-21,-4,21.167,5.6,0.0
Lab A,1342,ADL,2026-06-21,-4,21.333,12.4,0.0
Lab A,1342,ADL,2026-06-21,-4,21.5,24.6,0.0
Lab A,1342,ADL,2026-06-21,-4,21.667,49.6,0.0
Lab A,1342,ADL,2026-06-21,-4,21.833,36.4,0.0
Lab A,1342,ADL,2026-06-21,-4,22.0,18.5,0.0
Lab A,1342,ADL,2026-06-21,-4,22.167,5.6,0.0
Lab A,1342,ADL,2026-06-21,-4,22.333,6.5,0.0
Lab A,1342,ADL,2026-06-21,-4,22.5,2.5,0.0
Lab A,1342,ADL,2026-06-21,-4,22.667,30.1,0.0
Lab A,1342,ADL,2026-06-21,-4,22.833,17.5,0.0
Lab A,1342,ADL,2026-06-21,-4,23.0,10.8,0.0
Lab A,1342,ADL,2026-06-21,-4,23.167,1.1,0.0
Lab A,1342,ADL,2026-06-21,-4,23.333,1.7,0.0
Lab A,1342,ADL,2026-06-21,-4,23.5,15.7,0.0
Lab A,1342,ADL,2026-06-21,-4,23.667,26.6,0.0
Lab A,1342,ADL,2026-06-21,-4,23.833,32.9,0.0
Lab A,1342,ADL,2026-06-22,-3,0.0,15.3,0.0
Lab A,1342,ADL,2026-06-22,-3,0.167,2.9,0.0
Lab A,1342,ADL,2026-06-22,-3,0.333,14.4,0.0
Lab A,1342,ADL,2026-06-22,-3,0.5,10.8,0.0
Lab A,1342,ADL,2026-06-22,-3,0.667,3.1,0.0
Lab A,1342,ADL,2026-06-22,-3,0.833,22.8,0.0
Lab A,1342,ADL,2026-06-22,-3,1.0,8.4,0.0
Lab A,1342,ADL,2026-06-22,-3,1.167,11.8,0.0
Lab A,1342,ADL,2026-06-22,-3,1.333,2.9,0.0
Lab A,1342,ADL,2026-06-22,-3,1.5,5.6,0.0
Lab A,1342,ADL,2026-06-22,-3,1.667,4.9,0.0
Lab A,1342,ADL,2026-06-22,-3,1.833,5.9,0.0
Lab A,1342,ADL,2026-06-22,-3,2.0,17.6,0.0
Lab A,1342,ADL,2026-06-22,-3,2.167,25.2,0.0
Lab A,1342,ADL,2026-06-22,-3,2.333,38.6,0.0
Lab A,1342,ADL,2026-06-22,-3,2.5,19.0,0.0
Lab A,1342,ADL,2026-06-22,-3,2.667,17.3,0.0
Lab A,1342,ADL,2026-06-22,-3,2.833,40.3,0.0
Lab A,1342,ADL,2026-06-22,-3,3.0,1.2,0.0
Lab A,1342,ADL,2026-06-22,-3,3.167,13.0,0.0
Lab A,1342,ADL,2026-06-22,-3,3.333,7.7,0.0
Lab A,1342,ADL,2026-06-22,-3,3.5,17.6,0.0
Lab A,1342,ADL,2026-06-22,-3,3.667,3.9,0.0
Lab A,1342,ADL,2026-06-22,-3,3.833,28.1,0.0
Lab A,1342,ADL,2026-06-22,-3,4.0,22.8,0.0
Lab A,1342,ADL,2026-06-22,-3,4.167,36.7,0.0
Lab A,1342,ADL,2026-06-22,-3,4.333,8.9,0.0
Lab A,1342,ADL,2026-06-22,-3,4.5,0.1,0.0
Lab A,1342,ADL,2026-06-22,-3,4.667,0.8,0.0
Lab A,1342,ADL,2026-06-22,-3,4.833,0.7,0.0
Lab A,1342,ADL,2026-06-22,-3,5.0,4.5,0.0
Lab A,1342,ADL,2026-06-22,-3,5.167,1.2,646.1
Lab A,1342,ADL,2026-06-22,-3,5.333,21.9,713.1
Lab A,1342,ADL,2026-06-22,-3,5.5,10.9,714.3
Lab A,1342,ADL,2026-06-22,-3,5.667,29.9,710.5
Lab A,1342,ADL,2026-06-22,-3,5.833,15.7,710.5
Lab A,1342,ADL,2026-06-22,-3,6.0,0.4,712.7
Lab A,1342,ADL,2026-06-22,-3,6.167,4.0,711.0
Lab A,1342,ADL,2026-06-22,-3,6.333,0.1,710.7
Lab A,1342,ADL,2026-06-22,-3,6.5,0.6,710.4
Lab A,1342,ADL,2026-06-22,-3,6.667,0.7,710.7
Lab A,1342,ADL,2026-06-22,-3,6.833,0.7,709.5
Lab A,1342,ADL,2026-06-22,-3,7.0,0.0,709.8
Lab A,1342,ADL,2026-06-22,-3,7.167,1.2,709.2
Lab A,1342,ADL,2026-06-22,-3,7.333,1.2,710.2
Lab A,1342,ADL,2026-06-22,-3,7.5,6.8,710.3
Lab A,1342,ADL,2026-06-22,-3,7.667,16.5,708.0
Lab A,1342,ADL,2026-06-22,-3,7.833,1.0,709.4
Lab A,1342,ADL,2026-06-22,-3,8.0,1.4,709.5
Lab A,1342,ADL,2026-06-22,-3,8.167,0.2,708.9
Lab A,1342,ADL,2026-06-22,-3,8.333,1.5,709.6
Lab A,1342,ADL,2026-06-22,-3,8.5,2.5,709.4
Lab A,1342,ADL,2026-06-22,-3,8.667,12.6,709.7
Lab A,1342,ADL,2026-06-22,-3,8.833,12.6,708.9
Lab A,1342,ADL,2026-06-22,-3,9.0,0.7,710.0
Lab A,1342,ADL,2026-06-22,-3,9.167,0.3,710.2
Lab A,1342,ADL,2026-06-22,-3,9.333,0.6,710.2
Lab A,1342,ADL,2026-06-22,-3,9.5,3.1,710.9
Lab A,1342,ADL,2026-06-22,-3,9.667,1.5,710.3
Lab A,1342,ADL,2026-06-22,-3,9.833,18.2,711.0
Lab A,1342,ADL,2026-06-22,-3,10.0,29.7,710.9
Lab A,1342,ADL,2026-06-22,-3,10.167,21.0,707.4
Lab A,1342,ADL,2026-06-22,-3,10.333,0.5,708.1
Lab A,1342,ADL,2026-06-22,-3,10.5,4.7,708.2
Lab A,1342,ADL,2026-06-22,-3,10.667,1.8,708.3
Lab A,1342,ADL,2026-06-22,-3,10.833,1.2,708.2
Lab A,1342,ADL,2026-06-22,-3,11.0,0.1,708.1
Lab A,1342,ADL,2026-06-22,-3,11.167,2.0,708.0
Lab A,1342,ADL,2026-06-22,-3,11.333,1.2,707.3
Lab A,1342,ADL,2026-06-22,-3,11.5,1.4,707.1
Lab A,1342,ADL,2026-06-22,-3,11.667,13.6,675.2
Lab A,1342,ADL,2026-06-22,-3,11.833,21.1,617.3
Lab A,1342,ADL,2026-06-22,-3,12.0,43.3,702.0
Lab A,1342,ADL,2026-06-22,-3,12.167,34.7,697.7
Lab A,1342,ADL,2026-06-22,-3,12.333,8.2,698.3
Lab A,1342,ADL,2026-06-22,-3,12.5,1.8,698.8
Lab A,1342,ADL,2026-06-22,-3,12.667,0.6,698.0
Lab A,1342,ADL,2026-06-22,-3,12.833,4.2,697.8
Lab A,1342,ADL,2026-06-22,-3,13.0,3.3,698.7
Lab A,1342,ADL,2026-06-22,-3,13.167,0.9,698.3
Lab A,1342,ADL,2026-06-22,-3,13.333,14.4,697.6
Lab A,1342,ADL,2026-06-22,-3,13.5,23.3,699.7
Lab A,1342,ADL,2026-06-22,-3,13.667,11.0,701.1
Lab A,1342,ADL,2026-06-22,-3,13.833,4.2,698.2
Lab A,1342,ADL,2026-06-22,-3,14.0,3.3,698.1
Lab A,1342,ADL,2026-06-22,-3,14.167,1.3,698.4
Lab A,1342,ADL,2026-06-22,-3,14.333,0.7,697.3
Lab A,1342,ADL,2026-06-22,-3,14.5,2.1,697.9
Lab A,1342,ADL,2026-06-22,-3,14.667,1.5,697.6
Lab A,1342,ADL,2026-06-22,-3,14.833,1.6,697.0
Lab A,1342,ADL,2026-06-22,-3,15.0,9.2,696.2
Lab A,1342,ADL,2026-06-22,-3,15.167,5.9,697.2
Lab A,1342,ADL,2026-06-22,-3,15.333,0.6,696.9
Lab A,1342,ADL,2026-06-22,-3,15.5,0.7,697.3
Lab A,1342,ADL,2026-06-22,-3,15.667,2.4,696.8
Lab A,1342,ADL,2026-06-22,-3,15.833,21.2,698.9
Lab A,1342,ADL,2026-06-22,-3,16.0,8.5,697.3
Lab A,1342,ADL,2026-06-22,-3,16.167,1.2,697.3
Lab A,1342,ADL,2026-06-22,-3,16.333,3.9,697.7
Lab A,1342,ADL,2026-06-22,-3,16.5,1.8,699.2
Lab A,1342,ADL,2026-06-22,-3,16.667,5.0,698.5
Lab A,1342,ADL,2026-06-22,-3,16.833,30.9,697.9
Lab A,1342,ADL,2026-06-22,-3,17.0,3.6,557.2
Lab A,1342,ADL,2026-06-22,-3,17.167,10.9,0.0
Lab A,1342,ADL,2026-06-22,-3,17.333,24.0,0.0
Lab A,1342,ADL,2026-06-22,-3,17.5,23.7,0.0
Lab A,1342,ADL,2026-06-22,-3,17.667,33.3,0.0
Lab A,1342,ADL,2026-06-22,-3,17.833,43.4,0.0
Lab A,1342,ADL,2026-06-22,-3,18.0,26.0,0.0
Lab A,1342,ADL,2026-06-22,-3,18.167,46.6,0.0
Lab A,1342,ADL,2026-06-22,-3,18.333,23.4,0.0
Lab A,1342,ADL,2026-06-22,-3,18.5,3.2,0.0
Lab A,1342,ADL,2026-06-22,-3,18.667,3.7,0.0
Lab A,1342,ADL,2026-06-22,-3,18.833,11.3,0.0
Lab A,1342,ADL,2026-06-22,-3,19.0,33.5,0.0
Lab A,1342,ADL,2026-06-22,-3,19.167,38.5,0.0
Lab A,1342,ADL,2026-06-22,-3,19.333,27.6,0.0
Lab A,1342,ADL,2026-06-22,-3,19.5,7.1,0.0
Lab A,1342,ADL,2026-06-22,-3,19.667,2.1,0.0
Lab A,1342,ADL,2026-06-22,-3,19.833,5.0,0.0
Lab A,1342,ADL,2026-06-22,-3,20.0,37.5,0.0
Lab A,1342,ADL,2026-06-22,-3,20.167,11.7,0.0
Lab A,1342,ADL,2026-06-22,-3,20.333,15.5,0.0
Lab A,1342,ADL,2026-06-22,-3,20.5,15.4,0.0
Lab A,1342,ADL,2026-06-22,-3,20.667,44.6,0.0
Lab A,1342,ADL,2026-06-22,-3,20.833,45.9,0.0
Lab A,1342,ADL,2026-06-22,-3,21.0,2.0,0.0
Lab A,1342,ADL,2026-06-22,-3,21.167,3.6,0.0
Lab A,1342,ADL,2026-06-22,-3,21.333,2.6,0.0
Lab A,1342,ADL,2026-06-22,-3,21.5,18.5,0.0
Lab A,1342,ADL,2026-06-22,-3,21.667,30.2,0.0
Lab A,1342,ADL,2026-06-22,-3,21.833,23.4,0.0
Lab A,1342,ADL,2026-06-22,-3,22.0,32.2,0.0
Lab A,1342,ADL,2026-06-22,-3,22.167,16.5,0.0
Lab A,1342,ADL,2026-06-22,-3,22.333,29.9,0.0
Lab A,1342,ADL,2026-06-22,-3,22.5,49.2,0.0
Lab A,1342,ADL,2026-06-22,-3,22.667,1.5,0.0
Lab A,1342,ADL,2026-06-22,-3,22.833,3.9,0.0
Lab A,1342,ADL,2026-06-22,-3,23.0,7.3,0.0
Lab A,1342,ADL,2026-06-22,-3,23.167,2.3,0.0
Lab A,1342,ADL,2026-06-22,-3,23.333,18.3,0.0
Lab A,1342,ADL,2026-06-22,-3,23.5,9.1,0.0
Lab A,1342,ADL,2026-06-22,-3,23.667,1.7,0.0
Lab A,1342,ADL,2026-06-22,-3,23.833,31.9,0.0
Lab A,1342,ADL,2026-06-23,-2,0.0,3.7,0.0
Lab A,1342,ADL,2026-06-23,-2,0.167,3.0,0.0
Lab A,1342,ADL,2026-06-23,-2,0.333,14.0,0.0
Lab A,1342,ADL,2026-06-23,-2,0.5,19.3,0.0
Lab A,1342,ADL,2026-06-23,-2,0.667,38.0,0.0
Lab A,1342,ADL,2026-06-23,-2,0.833,38.3,0.0
Lab A,1342,ADL,2026-06-23,-2,1.0,47.0,0.0
Lab A,1342,ADL,2026-06-23,-2,1.167,7.5,0.0
Lab A,1342,ADL,2026-06-23,-2,1.333,2.6,0.0
Lab A,1342,ADL,2026-06-23,-2,1.5,0.0,0.0
Lab A,1342,ADL,2026-06-23,-2,1.667,3.3,0.0
Lab A,1342,ADL,2026-06-23,-2,1.833,2.4,0.0
Lab A,1342,ADL,2026-06-23,-2,2.0,27.6,0.0
Lab A,1342,ADL,2026-06-23,-2,2.167,6.5,0.0
Lab A,1342,ADL,2026-06-23,-2,2.333,1.1,0.0
Lab A,1342,ADL,2026-06-23,-2,2.5,26.4,0.0
Lab A,1342,ADL,2026-06-23,-2,2.667,13.6,0.0
Lab A,1342,ADL,2026-06-23,-2,2.833,25.2,0.0
Lab A,1342,ADL,2026-06-23,-2,3.0,6.6,0.0
Lab A,1342,ADL,2026-06-23,-2,3.167,1.6,0.0
Lab A,1342,ADL,2026-06-23,-2,3.333,3.3,0.0
Lab A,1342,ADL,2026-06-23,-2,3.5,14.5,0.0
Lab A,1342,ADL,2026-06-23,-2,3.667,33.0,0.0
Lab A,1342,ADL,2026-06-23,-2,3.833,13.7,0.0
Lab A,1342,ADL,2026-06-23,-2,4.0,2.9,0.0
Lab A,1342,ADL,2026-06-23,-2,4.167,13.6,0.0
Lab A,1342,ADL,2026-06-23,-2,4.333,2.6,0.0
Lab A,1342,ADL,2026-06-23,-2,4.5,12.0,0.0
Lab A,1342,ADL,2026-06-23,-2,4.667,28.0,0.0
Lab A,1342,ADL,2026-06-23,-2,4.833,38.1,0.0
Lab A,1342,ADL,2026-06-23,-2,5.0,49.2,0.0
Lab A,1342,ADL,2026-06-23,-2,5.167,26.9,651.3
Lab A,1342,ADL,2026-06-23,-2,5.333,38.9,711.6
Lab A,1342,ADL,2026-06-23,-2,5.5,44.8,707.3
Lab A,1342,ADL,2026-06-23,-2,5.667,17.0,711.9
Lab A,1342,ADL,2026-06-23,-2,5.833,1.7,712.1
Lab A,1342,ADL,2026-06-23,-2,6.0,0.8,711.4
Lab A,1342,ADL,2026-06-23,-2,6.167,0.5,711.4
Lab A,1342,ADL,2026-06-23,-2,6.333,3.2,711.0
Lab A,1342,ADL,2026-06-23,-2,6.5,0.8,711.4
Lab A,1342,ADL,2026-06-23,-2,6.667,1.0,710.6
Lab A,1342,ADL,2026-06-23,-2,6.833,0.0,710.2
Lab A,1342,ADL,2026-06-23,-2,7.0,13.2,709.7
Lab A,1342,ADL,2026-06-23,-2,7.167,9.8,709.0
Lab A,1342,ADL,2026-06-23,-2,7.333,1.4,709.4
Lab A,1342,ADL,2026-06-23,-2,7.5,0.4,709.4
Lab A,1342,ADL,2026-06-23,-2,7.667,0.1,710.3
Lab A,1342,ADL,2026-06-23,-2,7.833,10.3,709.3
Lab A,1342,ADL,2026-06-23,-2,8.0,41.0,707.5
Lab A,1342,ADL,2026-06-23,-2,8.167,2.0,708.9
Lab A,1342,ADL,2026-06-23,-2,8.333,1.1,708.6
Lab A,1342,ADL,2026-06-23,-2,8.5,2.9,708.3
Lab A,1342,ADL,2026-06-23,-2,8.667,0.7,708.7
Lab A,1342,ADL,2026-06-23,-2,8.833,0.8,707.9
Lab A,1342,ADL,2026-06-23,-2,9.0,0.4,709.1
Lab A,1342,ADL,2026-06-23,-2,9.167,0.1,708.5
Lab A,1342,ADL,2026-06-23,-2,9.333,0.2,708.2
Lab A,1342,ADL,2026-06-23,-2,9.5,1.9,709.0
Lab A,1342,ADL,2026-06-23,-2,9.667,0.2,709.7
Lab A,1342,ADL,2026-06-23,-2,9.833,0.8,708.8
Lab A,1342,ADL,2026-06-23,-2,10.0,5.1,708.8
Lab A,1342,ADL,2026-06-23,-2,10.167,9.6,708.1
Lab A,1342,ADL,2026-06-23,-2,10.333,1.2,709.1
Lab A,1342,ADL,2026-06-23,-2,10.5,1.5,709.1
Lab A,1342,ADL,2026-06-23,-2,10.667,1.5,709.1
Lab A,1342,ADL,2026-06-23,-2,10.833,12.6,708.5
Lab A,1342,ADL,2026-06-23,-2,11.0,5.4,708.0
Lab A,1342,ADL,2026-06-23,-2,11.167,1.0,708.7
Lab A,1342,ADL,2026-06-23,-2,11.333,0.6,708.8
Lab A,1342,ADL,2026-06-23,-2,11.5,1.8,708.3
Lab A,1342,ADL,2026-06-23,-2,11.667,0.3,707.9
Lab A,1342,ADL,2026-06-23,-2,11.833,5.3,683.8
Lab A,1342,ADL,2026-06-23,-2,12.0,24.0,668.3
Lab A,1342,ADL,2026-06-23,-2,12.167,18.0,616.8
Lab A,1342,ADL,2026-06-23,-2,12.333,41.0,617.5
Lab A,1342,ADL,2026-06-23,-2,12.5,52.3,674.8
Lab A,1342,ADL,2026-06-23,-2,12.667,32.6,698.3
Lab A,1342,ADL,2026-06-23,-2,12.833,0.3,699.3
Lab A,1342,ADL,2026-06-23,-2,13.0,3.5,699.4
Lab A,1342,ADL,2026-06-23,-2,13.167,1.5,698.6
Lab A,1342,ADL,2026-06-23,-2,13.333,28.1,697.4
Lab A,1342,ADL,2026-06-23,-2,13.5,8.5,697.9
Lab A,1342,ADL,2026-06-23,-2,13.667,0.5,698.0
Lab A,1342,ADL,2026-06-23,-2,13.833,3.5,698.5
Lab A,1342,ADL,2026-06-23,-2,14.0,11.7,699.0
Lab A,1342,ADL,2026-06-23,-2,14.167,5.4,697.9
Lab A,1342,ADL,2026-06-23,-2,14.333,0.5,698.2
Lab A,1342,ADL,2026-06-23,-2,14.5,1.7,697.8
Lab A,1342,ADL,2026-06-23,-2,14.667,12.0,697.6
Lab A,1342,ADL,2026-06-23,-2,14.833,13.9,696.8
Lab A,1342,ADL,2026-06-23,-2,15.0,15.7,696.8
Lab A,1342,ADL,2026-06-23,-2,15.167,0.5,695.5
Lab A,1342,ADL,2026-06-23,-2,15.333,1.2,695.4
Lab A,1342,ADL,2026-06-23,-2,15.5,0.4,694.4
Lab A,1342,ADL,2026-06-23,-2,15.667,1.7,694.6
Lab A,1342,ADL,2026-06-23,-2,15.833,19.9,694.0
Lab A,1342,ADL,2026-06-23,-2,16.0,18.7,696.9
Lab A,1342,ADL,2026-06-23,-2,16.167,0.8,694.3
Lab A,1342,ADL,2026-06-23,-2,16.333,1.4,694.9
Lab A,1342,ADL,2026-06-23,-2,16.5,1.7,693.7
Lab A,1342,ADL,2026-06-23,-2,16.667,8.7,694.0
Lab A,1342,ADL,2026-06-23,-2,16.833,11.7,695.8
Lab A,1342,ADL,2026-06-23,-2,17.0,3.2,623.7
Lab A,1342,ADL,2026-06-23,-2,17.167,10.9,0.0
Lab A,1342,ADL,2026-06-23,-2,17.333,30.3,0.0
Lab A,1342,ADL,2026-06-23,-2,17.5,18.6,0.0
Lab A,1342,ADL,2026-06-23,-2,17.667,37.8,0.0
Lab A,1342,ADL,2026-06-23,-2,17.833,41.2,0.0
Lab A,1342,ADL,2026-06-23,-2,18.0,17.2,0.0
Lab A,1342,ADL,2026-06-23,-2,18.167,6.7,0.0
Lab A,1342,ADL,2026-06-23,-2,18.333,6.5,0.0
Lab A,1342,ADL,2026-06-23,-2,18.5,28.7,0.0
Lab A,1342,ADL,2026-06-23,-2,18.667,23.5,0.0
Lab A,1342,ADL,2026-06-23,-2,18.833,22.3,0.0
Lab A,1342,ADL,2026-06-23,-2,19.0,2.4,0.0
Lab A,1342,ADL,2026-06-23,-2,19.167,5.0,0.0
Lab A,1342,ADL,2026-06-23,-2,19.333,5.7,0.0
Lab A,1342,ADL,2026-06-23,-2,19.5,13.4,0.0
Lab A,1342,ADL,2026-06-23,-2,19.667,24.8,0.0
Lab A,1342,ADL,2026-06-23,-2,19.833,9.0,0.0
Lab A,1342,ADL,2026-06-23,-2,20.0,2.9,0.0
Lab A,1342,ADL,2026-06-23,-2,20.167,41.5,0.0
Lab A,1342,ADL,2026-06-23,-2,20.333,40.4,0.0
Lab A,1342,ADL,2026-06-23,-2,20.5,7.5,0.0
Lab A,1342,ADL,2026-06-23,-2,20.667,2.0,0.0
Lab A,1342,ADL,2026-06-23,-2,20.833,0.9,0.0
Lab A,1342,ADL,2026-06-23,-2,21.0,39.3,0.0
Lab A,1342,ADL,2026-06-23,-2,21.167,12.3,0.0
Lab A,1342,ADL,2026-06-23,-2,21.333,2.1,0.0
Lab A,1342,ADL,2026-06-23,-2,21.5,24.3,0.0
Lab A,1342,ADL,2026-06-23,-2,21.667,5.2,0.0
Lab A,1342,ADL,2026-06-23,-2,21.833,20.8,0.0
Lab A,1342,ADL,2026-06-23,-2,22.0,35.0,0.0
Lab A,1342,ADL,2026-06-23,-2,22.167,41.0,0.0
Lab A,1342,ADL,2026-06-23,-2,22.333,10.7,0.0
Lab A,1342,ADL,2026-06-23,-2,22.5,0.9,0.0
Lab A,1342,ADL,2026-06-23,-2,22.667,3.6,0.0
Lab A,1342,ADL,2026-06-23,-2,22.833,22.2,0.0
Lab A,1342,ADL,2026-06-23,-2,23.0,0.1,0.0
Lab A,1342,ADL,2026-06-23,-2,23.167,13.7,0.0
Lab A,1342,ADL,2026-06-23,-2,23.333,23.6,0.0
Lab A,1342,ADL,2026-06-23,-2,23.5,33.8,0.0
Lab A,1342,ADL,2026-06-23,-2,23.667,46.7,0.0
Lab A,1342,ADL,2026-06-23,-2,23.833,36.9,0.0
Lab A,1342,ADL,2026-06-24,-1,0.0,49.0,0.0
Lab A,1342,ADL,2026-06-24,-1,0.167,27.4,0.0
Lab A,1342,ADL,2026-06-24,-1,0.333,2.5,0.0
Lab A,1342,ADL,2026-06-24,-1,0.5,1.8,0.0
Lab A,1342,ADL,2026-06-24,-1,0.667,7.1,0.0
Lab A,1342,ADL,2026-06-24,-1,0.833,19.9,0.0
Lab A,1342,ADL,2026-06-24,-1,1.0,0.3,0.0
Lab A,1342,ADL,2026-06-24,-1,1.167,1.8,0.0
Lab A,1342,ADL,2026-06-24,-1,1.333,20.8,0.0
Lab A,1342,ADL,2026-06-24,-1,1.5,2.4,0.0
Lab A,1342,ADL,2026-06-24,-1,1.667,12.2,0.0
Lab A,1342,ADL,2026-06-24,-1,1.833,2.2,0.0
Lab A,1342,ADL,2026-06-24,-1,2.0,10.3,0.0
Lab A,1342,ADL,2026-06-24,-1,2.167,17.7,0.0
Lab A,1342,ADL,2026-06-24,-1,2.333,24.1,0.0
Lab A,1342,ADL,2026-06-24,-1,2.5,3.1,0.0
Lab A,1342,ADL,2026-06-24,-1,2.667,19.0,0.0
Lab A,1342,ADL,2026-06-24,-1,2.833,3.2,0.0
Lab A,1342,ADL,2026-06-24,-1,3.0,7.3,0.0
Lab A,1342,ADL,2026-06-24,-1,3.167,33.5,0.0
Lab A,1342,ADL,2026-06-24,-1,3.333,17.2,0.0
Lab A,1342,ADL,2026-06-24,-1,3.5,44.4,0.0
Lab A,1342,ADL,2026-06-24,-1,3.667,41.9,0.0
Lab A,1342,ADL,2026-06-24,-1,3.833,15.4,0.0
Lab A,1342,ADL,2026-06-24,-1,4.0,2.8,0.0
Lab A,1342,ADL,2026-06-24,-1,4.167,3.8,0.0
Lab A,1342,ADL,2026-06-24,-1,4.333,14.9,0.0
Lab A,1342,ADL,2026-06-24,-1,4.5,24.8,0.0
Lab A,1342,ADL,2026-06-24,-1,4.667,28.5,0.0
Lab A,1342,ADL,2026-06-24,-1,4.833,27.1,0.0
Lab A,1316,TRF,2026-06-24,-1,5.0,0.0,0.0
Lab A,1316,TRF,2026-06-24,-1,5.167,0.0,702.0
Lab A,1316,TRF,2026-06-24,-1,5.333,0.0,776.1
Lab A,1316,TRF,2026-06-24,-1,5.5,0.0,775.6
Lab A,1316,TRF,2026-06-24,-1,5.667,0.0,775.0
Lab A,1316,TRF,2026-06-24,-1,5.833,0.0,774.6
Lab A,1316,TRF,2026-06-24,-1,6.0,3.2,774.8
Lab A,1316,TRF,2026-06-24,-1,6.167,11.1,770.2
Lab A,1316,TRF,2026-06-24,-1,6.333,17.5,759.7
Lab A,1316,TRF,2026-06-24,-1,6.5,3.4,772.8
Lab A,1316,TRF,2026-06-24,-1,6.667,0.0,774.8
Lab A,1316,TRF,2026-06-24,-1,6.833,0.0,774.1
Lab A,1316,TRF,2026-06-24,-1,7.0,0.0,774.3
Lab A,1316,TRF,2026-06-24,-1,7.167,0.0,774.2
Lab A,1316,TRF,2026-06-24,-1,7.333,0.0,774.4
Lab A,1316,TRF,2026-06-24,-1,7.5,0.0,774.2
Lab A,1316,TRF,2026-06-24,-1,7.667,0.0,774.1
Lab A,1316,TRF,2026-06-24,-1,7.833,0.0,773.8
Lab A,1316,TRF,2026-06-24,-1,8.0,0.0,774.5
Lab A,1316,TRF,2026-06-24,-1,8.167,0.0,773.9
Lab A,1316,TRF,2026-06-24,-1,8.333,0.0,774.1
Lab A,1316,TRF,2026-06-24,-1,8.5,0.0,774.8
Lab A,1316,TRF,2026-06-24,-1,8.667,0.0,774.3
Lab A,1316,TRF,2026-06-24,-1,8.833,4.4,772.2
Lab A,1316,TRF,2026-06-24,-1,9.0,12.2,770.7
Lab A,1316,TRF,2026-06-24,-1,9.167,15.7,770.6
Lab A,1316,TRF,2026-06-24,-1,9.333,12.2,771.2
Lab A,1316,TRF,2026-06-24,-1,9.5,0.0,774.4
Lab A,1316,TRF,2026-06-24,-1,9.667,0.0,774.6
Lab A,1316,TRF,2026-06-24,-1,9.833,0.0,774.8
Lab A,1316,TRF,2026-06-24,-1,10.0,0.0,774.6
Lab A,1316,TRF,2026-06-24,-1,10.167,0.0,774.5
Lab A,1316,TRF,2026-06-24,-1,10.333,0.0,774.5
Lab A,1316,TRF,2026-06-24,-1,10.5,0.0,774.6
Lab A,1316,TRF,2026-06-24,-1,10.667,0.0,774.9
Lab A,1316,TRF,2026-06-24,-1,10.833,0.0,774.7
Lab A,1316,TRF,2026-06-24,-1,11.0,0.0,774.9
Lab A,1316,TRF,2026-06-24,-1,11.167,0.0,774.3
Lab A,1316,TRF,2026-06-24,-1,11.333,0.0,774.7
Lab A,1316,TRF,2026-06-24,-1,11.5,3.5,772.1
Lab A,1316,TRF,2026-06-24,-1,11.667,0.0,772.1
Lab A,1316,TRF,2026-06-24,-1,11.833,5.6,728.3
Lab A,1316,TRF,2026-06-24,-1,12.0,19.7,736.4
Lab A,1316,TRF,2026-06-24,-1,12.167,0.6,761.4
Lab A,1316,TRF,2026-06-24,-1,12.333,0.0,769.3
Lab A,1316,TRF,2026-06-24,-1,12.5,0.0,769.4
Lab A,1316,TRF,2026-06-24,-1,12.667,0.0,769.9
Lab A,1316,TRF,2026-06-24,-1,12.833,0.0,769.1
Lab A,1316,TRF,2026-06-24,-1,13.0,0.0,768.2
Lab A,1316,TRF,2026-06-24,-1,13.167,0.0,769.1
Lab A,1316,TRF,2026-06-24,-1,13.333,0.0,768.5
Lab A,1316,TRF,2026-06-24,-1,13.5,0.0,768.5
Lab A,1316,TRF,2026-06-24,-1,13.667,3.8,767.7
Lab A,1316,TRF,2026-06-24,-1,13.833,6.8,767.4
Lab A,1316,TRF,2026-06-24,-1,14.0,0.0,769.1
Lab A,1316,TRF,2026-06-24,-1,14.167,0.0,768.8
Lab A,1316,TRF,2026-06-24,-1,14.333,0.0,769.0
Lab A,1316,TRF,2026-06-24,-1,14.5,0.0,769.1
Lab A,1316,TRF,2026-06-24,-1,14.667,0.0,769.1
Lab A,1316,TRF,2026-06-24,-1,14.833,0.0,768.6
Lab A,1316,TRF,2026-06-24,-1,15.0,0.0,768.8
Lab A,1316,TRF,2026-06-24,-1,15.167,0.0,769.3
Lab A,1316,TRF,2026-06-24,-1,15.333,0.0,768.8
Lab A,1316,TRF,2026-06-24,-1,15.5,2.3,768.9
Lab A,1316,TRF,2026-06-24,-1,15.667,0.6,768.4
Lab A,1316,TRF,2026-06-24,-1,15.833,0.0,768.4
Lab A,1316,TRF,2026-06-24,-1,16.0,0.0,769.1
Lab A,1316,TRF,2026-06-24,-1,16.167,0.0,768.6
Lab A,1316,TRF,2026-06-24,-1,16.333,0.0,768.4
Lab A,1316,TRF,2026-06-24,-1,16.5,5.1,767.3
Lab A,1316,TRF,2026-06-24,-1,16.667,0.0,769.4
Lab A,1316,TRF,2026-06-24,-1,16.833,0.0,769.4
Lab A,1316,TRF,2026-06-24,-1,17.0,0.0,615.5
Lab A,1316,TRF,2026-06-24,-1,17.167,0.0,0.0
Lab A,1316,TRF,2026-06-24,-1,17.333,3.6,0.0
Lab A,1316,TRF,2026-06-24,-1,17.5,3.1,0.0
Lab A,1316,TRF,2026-06-24,-1,17.667,0.0,0.0
Lab A,1316,TRF,2026-06-24,-1,17.833,7.7,0.0
Lab A,1316,TRF,2026-06-24,-1,18.0,15.5,0.0
Lab A,1316,TRF,2026-06-24,-1,18.167,31.0,0.0
Lab A,1316,TRF,2026-06-24,-1,18.333,11.8,0.0
Lab A,1316,TRF,2026-06-24,-1,18.5,0.0,0.0
Lab A,1316,TRF,2026-06-24,-1,18.667,0.0,0.0
Lab A,1316,TRF,2026-06-24,-1,18.833,15.7,0.0
Lab A,1316,TRF,2026-06-24,-1,19.0,18.9,0.0
Lab A,1316,TRF,2026-06-24,-1,19.167,5.2,0.0
Lab A,1316,TRF,2026-06-24,-1,19.333,2.9,0.0
Lab A,1316,TRF,2026-06-24,-1,19.5,0.0,0.0
Lab A,1316,TRF,2026-06-24,-1,19.667,0.0,0.0
Lab A,1316,TRF,2026-06-24,-1,19.833,5.6,0.0
Lab A,1316,TRF,2026-06-24,-1,20.0,0.0,0.0
Lab A,1316,TRF,2026-06-24,-1,20.167,0.3,0.0
Lab A,1316,TRF,2026-06-24,-1,20.333,0.2,0.0
Lab A,1316,TRF,2026-06-24,-1,20.5,0.0,0.0
Lab A,1316,TRF,2026-06-24,-1,20.667,1.9,0.0
Lab A,1316,TRF,2026-06-24,-1,20.833,0.0,0.0
Lab A,1316,TRF,2026-06-24,-1,21.0,0.0,0.0
Lab A,1316,TRF,2026-06-24,-1,21.167,4.7,0.0
Lab A,1316,TRF,2026-06-24,-1,21.333,0.2,0.0
Lab A,1316,TRF,2026-06-24,-1,21.5,0.0,0.0
Lab A,1316,TRF,2026-06-24,-1,21.667,1.5,0.0
Lab A,1316,TRF,2026-06-24,-1,21.833,0.1,0.0
Lab A,1316,TRF,2026-06-24,-1,22.0,23.9,0.0
Lab A,1316,TRF,2026-06-24,-1,22.167,25.0,0.0
Lab A,1316,TRF,2026-06-24,-1,22.333,21.6,0.0
Lab A,1316,TRF,2026-06-24,-1,22.5,4.7,0.0
Lab A,1316,TRF,2026-06-24,-1,22.667,0.0,0.0
Lab A,1316,TRF,2026-06-24,-1,22.833,0.0,0.0
Lab A,1316,TRF,2026-06-24,-1,23.0,0.0,0.0
Lab A,1316,TRF,2026-06-24,-1,23.167,0.9,0.0
Lab A,1316,TRF,2026-06-24,-1,23.333,1.0,0.0
Lab A,1316,TRF,2026-06-24,-1,23.5,0.0,0.0
Lab A,1316,TRF,2026-06-24,-1,23.667,1.9,0.0
Lab A,1316,TRF,2026-06-24,-1,23.833,5.0,0.0
Lab A,1316,TRF,2026-06-25,0,0.0,0.1,0.0
Lab A,1316,TRF,2026-06-25,0,0.167,17.7,0.0
Lab A,1316,TRF,2026-06-25,0,0.333,3.7,0.0
Lab A,1316,TRF,2026-06-25,0,0.5,0.0,0.0
Lab A,1316,TRF,2026-06-25,0,0.667,0.3,0.0
Lab A,1316,TRF,2026-06-25,0,0.833,10.1,0.0
Lab A,1316,TRF,2026-06-25,0,1.0,33.8,0.0
Lab A,1316,TRF,2026-06-25,0,1.167,31.5,0.0
Lab A,1316,TRF,2026-06-25,0,1.333,0.3,0.0
Lab A,1316,TRF,2026-06-25,0,1.5,0.0,0.0
Lab A,1316,TRF,2026-06-25,0,1.667,0.0,0.0
Lab A,1316,TRF,2026-06-25,0,1.833,0.0,0.0
Lab A,1316,TRF,2026-06-25,0,2.0,0.1,0.0
Lab A,1316,TRF,2026-06-25,0,2.167,45.1,0.0
Lab A,1316,TRF,2026-06-25,0,2.333,44.9,0.0
Lab A,1316,TRF,2026-06-25,0,2.5,9.6,0.0
Lab A,1316,TRF,2026-06-25,0,2.667,0.0,0.0
Lab A,1316,TRF,2026-06-25,0,2.833,0.0,0.0
Lab A,1316,TRF,2026-06-25,0,3.0,0.0,0.0
Lab A,1316,TRF,2026-06-25,0,3.167,0.1,0.0
Lab A,1316,TRF,2026-06-25,0,3.333,0.0,0.0
Lab A,1316,TRF,2026-06-25,0,3.5,10.8,0.0
Lab A,1316,TRF,2026-06-25,0,3.667,0.0,0.0
Lab A,1316,TRF,2026-06-25,0,3.833,0.0,0.0
Lab A,1316,TRF,2026-06-25,0,4.0,7.8,0.0
Lab A,1316,TRF,2026-06-25,0,4.167,10.3,0.0
Lab A,1316,TRF,2026-06-25,0,4.333,27.2,0.0
Lab A,1316,TRF,2026-06-25,0,4.5,12.9,0.0
Lab A,1316,TRF,2026-06-25,0,4.667,2.9,0.0
Lab A,1316,TRF,2026-06-25,0,4.833,0.0,0.0
Lab A,1316,TRF,2026-06-25,0,5.0,0.0,0.0
Lab A,1316,TRF,2026-06-25,0,5.167,0.0,702.7
Lab A,1316,TRF,2026-06-25,0,5.333,0.0,776.1
Lab A,1316,TRF,2026-06-25,0,5.5,0.0,775.5
Lab A,1316,TRF,2026-06-25,0,5.667,0.0,775.7
Lab A,1316,TRF,2026-06-25,0,5.833,0.0,775.3
Lab A,1316,TRF,2026-06-25,0,6.0,0.0,774.4
Lab A,1316,TRF,2026-06-25,0,6.167,0.0,774.0
Lab A,1316,TRF,2026-06-25,0,6.333,0.0,773.9
Lab A,1316,TRF,2026-06-25,0,6.5,11.0,766.5
Lab A,1316,TRF,2026-06-25,0,6.667,0.0,774.2
Lab A,1316,TRF,2026-06-25,0,6.833,0.0,772.9
Lab A,1316,TRF,2026-06-25,0,7.0,0.0,773.4
Lab A,1316,TRF,2026-06-25,0,7.167,0.0,773.3
Lab A,1316,TRF,2026-06-25,0,7.333,0.0,773.4
Lab A,1316,TRF,2026-06-25,0,7.5,0.0,773.0
Lab A,1316,TRF,2026-06-25,0,7.667,0.0,772.8
Lab A,1316,TRF,2026-06-25,0,7.833,0.0,773.9
Lab A,1316,TRF,2026-06-25,0,8.0,0.0,772.9
Lab A,1316,TRF,2026-06-25,0,8.167,0.0,772.7
Lab A,1316,TRF,2026-06-25,0,8.333,4.8,771.3
Lab A,1316,TRF,2026-06-25,0,8.5,1.0,770.9
Lab A,1316,TRF,2026-06-25,0,8.667,0.0,772.1
Lab A,1316,TRF,2026-06-25,0,8.833,0.0,772.5
Lab A,1316,TRF,2026-06-25,0,9.0,0.0,772.1
Lab A,1316,TRF,2026-06-25,0,9.167,0.0,772.3
Lab A,1316,TRF,2026-06-25,0,9.333,0.0,772.3
Lab A,1316,TRF,2026-06-25,0,9.5,0.0,771.8
Lab A,1316,TRF,2026-06-25,0,9.667,0.0,772.0
Lab A,1316,TRF,2026-06-25,0,9.833,0.0,772.2
Lab A,1316,TRF,2026-06-25,0,10.0,0.0,771.9
Lab A,1316,TRF,2026-06-25,0,10.167,0.0,772.2
Lab A,1316,TRF,2026-06-25,0,10.333,0.0,772.3
Lab A,1316,TRF,2026-06-25,0,10.5,0.0,772.0
Lab A,1316,TRF,2026-06-25,0,10.667,0.0,772.1
Lab A,1316,TRF,2026-06-25,0,10.833,0.0,772.2
Lab A,1316,TRF,2026-06-25,0,11.0,0.0,772.0
Lab A,1316,TRF,2026-06-25,0,11.167,2.7,755.9
Lab A,1316,TRF,2026-06-25,0,11.333,1.4,750.0
Lab A,1316,TRF,2026-06-25,0,11.5,12.3,694.9
Lab A,1316,TRF,2026-06-25,0,11.667,15.8,735.2
Lab A,1316,TRF,2026-06-25,0,11.833,1.2,738.5
Lab A,1316,TRF,2026-06-25,0,12.0,0.1,749.5
Lab A,1316,TRF,2026-06-25,0,12.167,0.0,766.7
Lab A,1316,TRF,2026-06-25,0,12.333,0.0,766.7
Lab A,1316,TRF,2026-06-25,0,12.5,0.0,767.0
Lab A,1316,TRF,2026-06-25,0,12.667,0.0,766.0
Lab A,1316,TRF,2026-06-25,0,12.833,0.0,766.3
Lab A,1316,TRF,2026-06-25,0,13.0,0.0,766.1
Lab A,1316,TRF,2026-06-25,0,13.167,0.0,766.1
Lab A,1316,TRF,2026-06-25,0,13.333,0.0,765.9
Lab A,1316,TRF,2026-06-25,0,13.5,0.0,765.7
Lab A,1316,TRF,2026-06-25,0,13.667,0.0,766.2
Lab A,1316,TRF,2026-06-25,0,13.833,0.0,766.2
Lab A,1316,TRF,2026-06-25,0,14.0,0.0,765.3
Lab A,1316,TRF,2026-06-25,0,14.167,3.8,764.5
Lab A,1316,TRF,2026-06-25,0,14.333,21.1,762.0
Lab A,1316,TRF,2026-06-25,0,14.5,14.9,765.8
Lab A,1316,TRF,2026-06-25,0,14.667,0.0,770.2
Lab A,1316,TRF,2026-06-25,0,14.833,0.0,769.7
Lab A,1316,TRF,2026-06-25,0,15.0,0.0,770.6
Lab A,1316,TRF,2026-06-25,0,15.167,0.0,770.8
Lab A,1316,TRF,2026-06-25,0,15.333,0.0,770.8
Lab A,1316,TRF,2026-06-25,0,15.5,0.0,770.7
Lab A,1316,TRF,2026-06-25,0,15.667,0.0,770.7
Lab A,1316,TRF,2026-06-25,0,15.833,0.0,770.5
Lab A,1316,TRF,2026-06-25,0,16.0,1.6,770.5
Lab A,1316,TRF,2026-06-25,0,16.167,15.5,762.4
Lab A,1316,TRF,2026-06-25,0,16.333,5.1,770.2
Lab A,1316,TRF,2026-06-25,0,16.5,0.0,771.8
Lab A,1316,TRF,2026-06-25,0,16.667,0.0,771.8
Lab A,1316,TRF,2026-06-25,0,16.833,0.0,771.1
Lab A,1316,TRF,2026-06-25,0,17.0,0.0,617.2
Lab A,1316,TRF,2026-06-25,0,17.167,0.0,0.0
Lab A,1316,TRF,2026-06-25,0,17.333,1.6,0.0
Lab A,1316,TRF,2026-06-25,0,17.5,0.1,0.0
Lab A,1316,TRF,2026-06-25,0,17.667,13.5,0.0
Lab A,1316,TRF,2026-06-25,0,17.833,26.5,0.0
Lab A,1316,TRF,2026-06-25,0,18.0,0.0,0.0
Lab A,1316,TRF,2026-06-25,0,18.167,0.0,0.0
Lab A,1316,TRF,2026-06-25,0,18.333,1.4,0.0
Lab A,1316,TRF,2026-06-25,0,18.5,9.2,0.0
Lab A,1316,TRF,2026-06-25,0,18.667,23.2,0.0
Lab A,1316,TRF,2026-06-25,0,18.833,33.5,0.0
Lab A,1316,TRF,2026-06-25,0,19.0,3.7,0.0
Lab A,1316,TRF,2026-06-25,0,19.167,2.2,0.0
Lab A,1316,TRF,2026-06-25,0,19.333,14.1,0.0
Lab A,1316,TRF,2026-06-25,0,19.5,1.3,0.0
Lab A,1316,TRF,2026-06-25,0,19.667,0.0,0.0
Lab A,1316,TRF,2026-06-25,0,19.833,0.4,0.0
Lab A,1316,TRF,2026-06-25,0,20.0,0.0,0.0
Lab A,1316,TRF,2026-06-25,0,20.167,0.0,0.0
Lab A,1316,TRF,2026-06-25,0,20.333,0.0,0.0
Lab A,1316,TRF,2026-06-25,0,20.5,1.5,0.0
Lab A,1316,TRF,2026-06-25,0,20.667,0.0,0.0
Lab A,1316,TRF,2026-06-25,0,20.833,0.0,0.0
Lab A,1316,TRF,2026-06-25,0,21.0,7.3,0.0
Lab A,1316,TRF,2026-06-25,0,21.167,0.0,0.0
Lab A,1316,TRF,2026-06-25,0,21.333,0.0,0.0
Lab A,1316,TRF,2026-06-25,0,21.5,5.6,0.0
Lab A,1316,TRF,2026-06-25,0,21.667,0.0,0.0
Lab A,1316,TRF,2026-06-25,0,21.833,,0.0
Lab A,1316,TRF,2026-06-25,0,22.0,3.7,0.0
Lab A,1316,TRF,2026-06-25,0,22.167,0.0,0.0
Lab A,1316,TRF,2026-06-25,0,22.333,5.1,0.0
Lab A,1316,TRF,2026-06-25,0,22.5,0.4,0.0
Lab A,1316,TRF,2026-06-25,0,22.667,0.9,0.0
Lab A,1316,TRF,2026-06-25,0,22.833,0.0,0.0
Lab A,1316,TRF,2026-06-25,0,23.0,0.8,0.0
Lab A,1316,TRF,2026-06-25,0,23.167,9.3,0.0
Lab A,1316,TRF,2026-06-25,0,23.333,1.7,0.0
Lab A,1316,TRF,2026-06-25,0,23.5,0.0,0.0
Lab A,1316,TRF,2026-06-25,0,23.667,7.1,0.0
Lab A,1316,TRF,2026-06-25,0,23.833,1.0,0.0
Lab A,1316,TRF,2026-06-26,1,0.0,0.0,0.0
Lab A,1316,TRF,2026-06-26,1,0.167,3.1,0.0
Lab A,1316,TRF,2026-06-26,1,0.333,5.5,0.0
Lab A,1316,TRF,2026-06-26,1,0.5,0.0,0.0
Lab A,1316,TRF,2026-06-26,1,0.667,0.1,0.0
Lab A,1316,TRF,2026-06-26,1,0.833,0.0,0.0
Lab A,1316,TRF,2026-06-26,1,1.0,14.7,0.0
Lab A,1316,TRF,2026-06-26,1,1.167,16.5,0.0
Lab A,1316,TRF,2026-06-26,1,1.333,14.1,0.0
Lab A,1316,TRF,2026-06-26,1,1.5,27.0,0.0
Lab A,1316,TRF,2026-06-26,1,1.667,11.4,0.0
Lab A,1316,TRF,2026-06-26,1,1.833,0.0,0.0
Lab A,1316,TRF,2026-06-26,1,2.0,0.0,0.0
Lab A,1316,TRF,2026-06-26,1,2.167,0.0,0.0
Lab A,1316,TRF,2026-06-26,1,2.333,0.0,0.0
Lab A,1316,TRF,2026-06-26,1,2.5,4.5,0.0
Lab A,1316,TRF,2026-06-26,1,2.667,0.0,0.0
Lab A,1316,TRF,2026-06-26,1,2.833,0.0,0.0
Lab A,1316,TRF,2026-06-26,1,3.0,1.0,0.0
Lab A,1316,TRF,2026-06-26,1,3.167,0.6,0.0
Lab A,1316,TRF,2026-06-26,1,3.333,3.3,0.0
Lab A,1316,TRF,2026-06-26,1,3.5,5.6,0.0
Lab A,1316,TRF,2026-06-26,1,3.667,0.0,0.0
Lab A,1316,TRF,2026-06-26,1,3.833,0.0,0.0
Lab A,1316,TRF,2026-06-26,1,4.0,12.6,0.0
Lab A,1316,TRF,2026-06-26,1,4.167,29.0,0.0
Lab A,1316,TRF,2026-06-26,1,4.333,33.2,0.0
Lab A,1316,TRF,2026-06-26,1,4.5,8.3,0.0
Lab A,1316,TRF,2026-06-26,1,4.667,19.4,0.0
Lab A,1316,TRF,2026-06-26,1,4.833,5.8,0.0
Lab A,1316,TRF,2026-06-26,1,5.0,0.0,0.0
Lab A,1316,TRF,2026-06-26,1,5.167,0.0,702.1
Lab A,1316,TRF,2026-06-26,1,5.333,0.0,775.8
Lab A,1316,TRF,2026-06-26,1,5.5,0.0,775.7
Lab A,1316,TRF,2026-06-26,1,5.667,0.0,774.6
Lab A,1316,TRF,2026-06-26,1,5.833,0.0,774.9
Lab A,1316,TRF,2026-06-26,1,6.0,0.0,774.7
Lab A,1316,TRF,2026-06-26,1,6.167,2.0,774.9
Lab A,1316,TRF,2026-06-26,1,6.333,0.0,774.3
Lab A,1316,TRF,2026-06-26,1,6.5,3.7,772.2
Lab A,1316,TRF,2026-06-26,1,6.667,3.2,773.0
Lab A,1316,TRF,2026-06-26,1,6.833,0.0,773.7
Lab A,1316,TRF,2026-06-26,1,7.0,0.0,773.4
Lab A,1316,TRF,2026-06-26,1,7.167,0.0,774.3
Lab A,1316,TRF,2026-06-26,1,7.333,0.0,773.5
Lab A,1316,TRF,2026-06-26,1,7.5,0.0,773.5
Lab A,1316,TRF,2026-06-26,1,7.667,0.0,773.4
Lab A,1316,TRF,2026-06-26,1,7.833,0.0,772.8
Lab A,1316,TRF,2026-06-26,1,8.0,0.0,773.7
Lab A,1316,TRF,2026-06-26,1,8.167,0.0,773.5
Lab A,1316,TRF,2026-06-26,1,8.333,5.4,770.7
Lab A,1316,TRF,2026-06-26,1,8.5,0.0,773.3
Lab A,1316,TRF,2026-06-26,1,8.667,0.0,772.8
Lab A,1316,TRF,2026-06-26,1,8.833,0.0,773.3
Lab A,1316,TRF,2026-06-26,1,9.0,0.0,773.2
Lab A,1316,TRF,2026-06-26,1,9.167,0.0,773.4
Lab A,1316,TRF,2026-06-26,1,9.333,0.0,773.4
Lab A,1316,TRF,2026-06-26,1,9.5,0.0,773.2
Lab A,1316,TRF,2026-06-26,1,9.667,0.0,773.2
Lab A,1316,TRF,2026-06-26,1,9.833,0.0,773.6
Lab A,1316,TRF,2026-06-26,1,10.0,0.0,772.7
Lab A,1316,TRF,2026-06-26,1,10.167,13.0,764.3
Lab A,1316,TRF,2026-06-26,1,10.333,14.6,705.8
Lab A,1316,TRF,2026-06-26,1,10.5,7.6,756.5
Lab A,1316,TRF,2026-06-26,1,10.667,0.0,769.4
Lab A,1316,TRF,2026-06-26,1,10.833,0.0,768.6
Lab A,1316,TRF,2026-06-26,1,11.0,0.0,768.5
Lab A,1316,TRF,2026-06-26,1,11.167,0.0,769.7
Lab A,1316,TRF,2026-06-26,1,11.333,0.0,769.5
Lab A,1316,TRF,2026-06-26,1,11.5,0.0,769.4
Lab A,1316,TRF,2026-06-26,1,11.667,0.0,769.8
Lab A,1316,TRF,2026-06-26,1,11.833,1.2,768.9
Lab A,1316,TRF,2026-06-26,1,12.0,7.8,768.5
Lab A,1316,TRF,2026-06-26,1,12.167,0.0,770.0
Lab A,1316,TRF,2026-06-26,1,12.333,0.0,769.3
Lab A,1316,TRF,2026-06-26,1,12.5,0.0,769.9
Lab A,1316,TRF,2026-06-26,1,12.667,0.0,770.3
Lab A,1316,TRF,2026-06-26,1,12.833,0.0,769.2
Lab A,1316,TRF,2026-06-26,1,13.0,0.0,769.9
Lab A,1316,TRF,2026-06-26,1,13.167,0.0,770.1
Lab A,1316,TRF,2026-06-26,1,13.333,0.0,769.6
Lab A,1316,TRF,2026-06-26,1,13.5,0.0,770.3
Lab A,1316,TRF,2026-06-26,1,13.667,0.0,769.7
Lab A,1316,TRF,2026-06-26,1,13.833,0.0,770.0
Lab A,1316,TRF,2026-06-26,1,14.0,0.0,769.7
Lab A,1316,TRF,2026-06-26,1,14.167,0.0,770.4
Lab A,1316,TRF,2026-06-26,1,14.333,0.0,769.9
Lab A,1316,TRF,2026-06-26,1,14.5,0.0,770.0
Lab A,1316,TRF,2026-06-26,1,14.667,0.0,770.2
Lab A,1316,TRF,2026-06-26,1,14.833,5.5,769.7
Lab A,1316,TRF,2026-06-26,1,15.0,1.7,770.0
Lab A,1316,TRF,2026-06-26,1,15.167,0.0,769.9
Lab A,1316,TRF,2026-06-26,1,15.333,0.0,769.4
Lab A,1316,TRF,2026-06-26,1,15.5,0.0,769.5
Lab A,1316,TRF,2026-06-26,1,15.667,0.0,770.2
Lab A,1316,TRF,2026-06-26,1,15.833,0.0,769.9
Lab A,1316,TRF,2026-06-26,1,16.0,0.0,770.1
Lab A,1316,TRF,2026-06-26,1,16.167,0.0,769.8
Lab A,1316,TRF,2026-06-26,1,16.333,0.0,769.9
Lab A,1316,TRF,2026-06-26,1,16.5,0.0,770.2
Lab A,1316,TRF,2026-06-26,1,16.667,0.0,770.3
Lab A,1316,TRF,2026-06-26,1,16.833,7.7,765.8
Lab A,1316,TRF,2026-06-26,1,17.0,11.3,611.7
Lab A,1316,TRF,2026-06-26,1,17.167,1.4,0.0
Lab A,1316,TRF,2026-06-26,1,17.333,0.0,0.0
Lab A,1316,TRF,2026-06-26,1,17.5,0.0,0.0
Lab A,1316,TRF,2026-06-26,1,17.667,1.0,0.0
Lab A,1316,TRF,2026-06-26,1,17.833,2.0,0.0
Lab A,1316,TRF,2026-06-26,1,18.0,3.5,0.0
Lab A,1316,TRF,2026-06-26,1,18.167,11.6,0.0
Lab A,1316,TRF,2026-06-26,1,18.333,36.6,0.0
Lab A,1316,TRF,2026-06-26,1,18.5,16.8,0.0
Lab A,1316,TRF,2026-06-26,1,18.667,15.4,0.0
Lab A,1316,TRF,2026-06-26,1,18.833,0.0,0.0
Lab A,1316,TRF,2026-06-26,1,19.0,0.0,0.0
Lab A,1316,TRF,2026-06-26,1,19.167,0.9,0.0
Lab A,1316,TRF,2026-06-26,1,19.333,13.0,0.0
Lab A,1316,TRF,2026-06-26,1,19.5,5.7,0.0
Lab A,1316,TRF,2026-06-26,1,19.667,1.3,0.0
Lab A,1316,TRF,2026-06-26,1,19.833,0.0,0.0
Lab A,1316,TRF,2026-06-26,1,20.0,0.9,0.0
Lab A,1316,TRF,2026-06-26,1,20.167,2.2,0.0
Lab A,1316,TRF,2026-06-26,1,20.333,0.0,0.0
Lab A,1316,TRF,2026-06-26,1,20.5,0.2,0.0
Lab A,1316,TRF,2026-06-26,1,20.667,1.1,0.0
Lab A,1316,TRF,2026-06-26,1,20.833,2.7,0.0
Lab A,1316,TRF,2026-06-26,1,21.0,0.1,0.0
Lab A,1316,TRF,2026-06-26,1,21.167,3.6,0.0
Lab A,1316,TRF,2026-06-26,1,21.333,0.0,0.0
Lab A,1316,TRF,2026-06-26,1,21.5,0.0,0.0
Lab A,1316,TRF,2026-06-26,1,21.667,0.8,0.0
Lab A,1316,TRF,2026-06-26,1,21.833,1.6,0.0
Lab A,1316,TRF,2026-06-26,1,22.0,0.0,0.0
Lab A,1316,TRF,2026-06-26,1,22.167,12.1,0.0
Lab A,1316,TRF,2026-06-26,1,22.333,8.8,0.0
Lab A,1316,TRF,2026-06-26,1,22.5,0.0,0.0
Lab A,1316,TRF,2026-06-26,1,22.667,2.9,0.0
Lab A,1316,TRF,2026-06-26,1,22.833,1.2,0.0
Lab A,1316,TRF,2026-06-26,1,23.0,0.0,0.0
Lab A,1316,TRF,2026-06-26,1,23.167,1.2,0.0
Lab A,1316,TRF,2026-06-26,1,23.333,4.9,0.0
Lab A,1316,TRF,2026-06-26,1,23.5,0.0,0.0
Lab A,1316,TRF,2026-06-26,1,23.667,6.8,0.0
Lab A,1316,TRF,2026-06-26,1,23.833,13.0,0.0
Lab A,1316,TRF,2026-06-27,2,0.0,0.1,0.0
Lab A,1316,TRF,2026-06-27,2,0.167,0.1,0.0
Lab A,1316,TRF,2026-06-27,2,0.333,11.1,0.0
Lab A,1316,TRF,2026-06-27,2,0.5,8.6,0.0
Lab A,1316,TRF,2026-06-27,2,0.667,0.2,0.0
Lab A,1316,TRF,2026-06-27,2,0.833,0.0,0.0
Lab A,1316,TRF,2026-06-27,2,1.0,4.6,0.0
Lab A,1316,TRF,2026-06-27,2,1.167,0.0,0.0
Lab A,1316,TRF,2026-06-27,2,1.333,0.0,0.0
Lab A,1316,TRF,2026-06-27,2,1.5,0.0,0.0
Lab A,1316,TRF,2026-06-27,2,1.667,3.0,0.0
Lab A,1316,TRF,2026-06-27,2,1.833,0.0,0.0
Lab A,1316,TRF,2026-06-27,2,2.0,18.2,0.0
Lab A,1316,TRF,2026-06-27,2,2.167,0.4,0.0
Lab A,1316,TRF,2026-06-27,2,2.333,0.0,0.0
Lab A,1316,TRF,2026-06-27,2,2.5,0.0,0.0
Lab A,1316,TRF,2026-06-27,2,2.667,2.5,0.0
Lab A,1316,TRF,2026-06-27,2,2.833,13.3,0.0
Lab A,1316,TRF,2026-06-27,2,3.0,0.1,0.0
Lab A,1316,TRF,2026-06-27,2,3.167,0.0,0.0
Lab A,1316,TRF,2026-06-27,2,3.333,,
Lab A,1316,TRF,2026-06-27,2,3.5,5.7,0.0
Lab A,1316,TRF,2026-06-27,2,3.667,0.0,0.0
Lab A,1316,TRF,2026-06-27,2,3.833,0.0,0.0
Lab A,1316,TRF,2026-06-27,2,4.0,0.0,0.0
Lab A,1316,TRF,2026-06-27,2,4.167,19.7,0.0
Lab A,1316,TRF,2026-06-27,2,4.333,40.9,0.0
Lab A,1316,TRF,2026-06-27,2,4.5,37.1,0.0
Lab A,1316,TRF,2026-06-27,2,4.667,44.5,0.0
Lab A,1316,TRF,2026-06-27,2,4.833,18.3,0.0
Lab A,1316,TRF,2026-06-27,2,5.0,15.1,0.0
Lab A,1316,TRF,2026-06-27,2,5.167,0.1,702.0
Lab A,1316,TRF,2026-06-27,2,5.333,0.0,776.0
Lab A,1316,TRF,2026-06-27,2,5.5,0.0,775.1
Lab A,1316,TRF,2026-06-27,2,5.667,0.0,774.9
Lab A,1316,TRF,2026-06-27,2,5.833,0.0,774.6
Lab A,1316,TRF,2026-06-27,2,6.0,0.0,774.8
Lab A,1316,TRF,2026-06-27,2,6.167,0.0,774.7
Lab A,1316,TRF,2026-06-27,2,6.333,0.0,774.4
Lab A,1316,TRF,2026-06-27,2,6.5,0.3,773.5
Lab A,1316,TRF,2026-06-27,2,6.667,19.7,765.7
Lab A,1316,TRF,2026-06-27,2,6.833,46.6,760.8
Lab A,1316,TRF,2026-06-27,2,7.0,7.8,770.9
Lab A,1316,TRF,2026-06-27,2,7.167,0.0,773.4
Lab A,1316,TRF,2026-06-27,2,7.333,0.0,772.9
Lab A,1316,TRF,2026-06-27,2,7.5,0.0,772.9
Lab A,1316,TRF,2026-06-27,2,7.667,0.0,772.9
Lab A,1316,TRF,2026-06-27,2,7.833,0.0,773.2
Lab A,1316,TRF,2026-06-27,2,8.0,0.0,772.8
Lab A,1316,TRF,2026-06-27,2,8.167,0.0,772.8
Lab A,1316,TRF,2026-06-27,2,8.333,1.7,771.3
Lab A,1316,TRF,2026-06-27,2,8.5,1.2,772.8
Lab A,1316,TRF,2026-06-27,2,8.667,0.0,771.4
Lab A,1316,TRF,2026-06-27,2,8.833,0.0,771.9
Lab A,1316,TRF,2026-06-27,2,9.0,0.0,771.5
Lab A,1316,TRF,2026-06-27,2,9.167,0.0,772.0
Lab A,1316,TRF,2026-06-27,2,9.333,0.0,772.1
Lab A,1316,TRF,2026-06-27,2,9.5,0.0,771.9
Lab A,1316,TRF,2026-06-27,2,9.667,0.0,772.8
Lab A,1316,TRF,2026-06-27,2,9.833,0.0,772.1
Lab A,1316,TRF,2026-06-27,2,10.0,0.0,771.1
Lab A,1316,TRF,2026-06-27,2,10.167,10.2,767.3
Lab A,1316,TRF,2026-06-27,2,10.333,9.4,771.1
Lab A,1316,TRF,2026-06-27,2,10.5,0.4,772.5
Lab A,1316,TRF,2026-06-27,2,10.667,0.0,772.2
Lab A,1316,TRF,2026-06-27,2,10.833,0.0,771.8
Lab A,1316,TRF,2026-06-27,2,11.0,0.0,772.1
Lab A,1316,TRF,2026-06-27,2,11.167,0.0,771.9
Lab A,1316,TRF,2026-06-27,2,11.333,0.0,772.0
Lab A,1316,TRF,2026-06-27,2,11.5,0.5,757.5
Lab A,1316,TRF,2026-06-27,2,11.667,10.9,737.8
Lab A,1316,TRF,2026-06-27,2,11.833,4.8,758.1
Lab A,1316,TRF,2026-06-27,2,12.0,0.0,764.6
Lab A,1316,TRF,2026-06-27,2,12.167,0.0,765.0
Lab A,1316,TRF,2026-06-27,2,12.333,0.0,765.1
Lab A,1316,TRF,2026-06-27,2,12.5,0.0,764.6
Lab A,1316,TRF,2026-06-27,2,12.667,0.0,764.8
Lab A,1316,TRF,2026-06-27,2,12.833,0.0,764.2
Lab A,1316,TRF,2026-06-27,2,13.0,0.0,764.7
Lab A,1316,TRF,2026-06-27,2,13.167,0.0,765.2
Lab A,1316,TRF,2026-06-27,2,13.333,0.0,764.6
Lab A,1316,TRF,2026-06-27,2,13.5,0.0,764.8
Lab A,1316,TRF,2026-06-27,2,13.667,0.0,764.3
Lab A,1316,TRF,2026-06-27,2,13.833,0.0,765.5
Lab A,1316,TRF,2026-06-27,2,14.0,0.0,765.0
Lab A,1316,TRF,2026-06-27,2,14.167,0.0,764.9
Lab A,1316,TRF,2026-06-27,2,14.333,0.0,765.4
Lab A,1316,TRF,2026-06-27,2,14.5,0.0,765.4
Lab A,1316,TRF,2026-06-27,2,14.667,0.0,765.8
Lab A,1316,TRF,2026-06-27,2,14.833,1.5,765.5
Lab A,1316,TRF,2026-06-27,2,15.0,9.2,763.2
Lab A,1316,TRF,2026-06-27,2,15.167,0.0,765.7
Lab A,1316,TRF,2026-06-27,2,15.333,0.0,765.3
Lab A,1316,TRF,2026-06-27,2,15.5,0.0,765.7
Lab A,1316,TRF,2026-06-27,2,15.667,0.0,765.9
Lab A,1316,TRF,2026-06-27,2,15.833,0.0,765.8
Lab A,1316,TRF,2026-06-27,2,16.0,0.0,765.8
Lab A,1316,TRF,2026-06-27,2,16.167,1.6,765.5
Lab A,1316,TRF,2026-06-27,2,16.333,5.5,765.6
Lab A,1316,TRF,2026-06-27,2,16.5,0.0,765.7
Lab A,1316,TRF,2026-06-27,2,16.667,0.0,766.0
Lab A,1316,TRF,2026-06-27,2,16.833,0.0,766.7
Lab A,1316,TRF,2026-06-27,2,17.0,0.0,612.3
Lab A,1316,TRF,2026-06-27,2,17.167,0.0,0.0
Lab A,1316,TRF,2026-06-27,2,17.333,0.0,0.0
Lab A,1316,TRF,2026-06-27,2,17.5,1.9,0.0
Lab A,1316,TRF,2026-06-27,2,17.667,0.0,0.0
Lab A,1316,TRF,2026-06-27,2,17.833,24.4,0.0
Lab A,1316,TRF,2026-06-27,2,18.0,25.3,0.0
Lab A,1316,TRF,2026-06-27,2,18.167,29.0,0.0
Lab A,1316,TRF,2026-06-27,2,18.333,17.7,0.0
Lab A,1316,TRF,2026-06-27,2,18.5,0.0,0.0
Lab A,1316,TRF,2026-06-27,2,18.667,0.0,0.0
Lab A,1316,TRF,2026-06-27,2,18.833,3.1,0.0
Lab A,1316,TRF,2026-06-27,2,19.0,16.2,0.0
Lab A,1316,TRF,2026-06-27,2,19.167,1.9,0.0
Lab A,1316,TRF,2026-06-27,2,19.333,12.3,0.0
Lab A,1316,TRF,2026-06-27,2,19.5,0.0,0.0
Lab A,1316,TRF,2026-06-27,2,19.667,1.5,0.0
Lab A,1316,TRF,2026-06-27,2,19.833,2.0,0.0
Lab A,1316,TRF,2026-06-27,2,20.0,0.1,0.0
Lab A,1316,TRF,2026-06-27,2,20.167,1.2,0.0
Lab A,1316,TRF,2026-06-27,2,20.333,1.6,0.0
Lab A,1316,TRF,2026-06-27,2,20.5,0.0,0.0
Lab A,1316,TRF,2026-06-27,2,20.667,1.4,0.0
Lab A,1316,TRF,2026-06-27,2,20.833,3.0,0.0
Lab A,1316,TRF,2026-06-27,2,21.0,1.0,0.0
Lab A,1316,TRF,2026-06-27,2,21.167,0.1,0.0
Lab A,1316,TRF,2026-06-27,2,21.333,4.4,0.0
Lab A,1316,TRF,2026-06-27,2,21.5,3.5,0.0
Lab A,1316,TRF,2026-06-27,2,21.667,0.0,0.0
Lab A,1316,TRF,2026-06-27,2,21.833,1.6,0.0
Lab A,1316,TRF,2026-06-27,2,22.0,3.9,0.0
Lab A,1316,TRF,2026-06-27,2,22.167,2.7,0.0
Lab A,1316,TRF,2026-06-27,2,22.333,0.0,0.0
Lab A,1316,TRF,2026-06-27,2,22.5,3.8,0.0
Lab A,1316,TRF,2026-06-27,2,22.667,0.4,0.0
Lab A,1316,TRF,2026-06-27,2,22.833,5.4,0.0
Lab A,1316,TRF,2026-06-27,2,23.0,29.5,0.0
Lab A,1316,TRF,2026-06-27,2,23.167,7.8,0.0
Lab A,1316,TRF,2026-06-27,2,23.333,0.0,0.0
Lab A,1316,TRF,2026-06-27,2,23.5,0.0,0.0
Lab A,1316,TRF,2026-06-27,2,23.667,1.1,0.0
Lab A,1316,TRF,2026-06-27,2,23.833,0.3,0.0
Lab A,1316,TRF,2026-06-28,3,0.0,3.2,0.0
Lab A,1316,TRF,2026-06-28,3,0.167,0.0,0.0
Lab A,1316,TRF,2026-06-28,3,0.333,0.0,0.0
Lab A,1316,TRF,2026-06-28,3,0.5,2.2,0.0
Lab A,1316,TRF,2026-06-28,3,0.667,0.0,0.0
Lab A,1316,TRF,2026-06-28,3,0.833,0.1,0.0
Lab A,1316,TRF,2026-06-28,3,1.0,5.7,0.0
Lab A,1316,TRF,2026-06-28,3,1.167,13.9,0.0
Lab A,1316,TRF,2026-06-28,3,1.333,42.9,0.0
Lab A,1316,TRF,2026-06-28,3,1.5,20.9,0.0
Lab A,1316,TRF,2026-06-28,3,1.667,37.8,0.0
Lab A,1316,TRF,2026-06-28,3,1.833,21.0,0.0
Lab A,1316,TRF,2026-06-28,3,2.0,17.6,0.0
Lab A,1316,TRF,2026-06-28,3,2.167,0.0,0.0
Lab A,1316,TRF,2026-06-28,3,2.333,0.0,0.0
Lab A,1316,TRF,2026-06-28,3,2.5,0.0,0.0
Lab A,1316,TRF,2026-06-28,3,2.667,1.8,0.0
Lab A,1316,TRF,2026-06-28,3,2.833,0.0,0.0
Lab A,1316,TRF,2026-06-28,3,3.0,0.0,0.0
Lab A,1316,TRF,2026-06-28,3,3.167,6.6,0.0
Lab A,1316,TRF,2026-06-28,3,3.333,0.0,0.0
Lab A,1316,TRF,2026-06-28,3,3.5,8.2,0.0
Lab A,1316,TRF,2026-06-28,3,3.667,21.9,0.0
Lab A,1316,TRF,2026-06-28,3,3.833,51.7,0.0
Lab A,1316,TRF,2026-06-28,3,4.0,22.7,0.0
Lab A,1316,TRF,2026-06-28,3,4.167,29.8,0.0
Lab A,1316,TRF,2026-06-28,3,4.333,20.5,0.0
Lab A,1316,TRF,2026-06-28,3,4.5,19.9,0.0
Lab A,1316,TRF,2026-06-28,3,4.667,1.9,0.0
Lab A,1316,TRF,2026-06-28,3,4.833,0.0,0.0
Lab A,1316,TRF,2026-06-28,3,5.0,0.0,0.0
Lab A,1316,TRF,2026-06-28,3,5.167,0.0,693.7
Lab A,1316,TRF,2026-06-28,3,5.333,0.0,766.0
Lab A,1316,TRF,2026-06-28,3,5.5,,764.8
Lab A,1316,TRF,2026-06-28,3,5.667,0.0,764.8
Lab A,1316,TRF,2026-06-28,3,5.833,0.0,764.5
Lab A,1316,TRF,2026-06-28,3,6.0,1.7,764.3
Lab A,1316,TRF,2026-06-28,3,6.167,13.1,760.3
Lab A,1316,TRF,2026-06-28,3,6.333,14.1,761.0
Lab A,1316,TRF,2026-06-28,3,6.5,16.8,767.6
Lab A,1316,TRF,2026-06-28,3,6.667,0.0,771.3
Lab A,1316,TRF,2026-06-28,3,6.833,0.0,771.6
Lab A,1316,TRF,2026-06-28,3,7.0,0.0,771.6
Lab A,1316,TRF,2026-06-28,3,7.167,0.0,771.7
Lab A,1316,TRF,2026-06-28,3,7.333,0.0,771.3
Lab A,1316,TRF,2026-06-28,3,7.5,0.0,771.1
Lab A,1316,TRF,2026-06-28,3,7.667,0.0,770.7
Lab A,1316,TRF,2026-06-28,3,7.833,0.0,771.2
Lab A,1316,TRF,2026-06-28,3,8.0,0.0,770.7
Lab A,1316,TRF,2026-06-28,3,8.167,0.0,770.1
Lab A,1316,TRF,2026-06-28,3,8.333,0.0,770.3
Lab A,1316,TRF,2026-06-28,3,8.5,0.0,770.0
Lab A,1316,TRF,2026-06-28,3,8.667,0.0,770.1
Lab A,1316,TRF,2026-06-28,3,8.833,0.0,770.8
Lab A,1316,TRF,2026-06-28,3,9.0,7.1,767.9
Lab A,1316,TRF,2026-06-28,3,9.167,3.3,770.4
Lab A,1316,TRF,2026-06-28,3,9.333,0.0,770.7
Lab A,1316,TRF,2026-06-28,3,9.5,0.0,770.7
Lab A,1316,TRF,2026-06-28,3,9.667,0.0,770.6
Lab A,1316,TRF,2026-06-28,3,9.833,0.0,769.8
Lab A,1316,TRF,2026-06-28,3,10.0,0.0,770.8
Lab A,1316,TRF,2026-06-28,3,10.167,0.0,771.5
Lab A,1316,TRF,2026-06-28,3,10.333,0.0,771.2
Lab A,1316,TRF,2026-06-28,3,10.5,0.0,771.2
Lab A,1316,TRF,2026-06-28,3,10.667,0.0,771.2
Lab A,1316,TRF,2026-06-28,3,10.833,0.0,771.3
Lab A,1316,TRF,2026-06-28,3,11.0,0.0,771.6
Lab A,1316,TRF,2026-06-28,3,11.167,0.0,771.1
Lab A,1316,TRF,2026-06-28,3,11.333,0.0,770.4
Lab A,1316,TRF,2026-06-28,3,11.5,0.0,771.1
Lab A,1316,TRF,2026-06-28,3,11.667,0.0,771.4
Lab A,1316,TRF,2026-06-28,3,11.833,0.0,771.3
Lab A,1316,TRF,2026-06-28,3,12.0,0.0,770.8
Lab A,1316,TRF,2026-06-28,3,12.167,0.0,771.4
Lab A,1316,TRF,2026-06-28,3,12.333,0.0,771.6
Lab A,1316,TRF,2026-06-28,3,12.5,0.0,771.8
Lab A,1316,TRF,2026-06-28,3,12.667,0.0,764.5
Lab A,1316,TRF,2026-06-28,3,12.833,11.1,736.3
Lab A,1316,TRF,2026-06-28,3,13.0,14.2,758.9
Lab A,1316,TRF,2026-06-28,3,13.167,0.5,770.7
Lab A,1316,TRF,2026-06-28,3,13.333,0.0,769.9
Lab A,1316,TRF,2026-06-28,3,13.5,0.0,769.7
Lab A,1316,TRF,2026-06-28,3,13.667,0.0,769.6
Lab A,1316,TRF,2026-06-28,3,13.833,0.0,770.0
Lab A,1316,TRF,2026-06-28,3,14.0,0.0,769.7
Lab A,1316,TRF,2026-06-28,3,14.167,0.0,769.6
Lab A,1316,TRF,2026-06-28,3,14.333,0.0,769.9
Lab A,1316,TRF,2026-06-28,3,14.5,0.0,769.4
Lab A,1316,TRF,2026-06-28,3,14.667,0.0,769.4
Lab A,1316,TRF,2026-06-28,3,14.833,0.0,769.1
Lab A,1316,TRF,2026-06-28,3,15.0,0.0,769.7
Lab A,1316,TRF,2026-06-28,3,15.167,0.0,769.6
Lab A,1316,TRF,2026-06-28,3,15.333,0.0,769.1
Lab A,1316,TRF,2026-06-28,3,15.5,0.0,769.3
Lab A,1316,TRF,2026-06-28,3,15.667,0.0,769.5
Lab A,1316,TRF,2026-06-28,3,15.833,0.0,769.3
Lab A,1316,TRF,2026-06-28,3,16.0,0.0,769.0
Lab A,1316,TRF,2026-06-28,3,16.167,0.0,769.2
Lab A,1316,TRF,2026-06-28,3,16.333,0.0,769.2
Lab A,1316,TRF,2026-06-28,3,16.5,0.0,770.1
Lab A,1316,TRF,2026-06-28,3,16.667,21.4,767.0
Lab A,1316,TRF,2026-06-28,3,16.833,0.0,772.7
Lab A,1316,TRF,2026-06-28,3,17.0,0.0,617.7
Lab A,1316,TRF,2026-06-28,3,17.167,0.0,0.0
Lab A,1316,TRF,2026-06-28,3,17.333,0.0,0.0
Lab A,1316,TRF,2026-06-28,3,17.5,0.0,0.0
Lab A,1316,TRF,2026-06-28,3,17.667,0.0,0.0
Lab A,1316,TRF,2026-06-28,3,17.833,11.9,0.0
Lab A,1316,TRF,2026-06-28,3,18.0,0.1,0.0
Lab A,1316,TRF,2026-06-28,3,18.167,0.0,0.0
Lab A,1316,TRF,2026-06-28,3,18.333,0.0,0.0
Lab A,1316,TRF,2026-06-28,3,18.5,3.6,0.0
Lab A,1316,TRF,2026-06-28,3,18.667,6.2,0.0
Lab A,1316,TRF,2026-06-28,3,18.833,4.7,0.0
Lab A,1316,TRF,2026-06-28,3,19.0,0.0,0.0
Lab A,1316,TRF,2026-06-28,3,19.167,6.5,0.0
Lab A,1316,TRF,2026-06-28,3,19.333,14.4,0.0
Lab A,1316,TRF,2026-06-28,3,19.5,0.0,0.0
Lab A,1316,TRF,2026-06-28,3,19.667,1.1,0.0
Lab A,1316,TRF,2026-06-28,3,19.833,1.3,0.0
Lab A,1316,TRF,2026-06-28,3,20.0,0.0,0.0
Lab A,1316,TRF,2026-06-28,3,20.167,0.7,0.0
Lab A,1316,TRF,2026-06-28,3,20.333,1.1,0.0
Lab A,1316,TRF,2026-06-28,3,20.5,2.2,0.0
Lab A,1316,TRF,2026-06-28,3,20.667,0.7,0.0
Lab A,1316,TRF,2026-06-28,3,20.833,1.8,0.0
Lab A,1316,TRF,2026-06-28,3,21.0,15.0,0.0
Lab A,1316,TRF,2026-06-28,3,21.167,2.2,0.0
Lab A,1316,TRF,2026-06-28,3,21.333,0.0,0.0
Lab A,1316,TRF,2026-06-28,3,21.5,3.7,0.0
Lab A,1316,TRF,2026-06-28,3,21.667,0.0,0.0
Lab A,1316,TRF,2026-06-28,3,21.833,4.8,0.0
Lab A,1316,TRF,2026-06-28,3,22.0,3.5,0.0
Lab A,1316,TRF,2026-06-28,3,22.167,3.0,0.0
Lab A,1316,TRF,2026-06-28,3,22.333,0.0,0.0
Lab A,1316,TRF,2026-06-28,3,22.5,3.9,0.0
Lab A,1316,TRF,2026-06-28,3,22.667,2.4,0.0
Lab A,1316,TRF,2026-06-28,3,22.833,6.4,0.0
Lab A,1316,TRF,2026-06-28,3,23.0,0.1,0.0
Lab A,1316,TRF,2026-06-28,3,23.167,0.5,0.0
Lab A,1316,TRF,2026-06-28,3,23.333,4.2,0.0
Lab A,1316,TRF,2026-06-28,3,23.5,1.0,0.0
Lab A,1316,TRF,2026-06-28,3,23.667,0.0,0.0
Lab A,1316,TRF,2026-06-28,3,23.833,12.8,0.0
Lab A,1316,TRF,2026-06-29,4,0.0,4.7,0.0
Lab A,1316,TRF,2026-06-29,4,0.167,9.2,0.0
Lab A,1316,TRF,2026-06-29,4,0.333,2.6,0.0
Lab A,1316,TRF,2026-06-29,4,0.5,0.0,0.0
Lab A,1316,TRF,2026-06-29,4,0.667,0.2,0.0
Lab A,1316,TRF,2026-06-29,4,0.833,28.3,0.0
Lab A,1316,TRF,2026-06-29,4,1.0,14.4,0.0
Lab A,1316,TRF,2026-06-29,4,1.167,39.3,0.0
Lab A,1316,TRF,2026-06-29,4,1.333,25.9,0.0
Lab A,1316,TRF,2026-06-29,4,1.5,0.0,0.0
Lab A,1316,TRF,2026-06-29,4,1.667,4.5,0.0
Lab A,1316,TRF,2026-06-29,4,1.833,23.3,0.0
Lab A,1316,TRF,2026-06-29,4,2.0,9.4,0.0
Lab A,1316,TRF,2026-06-29,4,2.167,0.0,0.0
Lab A,1316,TRF,2026-06-29,4,2.333,0.0,0.0
Lab A,1316,TRF,2026-06-29,4,2.5,0.0,0.0
Lab A,1316,TRF,2026-06-29,4,2.667,0.0,0.0
Lab A,1316,TRF,2026-06-29,4,2.833,0.0,0.0
Lab A,1316,TRF,2026-06-29,4,3.0,0.0,0.0
Lab A,1316,TRF,2026-06-29,4,3.167,7.0,0.0
Lab A,1316,TRF,2026-06-29,4,3.333,0.0,0.0
Lab A,1316,TRF,2026-06-29,4,3.5,0.0,0.0
Lab A,1316,TRF,2026-06-29,4,3.667,5.0,0.0
Lab A,1316,TRF,2026-06-29,4,3.833,0.0,0.0
Lab A,1316,TRF,2026-06-29,4,4.0,0.0,0.0
Lab A,1316,TRF,2026-06-29,4,4.167,6.3,0.0
Lab A,1316,TRF,2026-06-29,4,4.333,22.6,0.0
Lab A,1316,TRF,2026-06-29,4,4.5,34.4,0.0
Lab A,1316,TRF,2026-06-29,4,4.667,17.5,0.0
Lab A,1316,TRF,2026-06-29,4,4.833,9.4,0.0
Lab A,1316,TRF,2026-06-29,4,5.0,0.0,0.0
Lab A,1316,TRF,2026-06-29,4,5.167,0.0,701.8
Lab A,1316,TRF,2026-06-29,4,5.333,0.0,776.1
Lab A,1316,TRF,2026-06-29,4,5.5,0.0,775.5
Lab A,1316,TRF,2026-06-29,4,5.667,0.0,775.7
Lab A,1316,TRF,2026-06-29,4,5.833,0.0,774.9
Lab A,1316,TRF,2026-06-29,4,6.0,0.0,774.9
Lab A,1316,TRF,2026-06-29,4,6.167,3.0,774.1
Lab A,1316,TRF,2026-06-29,4,6.333,15.0,770.4
Lab A,1316,TRF,2026-06-29,4,6.5,4.3,772.9
Lab A,1316,TRF,2026-06-29,4,6.667,0.0,773.4
Lab A,1316,TRF,2026-06-29,4,6.833,0.0,773.9
Lab A,1316,TRF,2026-06-29,4,7.0,0.0,773.1
Lab A,1316,TRF,2026-06-29,4,7.167,0.0,773.7
Lab A,1316,TRF,2026-06-29,4,7.333,0.0,773.3
Lab A,1316,TRF,2026-06-29,4,7.5,0.0,773.7
Lab A,1316,TRF,2026-06-29,4,7.667,0.0,773.4
Lab A,1316,TRF,2026-06-29,4,7.833,0.0,774.0
Lab A,1316,TRF,2026-06-29,4,8.0,0.0,773.4
Lab A,1316,TRF,2026-06-29,4,8.167,0.0,773.4
Lab A,1316,TRF,2026-06-29,4,8.333,0.0,773.3
Lab A,1316,TRF,2026-06-29,4,8.5,0.0,773.5
Lab A,1316,TRF,2026-06-29,4,8.667,2.1,772.7
Lab A,1316,TRF,2026-06-29,4,8.833,8.4,770.5
Lab A,1316,TRF,2026-06-29,4,9.0,21.1,767.7
Lab A,1316,TRF,2026-06-29,4,9.167,15.8,771.0
Lab A,1316,TRF,2026-06-29,4,9.333,0.0,773.5
Lab A,1316,TRF,2026-06-29,4,9.5,0.0,774.0
Lab A,1316,TRF,2026-06-29,4,9.667,0.0,773.8
Lab A,1316,TRF,2026-06-29,4,9.833,0.0,773.5
Lab A,1316,TRF,2026-06-29,4,10.0,0.0,773.6
Lab A,1316,TRF,2026-06-29,4,10.167,0.0,773.2
Lab A,1316,TRF,2026-06-29,4,10.333,0.0,773.4
Lab A,1316,TRF,2026-06-29,4,10.5,0.0,773.6
Lab A,1316,TRF,2026-06-29,4,10.667,0.0,773.4
Lab A,1316,TRF,2026-06-29,4,10.833,0.0,770.2
Lab A,1316,TRF,2026-06-29,4,11.0,7.2,730.3
Lab A,1316,TRF,2026-06-29,4,11.167,8.3,737.6
Lab A,1316,TRF,2026-06-29,4,11.333,3.8,758.5
Lab A,1316,TRF,2026-06-29,4,11.5,0.0,765.1
Lab A,1316,TRF,2026-06-29,4,11.667,0.0,764.1
Lab A,1316,TRF,2026-06-29,4,11.833,0.0,764.6
Lab A,1316,TRF,2026-06-29,4,12.0,0.0,763.8
Lab A,1316,TRF,2026-06-29,4,12.167,0.0,764.2
Lab A,1316,TRF,2026-06-29,4,12.333,0.0,764.6
Lab A,1316,TRF,2026-06-29,4,12.5,0.0,765.1
Lab A,1316,TRF,2026-06-29,4,12.667,0.0,765.0
Lab A,1316,TRF,2026-06-29,4,12.833,0.0,765.1
Lab A,1316,TRF,2026-06-29,4,13.0,0.0,766.8
Lab A,1316,TRF,2026-06-29,4,13.167,4.1,764.5
Lab A,1316,TRF,2026-06-29,4,13.333,0.0,766.0
Lab A,1316,TRF,2026-06-29,4,13.5,0.0,765.9
Lab A,1316,TRF,2026-06-29,4,13.667,0.0,766.0
Lab A,1316,TRF,2026-06-29,4,13.833,0.0,766.0
Lab A,1316,TRF,2026-06-29,4,14.0,0.0,765.9
Lab A,1316,TRF,2026-06-29,4,14.167,0.0,765.8
Lab A,1316,TRF,2026-06-29,4,14.333,0.0,766.0
Lab A,1316,TRF,2026-06-29,4,14.5,0.0,766.0
Lab A,1316,TRF,2026-06-29,4,14.667,0.0,766.0
Lab A,1316,TRF,2026-06-29,4,14.833,0.0,765.8
Lab A,1316,TRF,2026-06-29,4,15.0,0.0,765.9
Lab A,1316,TRF,2026-06-29,4,15.167,0.0,766.0
Lab A,1316,TRF,2026-06-29,4,15.333,2.2,764.7
Lab A,1316,TRF,2026-06-29,4,15.5,0.0,764.9
Lab A,1316,TRF,2026-06-29,4,15.667,0.0,765.0
Lab A,1316,TRF,2026-06-29,4,15.833,0.0,765.0
Lab A,1316,TRF,2026-06-29,4,16.0,0.0,765.0
Lab A,1316,TRF,2026-06-29,4,16.167,0.0,765.0
Lab A,1316,TRF,2026-06-29,4,16.333,0.0,765.0
Lab A,1316,TRF,2026-06-29,4,16.5,0.0,764.9
Lab A,1316,TRF,2026-06-29,4,16.667,0.0,765.0
Lab A,1316,TRF,2026-06-29,4,16.833,0.0,765.7
Lab A,1316,TRF,2026-06-29,4,17.0,0.0,612.8
Lab A,1316,TRF,2026-06-29,4,17.167,0.0,0.0
Lab A,1316,TRF,2026-06-29,4,17.333,0.0,0.0
Lab A,1316,TRF,2026-06-29,4,17.5,12.8,0.0
Lab A,1316,TRF,2026-06-29,4,17.667,6.9,0.0
Lab A,1316,TRF,2026-06-29,4,17.833,0.0,0.0
Lab A,1316,TRF,2026-06-29,4,18.0,0.0,0.0
Lab A,1316,TRF,2026-06-29,4,18.167,1.0,0.0
Lab A,1316,TRF,2026-06-29,4,18.333,12.7,0.0
Lab A,1316,TRF,2026-06-29,4,18.5,7.1,0.0
Lab A,1316,TRF,2026-06-29,4,18.667,2.4,0.0
Lab A,1316,TRF,2026-06-29,4,18.833,0.0,0.0
Lab A,1316,TRF,2026-06-29,4,19.0,11.9,0.0
Lab A,1316,TRF,2026-06-29,4,19.167,3.2,0.0
Lab A,1316,TRF,2026-06-29,4,19.333,11.2,0.0
Lab A,1316,TRF,2026-06-29,4,19.5,0.4,0.0
Lab A,1316,TRF,2026-06-29,4,19.667,1.2,0.0
Lab A,1316,TRF,2026-06-29,4,19.833,4.4,0.0
Lab A,1316,TRF,2026-06-29,4,20.0,8.5,0.0
Lab A,1316,TRF,2026-06-29,4,20.167,0.7,0.0
Lab A,1316,TRF,2026-06-29,4,20.333,1.0,0.0
Lab A,1316,TRF,2026-06-29,4,20.5,0.0,0.0
Lab A,1316,TRF,2026-06-29,4,20.667,1.4,0.0
Lab A,1316,TRF,2026-06-29,4,20.833,3.2,0.0
Lab A,1316,TRF,2026-06-29,4,21.0,1.1,0.0
Lab A,1316,TRF,2026-06-29,4,21.167,0.3,0.0
Lab A,1316,TRF,2026-06-29,4,21.333,4.7,0.0
Lab A,1316,TRF,2026-06-29,4,21.5,2.0,0.0
Lab A,1316,TRF,2026-06-29,4,21.667,2.1,0.0
Lab A,1316,TRF,2026-06-29,4,21.833,3.6,0.0
Lab A,1316,TRF,2026-06-29,4,22.0,0.1,0.0
Lab A,1316,TRF,2026-06-29,4,22.167,3.4,0.0
Lab A,1316,TRF,2026-06-29,4,22.333,0.2,0.0
Lab A,1316,TRF,2026-06-29,4,22.5,3.6,0.0
Lab A,1316,TRF,2026-06-29,4,22.667,29.2,0.0
Lab A,1316,TRF,2026-06-29,4,22.833,21.0,0.0
Lab A,1316,TRF,2026-06-29,4,23.0,23.1,0.0
Lab A,1316,TRF,2026-06-29,4,23.167,5.0,0.0
Lab A,1316,TRF,2026-06-29,4,23.333,10.4,0.0
Lab A,1316,TRF,2026-06-29,4,23.5,11.1,0.0
Lab A,1316,TRF,2026-06-29,4,23.667,4.8,0.0
Lab A,1316,TRF,2026-06-29,4,23.833,2.0,0.0
Lab A,1316,TRF,2026-06-30,5,0.0,4.8,0.0
Lab A,1316,TRF,2026-06-30,5,0.167,6.9,0.0
Lab A,1316,TRF,2026-06-30,5,0.333,31.9,0.0
Lab A,1316,TRF,2026-06-30,5,0.5,20.0,0.0
Lab A,1316,TRF,2026-06-30,5,0.667,35.3,0.0
Lab A,1316,TRF,2026-06-30,5,0.833,41.7,0.0
Lab A,1316,TRF,2026-06-30,5,1.0,6.2,0.0
Lab A,1316,TRF,2026-06-30,5,1.167,5.1,0.0
Lab A,1316,TRF,2026-06-30,5,1.333,0.0,0.0
Lab A,1316,TRF,2026-06-30,5,1.5,0.3,0.0
Lab A,1316,TRF,2026-06-30,5,1.667,5.5,0.0
Lab A,1316,TRF,2026-06-30,5,1.833,22.5,0.0
Lab A,1316,TRF,2026-06-30,5,2.0,6.1,0.0
Lab A,1316,TRF,2026-06-30,5,2.167,5.6,0.0
Lab A,1316,TRF,2026-06-30,5,2.333,5.0,0.0
Lab A,1316,TRF,2026-06-30,5,2.5,41.7,0.0
Lab A,1316,TRF,2026-06-30,5,2.667,39.6,0.0
Lab A,1316,TRF,2026-06-30,5,2.833,8.1,0.0
Lab A,1316,TRF,2026-06-30,5,3.0,4.9,0.0
Lab A,1316,TRF,2026-06-30,5,3.167,20.6,0.0
Lab A,1316,TRF,2026-06-30,5,3.333,4.9,0.0
Lab A,1316,TRF,2026-06-30,5,3.5,14.2,0.0
Lab A,1316,TRF,2026-06-30,5,3.667,12.9,0.0
Lab A,1316,TRF,2026-06-30,5,3.833,0.9,0.0
Lab A,1316,TRF,2026-06-30,5,4.0,5.5,0.0
Lab A,1316,TRF,2026-06-30,5,4.167,18.9,0.0
Lab A,1316,TRF,2026-06-30,5,4.333,12.3,0.0
Lab A,1316,TRF,2026-06-30,5,4.5,1.4,0.0
Lab A,1316,TRF,2026-06-30,5,4.667,1.0,0.0
Lab A,1316,TRF,2026-06-30,5,4.833,0.0,0.0
Lab A,1316,TRF,2026-06-30,5,5.0,3.3,0.0
Lab A,1316,TRF,2026-06-30,5,5.167,1.0,699.3
Lab A,1316,TRF,2026-06-30,5,5.333,0.0,773.6
Lab A,1316,TRF,2026-06-30,5,5.5,0.3,772.2
Lab A,1316,TRF,2026-06-30,5,5.667,0.0,772.5
Lab A,1316,TRF,2026-06-30,5,5.833,7.7,771.6
Lab A,1316,TRF,2026-06-30,5,6.0,2.4,771.3
Lab A,1316,TRF,2026-06-30,5,6.167,7.3,768.8
Lab A,1316,TRF,2026-06-30,5,6.333,0.0,770.9
Lab A,1316,TRF,2026-06-30,5,6.5,0.0,771.4
Lab A,1316,TRF,2026-06-30,5,6.667,0.0,770.5
Lab A,1316,TRF,2026-06-30,5,6.833,0.0,771.1
Lab A,1316,TRF,2026-06-30,5,7.0,0.0,771.2
Lab A,1316,TRF,2026-06-30,5,7.167,0.0,771.1
Lab A,1316,TRF,2026-06-30,5,7.333,0.0,771.2
Lab A,1316,TRF,2026-06-30,5,7.5,0.0,771.2
Lab A,1316,TRF,2026-06-30,5,7.667,0.0,771.5
Lab A,1316,TRF,2026-06-30,5,7.833,0.0,771.0
Lab A,1316,TRF,2026-06-30,5,8.0,0.0,771.4
Lab A,1316,TRF,2026-06-30,5,8.167,0.0,771.3
Lab A,1316,TRF,2026-06-30,5,8.333,0.0,770.6
Lab A,1316,TRF,2026-06-30,5,8.5,0.0,770.9
Lab A,1316,TRF,2026-06-30,5,8.667,0.0,770.5
Lab A,1316,TRF,2026-06-30,5,8.833,0.0,770.2
Lab A,1316,TRF,2026-06-30,5,9.0,0.0,770.7
Lab A,1316,TRF,2026-06-30,5,9.167,0.0,771.0
Lab A,1316,TRF,2026-06-30,5,9.333,0.0,771.1
Lab A,1316,TRF,2026-06-30,5,9.5,0.0,770.4
Lab A,1316,TRF,2026-06-30,5,9.667,2.4,771.2
Lab A,1316,TRF,2026-06-30,5,9.833,11.0,766.8
Lab A,1316,TRF,2026-06-30,5,10.0,0.0,770.0
Lab A,1316,TRF,2026-06-30,5,10.167,0.0,770.0
Lab A,1316,TRF,2026-06-30,5,10.333,0.0,770.1
Lab A,1316,TRF,2026-06-30,5,10.5,0.0,770.5
Lab A,1316,TRF,2026-06-30,5,10.667,0.0,770.2
Lab A,1316,TRF,2026-06-30,5,10.833,0.0,770.0
Lab A,1316,TRF,2026-06-30,5,11.0,0.0,770.7
Lab A,1316,TRF,2026-06-30,5,11.167,0.0,770.6
Lab A,1316,TRF,2026-06-30,5,11.333,0.0,770.2
Lab A,1316,TRF,2026-06-30,5,11.5,0.0,770.4
Lab A,1316,TRF,2026-06-30,5,11.667,0.6,746.2
Lab A,1316,TRF,2026-06-30,5,11.833,19.4,745.4
Lab A,1316,TRF,2026-06-30,5,12.0,14.4,734.6
Lab A,1316,TRF,2026-06-30,5,12.167,19.6,758.7
Lab A,1316,TRF,2026-06-30,5,12.333,7.5,767.3
Lab A,1316,TRF,2026-06-30,5,12.5,0.0,767.2
Lab A,1316,TRF,2026-06-30,5,12.667,0.0,767.8
Lab A,1316,TRF,2026-06-30,5,12.833,0.0,768.1
Lab A,1316,TRF,2026-06-30,5,13.0,0.0,768.8
Lab A,1316,TRF,2026-06-30,5,13.167,0.0,768.2
Lab A,1316,TRF,2026-06-30,5,13.333,0.0,768.6
Lab A,1316,TRF,2026-06-30,5,13.5,0.0,768.8
Lab A,1316,TRF,2026-06-30,5,13.667,0.0,768.8
Lab A,1316,TRF,2026-06-30,5,13.833,0.0,768.9
Lab A,1316,TRF,2026-06-30,5,14.0,0.0,769.0
Lab A,1316,TRF,2026-06-30,5,14.167,0.0,768.9
Lab A,1316,TRF,2026-06-30,5,14.333,0.0,768.7
Lab A,1316,TRF,2026-06-30,5,14.5,2.5,768.3
Lab A,1316,TRF,2026-06-30,5,14.667,0.0,769.6
Lab A,1316,TRF,2026-06-30,5,14.833,1.9,769.5
Lab A,1316,TRF,2026-06-30,5,15.0,0.0,770.0
Lab A,1316,TRF,2026-06-30,5,15.167,0.0,766.8
Lab A,1316,TRF,2026-06-30,5,15.333,0.0,768.7
Lab A,1316,TRF,2026-06-30,5,15.5,0.0,768.7
Lab A,1316,TRF,2026-06-30,5,15.667,0.0,768.7
Lab A,1316,TRF,2026-06-30,5,15.833,0.0,768.8
Lab A,1316,TRF,2026-06-30,5,16.0,0.0,768.8
Lab A,1316,TRF,2026-06-30,5,16.167,0.0,769.0
Lab A,1316,TRF,2026-06-30,5,16.333,0.0,768.9
Lab A,1316,TRF,2026-06-30,5,16.5,0.0,769.1
Lab A,1316,TRF,2026-06-30,5,16.667,1.9,768.4
Lab A,1316,TRF,2026-06-30,5,16.833,0.0,768.0
Lab A,1316,TRF,2026-06-30,5,17.0,0.0,614.5
Lab A,1316,TRF,2026-06-30,5,17.167,,
Lab A,1316,TRF,2026-06-30,5,17.333,0.0,0.0
Lab A,1316,TRF,2026-06-30,5,17.5,13.1,0.0
Lab A,1316,TRF,2026-06-30,5,17.667,35.1,0.0
Lab A,1316,TRF,2026-06-30,5,17.833,23.1,0.0
Lab A,1316,TRF,2026-06-30,5,18.0,29.3,0.0
Lab A,1316,TRF,2026-06-30,5,18.167,2.8,0.0
Lab A,1316,TRF,2026-06-30,5,18.333,6.8,0.0
Lab A,1316,TRF,2026-06-30,5,18.5,0.2,0.0
Lab A,1316,TRF,2026-06-30,5,18.667,0.0,0.0
Lab A,1316,TRF,2026-06-30,5,18.833,5.4,0.0
Lab A,1316,TRF,2026-06-30,5,19.0,,
Lab A,1316,TRF,2026-06-30,5,19.167,5.8,0.0
Lab A,1316,TRF,2026-06-30,5,19.333,7.2,0.0
Lab A,1316,TRF,2026-06-30,5,19.5,0.0,0.0
Lab A,1316,TRF,2026-06-30,5,19.667,0.6,0.0
Lab A,1316,TRF,2026-06-30,5,19.833,0.6,0.0
Lab A,1316,TRF,2026-06-30,5,20.0,0.9,0.0
Lab A,1316,TRF,2026-06-30,5,20.167,1.3,0.0
Lab A,1316,TRF,2026-06-30,5,20.333,0.0,0.0
Lab A,1316,TRF,2026-06-30,5,20.5,0.0,0.0
Lab A,1316,TRF,2026-06-30,5,20.667,0.8,0.0
Lab A,1316,TRF,2026-06-30,5,20.833,0.7,0.0
Lab A,1316,TRF,2026-06-30,5,21.0,,
Lab A,1316,TRF,2026-06-30,5,21.167,,
Lab A,1316,TRF,2026-06-30,5,21.333,0.5,0.0
Lab A,1316,TRF,2026-06-30,5,21.5,0.7,0.0
Lab A,1316,TRF,2026-06-30,5,21.667,1.2,0.0
Lab A,1316,TRF,2026-06-30,5,21.833,0.5,0.0
Lab A,1316,TRF,2026-06-30,5,22.0,1.8,0.0
Lab A,1316,TRF,2026-06-30,5,22.167,18.7,0.0
Lab A,1316,TRF,2026-06-30,5,22.333,19.4,0.0
Lab A,1316,TRF,2026-06-30,5,22.5,0.0,0.0
Lab A,1316,TRF,2026-06-30,5,22.667,0.0,0.0
Lab A,1316,TRF,2026-06-30,5,22.833,1.4,0.0
Lab A,1316,TRF,2026-06-30,5,23.0,,
Lab A,1316,TRF,2026-06-30,5,23.167,2.6,0.0
Lab A,1316,TRF,2026-06-30,5,23.333,0.0,0.0
Lab A,1316,TRF,2026-06-30,5,23.5,1.6,0.0
Lab A,1316,TRF,2026-06-30,5,23.667,2.9,0.0
Lab A,1316,TRF,2026-06-30,5,23.833,3.3,0.0
Lab A,1316,TRF,2026-07-01,6,0.0,2.4,0.0
Lab A,1316,TRF,2026-07-01,6,0.167,0.0,0.0
Lab A,1316,TRF,2026-07-01,6,0.333,0.0,0.0
Lab A,1316,TRF,2026-07-01,6,0.5,1.2,0.0
Lab A,1316,TRF,2026-07-01,6,0.667,7.2,0.0
Lab A,1316,TRF,2026-07-01,6,0.833,0.0,0.0
Lab A,1316,TRF,2026-07-01,6,1.0,,
Lab A,1316,TRF,2026-07-01,6,1.167,0.0,0.0
Lab A,1316,TRF,2026-07-01,6,1.333,7.7,0.0
Lab A,1316,TRF,2026-07-01,6,1.5,16.6,0.0
Lab A,1316,TRF,2026-07-01,6,1.667,25.0,0.0
Lab A,1316,TRF,2026-07-01,6,1.833,26.6,0.0
Lab A,1316,TRF,2026-07-01,6,2.0,25.4,0.0
Lab A,1316,TRF,2026-07-01,6,2.167,8.1,0.0
Lab A,1316,TRF,2026-07-01,6,2.333,12.3,0.0
Lab A,1316,TRF,2026-07-01,6,2.5,0.0,0.0
Lab A,1316,TRF,2026-07-01,6,2.667,0.0,0.0
Lab A,1316,TRF,2026-07-01,6,2.833,0.1,0.0
Lab A,1316,TRF,2026-07-01,6,3.0,,
Lab A,1316,TRF,2026-07-01,6,3.167,0.2,0.0
Lab A,1316,TRF,2026-07-01,6,3.333,0.0,0.0
Lab A,1316,TRF,2026-07-01,6,3.5,3.4,0.0
Lab A,1316,TRF,2026-07-01,6,3.667,4.7,0.0
Lab A,1316,TRF,2026-07-01,6,3.833,0.0,0.0
Lab A,1316,TRF,2026-07-01,6,4.0,0.6,0.0
Lab A,1316,TRF,2026-07-01,6,4.167,23.4,0.0
Lab A,1316,TRF,2026-07-01,6,4.333,45.4,0.0
Lab A,1316,TRF,2026-07-01,6,4.5,13.0,0.0
Lab A,1316,TRF,2026-07-01,6,4.667,4.0,0.0
Lab A,1316,TRF,2026-07-01,6,4.833,0.0,0.0
Lab A,1338,TRF,2026-06-24,-1,5.0,22.2,0.0
Lab A,1338,TRF,2026-06-24,-1,5.167,18.8,670.8
Lab A,1338,TRF,2026-06-24,-1,5.333,26.4,738.0
Lab A,1338,TRF,2026-06-24,-1,5.5,0.4,739.6
Lab A,1338,TRF,2026-06-24,-1,5.667,0.0,738.8
Lab A,1338,TRF,2026-06-24,-1,5.833,1.0,739.1
Lab A,1338,TRF,2026-06-24,-1,6.0,0.1,739.3
Lab A,1338,TRF,2026-06-24,-1,6.167,0.4,738.7
Lab A,1338,TRF,2026-06-24,-1,6.333,14.0,736.2
Lab A,1338,TRF,2026-06-24,-1,6.5,1.4,737.4
Lab A,1338,TRF,2026-06-24,-1,6.667,0.1,737.0
Lab A,1338,TRF,2026-06-24,-1,6.833,0.0,737.5
Lab A,1338,TRF,2026-06-24,-1,7.0,0.1,737.3
Lab A,1338,TRF,2026-06-24,-1,7.167,0.4,736.9
Lab A,1338,TRF,2026-06-24,-1,7.333,0.1,736.9
Lab A,1338,TRF,2026-06-24,-1,7.5,1.1,736.9
Lab A,1338,TRF,2026-06-24,-1,7.667,0.0,737.1
Lab A,1338,TRF,2026-06-24,-1,7.833,0.0,736.9
Lab A,1338,TRF,2026-06-24,-1,8.0,0.0,737.1
Lab A,1338,TRF,2026-06-24,-1,8.167,2.9,737.2
Lab A,1338,TRF,2026-06-24,-1,8.333,8.2,736.5
Lab A,1338,TRF,2026-06-24,-1,8.5,1.3,736.6
Lab A,1338,TRF,2026-06-24,-1,8.667,0.2,736.8
Lab A,1338,TRF,2026-06-24,-1,8.833,0.2,736.3
Lab A,1338,TRF,2026-06-24,-1,9.0,0.7,736.9
Lab A,1338,TRF,2026-06-24,-1,9.167,0.3,736.2
Lab A,1338,TRF,2026-06-24,-1,9.333,0.2,736.8
Lab A,1338,TRF,2026-06-24,-1,9.5,1.6,737.5
Lab A,1338,TRF,2026-06-24,-1,9.667,8.5,737.1
Lab A,1338,TRF,2026-06-24,-1,9.833,18.3,735.6
Lab A,1338,TRF,2026-06-24,-1,10.0,17.0,734.4
Lab A,1338,TRF,2026-06-24,-1,10.167,0.4,736.4
Lab A,1338,TRF,2026-06-24,-1,10.333,0.3,736.1
Lab A,1338,TRF,2026-06-24,-1,10.5,1.3,737.0
Lab A,1338,TRF,2026-06-24,-1,10.667,0.0,736.5
Lab A,1338,TRF,2026-06-24,-1,10.833,0.6,736.6
Lab A,1338,TRF,2026-06-24,-1,11.0,0.0,736.6
Lab A,1338,TRF,2026-06-24,-1,11.167,0.7,736.1
Lab A,1338,TRF,2026-06-24,-1,11.333,0.3,736.1
Lab A,1338,TRF,2026-06-24,-1,11.5,0.7,735.7
Lab A,1338,TRF,2026-06-24,-1,11.667,8.2,736.0
Lab A,1338,TRF,2026-06-24,-1,11.833,33.5,681.6
Lab A,1338,TRF,2026-06-24,-1,12.0,40.1,705.5
Lab A,1338,TRF,2026-06-24,-1,12.167,38.3,716.3
Lab A,1338,TRF,2026-06-24,-1,12.333,6.9,720.2
Lab A,1338,TRF,2026-06-24,-1,12.5,3.7,719.6
Lab A,1338,TRF,2026-06-24,-1,12.667,0.9,719.3
Lab A,1338,TRF,2026-06-24,-1,12.833,1.4,720.0
Lab A,1338,TRF,2026-06-24,-1,13.0,3.3,719.6
Lab A,1338,TRF,2026-06-24,-1,13.167,3.5,719.2
Lab A,1338,TRF,2026-06-24,-1,13.333,5.7,719.5
Lab A,1338,TRF,2026-06-24,-1,13.5,6.4,722.1
Lab A,1338,TRF,2026-06-24,-1,13.667,16.4,719.8
Lab A,1338,TRF,2026-06-24,-1,13.833,0.0,722.0
Lab A,1338,TRF,2026-06-24,-1,14.0,0.0,722.5
Lab A,1338,TRF,2026-06-24,-1,14.167,0.3,722.3
Lab A,1338,TRF,2026-06-24,-1,14.333,5.0,722.2
Lab A,1338,TRF,2026-06-24,-1,14.5,7.7,723.2
Lab A,1338,TRF,2026-06-24,-1,14.667,10.5,722.4
Lab A,1338,TRF,2026-06-24,-1,14.833,24.2,726.1
Lab A,1338,TRF,2026-06-24,-1,15.0,0.2,727.5
Lab A,1338,TRF,2026-06-24,-1,15.167,0.3,727.5
Lab A,1338,TRF,2026-06-24,-1,15.333,0.4,727.2
Lab A,1338,TRF,2026-06-24,-1,15.5,10.5,726.8
Lab A,1338,TRF,2026-06-24,-1,15.667,11.0,724.9
Lab A,1338,TRF,2026-06-24,-1,15.833,11.1,725.3
Lab A,1338,TRF,2026-06-24,-1,16.0,15.9,726.2
Lab A,1338,TRF,2026-06-24,-1,16.167,22.8,726.3
Lab A,1338,TRF,2026-06-24,-1,16.333,0.0,727.3
Lab A,1338,TRF,2026-06-24,-1,16.5,2.2,727.0
Lab A,1338,TRF,2026-06-24,-1,16.667,1.1,726.4
Lab A,1338,TRF,2026-06-24,-1,16.833,7.2,726.7
Lab A,1338,TRF,2026-06-24,-1,17.0,12.7,581.4
Lab A,1338,TRF,2026-06-24,-1,17.167,0.0,0.0
Lab A,1338,TRF,2026-06-24,-1,17.333,22.3,0.0
Lab A,1338,TRF,2026-06-24,-1,17.5,23.1,0.0
Lab A,1338,TRF,2026-06-24,-1,17.667,24.6,0.0
Lab A,1338,TRF,2026-06-24,-1,17.833,9.0,0.0
Lab A,1338,TRF,2026-06-24,-1,18.0,9.8,0.0
Lab A,1338,TRF,2026-06-24,-1,18.167,6.7,0.0
Lab A,1338,TRF,2026-06-24,-1,18.333,10.0,0.0
Lab A,1338,TRF,2026-06-24,-1,18.5,24.7,0.0
Lab A,1338,TRF,2026-06-24,-1,18.667,36.6,0.0
Lab A,1338,TRF,2026-06-24,-1,18.833,28.3,0.0
Lab A,1338,TRF,2026-06-24,-1,19.0,1.3,0.0
Lab A,1338,TRF,2026-06-24,-1,19.167,11.7,0.0
Lab A,1338,TRF,2026-06-24,-1,19.333,21.5,0.0
Lab A,1338,TRF,2026-06-24,-1,19.5,13.3,0.0
Lab A,1338,TRF,2026-06-24,-1,19.667,27.0,0.0
Lab A,1338,TRF,2026-06-24,-1,19.833,7.5,0.0
Lab A,1338,TRF,2026-06-24,-1,20.0,9.1,0.0
Lab A,1338,TRF,2026-06-24,-1,20.167,40.6,0.0
Lab A,1338,TRF,2026-06-24,-1,20.333,7.0,0.0
Lab A,1338,TRF,2026-06-24,-1,20.5,31.8,0.0
Lab A,1338,TRF,2026-06-24,-1,20.667,2.8,0.0
Lab A,1338,TRF,2026-06-24,-1,20.833,5.5,0.0
Lab A,1338,TRF,2026-06-24,-1,21.0,5.6,0.0
Lab A,1338,TRF,2026-06-24,-1,21.167,5.8,0.0
Lab A,1338,TRF,2026-06-24,-1,21.333,8.5,0.0
Lab A,1338,TRF,2026-06-24,-1,21.5,1.9,0.0
Lab A,1338,TRF,2026-06-24,-1,21.667,14.4,0.0
Lab A,1338,TRF,2026-06-24,-1,21.833,40.4,0.0
Lab A,1338,TRF,2026-06-24,-1,22.0,8.9,0.0
Lab A,1338,TRF,2026-06-24,-1,22.167,2.8,0.0
Lab A,1338,TRF,2026-06-24,-1,22.333,7.3,0.0
Lab A,1338,TRF,2026-06-24,-1,22.5,18.4,0.0
Lab A,1338,TRF,2026-06-24,-1,22.667,20.4,0.0
Lab A,1338,TRF,2026-06-24,-1,22.833,10.5,0.0
Lab A,1338,TRF,2026-06-24,-1,23.0,5.5,0.0
Lab A,1338,TRF,2026-06-24,-1,23.167,15.2,0.0
Lab A,1338,TRF,2026-06-24,-1,23.333,22.0,0.0
Lab A,1338,TRF,2026-06-24,-1,23.5,0.0,0.0
Lab A,1338,TRF,2026-06-24,-1,23.667,8.0,0.0
Lab A,1338,TRF,2026-06-24,-1,23.833,20.9,0.0
Lab A,1338,TRF,2026-06-25,0,0.0,11.4,0.0
Lab A,1338,TRF,2026-06-25,0,0.167,2.4,0.0
Lab A,1338,TRF,2026-06-25,0,0.333,7.9,0.0
Lab A,1338,TRF,2026-06-25,0,0.5,21.0,0.0
Lab A,1338,TRF,2026-06-25,0,0.667,29.5,0.0
Lab A,1338,TRF,2026-06-25,0,0.833,13.6,0.0
Lab A,1338,TRF,2026-06-25,0,1.0,2.4,0.0
Lab A,1338,TRF,2026-06-25,0,1.167,4.5,0.0
Lab A,1338,TRF,2026-06-25,0,1.333,6.5,0.0
Lab A,1338,TRF,2026-06-25,0,1.5,14.3,0.0
Lab A,1338,TRF,2026-06-25,0,1.667,53.0,0.0
Lab A,1338,TRF,2026-06-25,0,1.833,19.2,0.0
Lab A,1338,TRF,2026-06-25,0,2.0,13.5,0.0
Lab A,1338,TRF,2026-06-25,0,2.167,3.1,0.0
Lab A,1338,TRF,2026-06-25,0,2.333,0.1,0.0
Lab A,1338,TRF,2026-06-25,0,2.5,3.1,0.0
Lab A,1338,TRF,2026-06-25,0,2.667,17.7,0.0
Lab A,1338,TRF,2026-06-25,0,2.833,0.3,0.0
Lab A,1338,TRF,2026-06-25,0,3.0,11.7,0.0
Lab A,1338,TRF,2026-06-25,0,3.167,12.3,0.0
Lab A,1338,TRF,2026-06-25,0,3.333,2.4,0.0
Lab A,1338,TRF,2026-06-25,0,3.5,0.7,0.0
Lab A,1338,TRF,2026-06-25,0,3.667,12.3,0.0
Lab A,1338,TRF,2026-06-25,0,3.833,37.9,0.0
Lab A,1338,TRF,2026-06-25,0,4.0,15.7,0.0
Lab A,1338,TRF,2026-06-25,0,4.167,12.3,0.0
Lab A,1338,TRF,2026-06-25,0,4.333,0.9,0.0
Lab A,1338,TRF,2026-06-25,0,4.5,1.5,0.0
Lab A,1338,TRF,2026-06-25,0,4.667,0.7,0.0
Lab A,1338,TRF,2026-06-25,0,4.833,1.0,0.0
Lab A,1338,TRF,2026-06-25,0,5.0,0.4,0.0
Lab A,1338,TRF,2026-06-25,0,5.167,5.0,659.8
Lab A,1338,TRF,2026-06-25,0,5.333,1.2,728.0
Lab A,1338,TRF,2026-06-25,0,5.5,11.4,727.3
Lab A,1338,TRF,2026-06-25,0,5.667,4.6,726.9
Lab A,1338,TRF,2026-06-25,0,5.833,0.6,726.3
Lab A,1338,TRF,2026-06-25,0,6.0,0.1,726.6
Lab A,1338,TRF,2026-06-25,0,6.167,0.2,725.8
Lab A,1338,TRF,2026-06-25,0,6.333,0.8,725.6
Lab A,1338,TRF,2026-06-25,0,6.5,3.6,726.0
Lab A,1338,TRF,2026-06-25,0,6.667,11.7,726.4
Lab A,1338,TRF,2026-06-25,0,6.833,8.3,727.9
Lab A,1338,TRF,2026-06-25,0,7.0,0.0,728.4
Lab A,1338,TRF,2026-06-25,0,7.167,1.0,728.1
Lab A,1338,TRF,2026-06-25,0,7.333,0.0,727.5
Lab A,1338,TRF,2026-06-25,0,7.5,1.5,727.8
Lab A,1338,TRF,2026-06-25,0,7.667,1.0,727.6
Lab A,1338,TRF,2026-06-25,0,7.833,2.0,726.9
Lab A,1338,TRF,2026-06-25,0,8.0,12.1,727.4
Lab A,1338,TRF,2026-06-25,0,8.167,1.7,728.2
Lab A,1338,TRF,2026-06-25,0,8.333,1.0,728.8
Lab A,1338,TRF,2026-06-25,0,8.5,0.5,728.3
Lab A,1338,TRF,2026-06-25,0,8.667,0.9,728.1
Lab A,1338,TRF,2026-06-25,0,8.833,1.0,728.3
Lab A,1338,TRF,2026-06-25,0,9.0,0.8,728.6
Lab A,1338,TRF,2026-06-25,0,9.167,0.4,728.4
Lab A,1338,TRF,2026-06-25,0,9.333,1.7,728.0
Lab A,1338,TRF,2026-06-25,0,9.5,1.0,727.7
Lab A,1338,TRF,2026-06-25,0,9.667,10.7,726.8
Lab A,1338,TRF,2026-06-25,0,9.833,15.3,724.5
Lab A,1338,TRF,2026-06-25,0,10.0,19.8,725.7
Lab A,1338,TRF,2026-06-25,0,10.167,31.0,725.6
Lab A,1338,TRF,2026-06-25,0,10.333,0.4,725.7
Lab A,1338,TRF,2026-06-25,0,10.5,0.0,726.4
Lab A,1338,TRF,2026-06-25,0,10.667,1.0,726.3
Lab A,1338,TRF,2026-06-25,0,10.833,0.0,726.2
Lab A,1338,TRF,2026-06-25,0,11.0,0.2,725.5
Lab A,1338,TRF,2026-06-25,0,11.167,25.6,656.8
Lab A,1338,TRF,2026-06-25,0,11.333,37.8,712.2
Lab A,1338,TRF,2026-06-25,0,11.5,28.7,717.1
Lab A,1338,TRF,2026-06-25,0,11.667,35.3,715.8
Lab A,1338,TRF,2026-06-25,0,11.833,25.7,718.5
Lab A,1338,TRF,2026-06-25,0,12.0,9.6,720.6
Lab A,1338,TRF,2026-06-25,0,12.167,0.2,724.4
Lab A,1338,TRF,2026-06-25,0,12.333,2.4,724.6
Lab A,1338,TRF,2026-06-25,0,12.5,0.9,725.0
Lab A,1338,TRF,2026-06-25,0,12.667,0.7,725.2
Lab A,1338,TRF,2026-06-25,0,12.833,0.5,725.2
Lab A,1338,TRF,2026-06-25,0,13.0,2.6,725.3
Lab A,1338,TRF,2026-06-25,0,13.167,0.0,725.6
Lab A,1338,TRF,2026-06-25,0,13.333,5.0,725.6
Lab A,1338,TRF,2026-06-25,0,13.5,0.0,724.7
Lab A,1338,TRF,2026-06-25,0,13.667,2.4,725.2
Lab A,1338,TRF,2026-06-25,0,13.833,3.2,724.7
Lab A,1338,TRF,2026-06-25,0,14.0,14.3,726.8
Lab A,1338,TRF,2026-06-25,0,14.167,7.7,727.2
Lab A,1338,TRF,2026-06-25,0,14.333,22.2,724.4
Lab A,1338,TRF,2026-06-25,0,14.5,0.5,724.5
Lab A,1338,TRF,2026-06-25,0,14.667,0.2,724.4
Lab A,1338,TRF,2026-06-25,0,14.833,0.6,724.1
Lab A,1338,TRF,2026-06-25,0,15.0,0.7,724.6
Lab A,1338,TRF,2026-06-25,0,15.167,0.0,724.6
Lab A,1338,TRF,2026-06-25,0,15.333,17.0,724.9
Lab A,1338,TRF,2026-06-25,0,15.5,5.7,726.3
Lab A,1338,TRF,2026-06-25,0,15.667,1.9,725.1
Lab A,1338,TRF,2026-06-25,0,15.833,0.0,724.2
Lab A,1338,TRF,2026-06-25,0,16.0,5.1,724.3
Lab A,1338,TRF,2026-06-25,0,16.167,2.0,724.7
Lab A,1338,TRF,2026-06-25,0,16.333,1.2,724.9
Lab A,1338,TRF,2026-06-25,0,16.5,3.5,724.5
Lab A,1338,TRF,2026-06-25,0,16.667,14.9,725.5
Lab A,1338,TRF,2026-06-25,0,16.833,11.9,724.1
Lab A,1338,TRF,2026-06-25,0,17.0,2.5,579.8
Lab A,1338,TRF,2026-06-25,0,17.167,0.3,0.0
Lab A,1338,TRF,2026-06-25,0,17.333,0.1,0.0
Lab A,1338,TRF,2026-06-25,0,17.5,24.6,0.0
Lab A,1338,TRF,2026-06-25,0,17.667,18.4,0.0
Lab A,1338,TRF,2026-06-25,0,17.833,3.3,0.0
Lab A,1338,TRF,2026-06-25,0,18.0,10.3,0.0
Lab A,1338,TRF,2026-06-25,0,18.167,12.6,0.0
Lab A,1338,TRF,2026-06-25,0,18.333,3.0,0.0
Lab A,1338,TRF,2026-06-25,0,18.5,21.0,0.0
Lab A,1338,TRF,2026-06-25,0,18.667,31.7,0.0
Lab A,1338,TRF,2026-06-25,0,18.833,13.0,0.0
Lab A,1338,TRF,2026-06-25,0,19.0,35.5,0.0
Lab A,1338,TRF,2026-06-25,0,19.167,27.1,0.0
Lab A,1338,TRF,2026-06-25,0,19.333,27.7,0.0
Lab A,1338,TRF,2026-06-25,0,19.5,13.3,0.0
Lab A,1338,TRF,2026-06-25,0,19.667,16.5,0.0
Lab A,1338,TRF,2026-06-25,0,19.833,47.1,0.0
Lab A,1338,TRF,2026-06-25,0,20.0,31.5,0.0
Lab A,1338,TRF,2026-06-25,0,20.167,0.0,0.0
Lab A,1338,TRF,2026-06-25,0,20.333,26.6,0.0
Lab A,1338,TRF,2026-06-25,0,20.5,17.3,0.0
Lab A,1338,TRF,2026-06-25,0,20.667,6.1,0.0
Lab A,1338,TRF,2026-06-25,0,20.833,18.6,0.0
Lab A,1338,TRF,2026-06-25,0,21.0,14.1,0.0
Lab A,1338,TRF,2026-06-25,0,21.167,0.7,0.0
Lab A,1338,TRF,2026-06-25,0,21.333,20.5,0.0
Lab A,1338,TRF,2026-06-25,0,21.5,11.6,0.0
Lab A,1338,TRF,2026-06-25,0,21.667,0.6,0.0
Lab A,1338,TRF,2026-06-25,0,21.833,11.1,0.0
Lab A,1338,TRF,2026-06-25,0,22.0,3.4,0.0
Lab A,1338,TRF,2026-06-25,0,22.167,13.5,0.0
Lab A,1338,TRF,2026-06-25,0,22.333,29.6,0.0
Lab A,1338,TRF,2026-06-25,0,22.5,31.8,0.0
Lab A,1338,TRF,2026-06-25,0,22.667,8.9,0.0
Lab A,1338,TRF,2026-06-25,0,22.833,11.3,0.0
Lab A,1338,TRF,2026-06-25,0,23.0,10.4,0.0
Lab A,1338,TRF,2026-06-25,0,23.167,15.0,0.0
Lab A,1338,TRF,2026-06-25,0,23.333,13.1,0.0
Lab A,1338,TRF,2026-06-25,0,23.5,19.0,0.0
Lab A,1338,TRF,2026-06-25,0,23.667,3.5,0.0
Lab A,1338,TRF,2026-06-25,0,23.833,11.5,0.0
Lab A,1338,TRF,2026-06-26,1,0.0,11.2,0.0
Lab A,1338,TRF,2026-06-26,1,0.167,21.9,0.0
Lab A,1338,TRF,2026-06-26,1,0.333,9.0,0.0
Lab A,1338,TRF,2026-06-26,1,0.5,15.4,0.0
Lab A,1338,TRF,2026-06-26,1,0.667,2.4,0.0
Lab A,1338,TRF,2026-06-26,1,0.833,31.0,0.0
Lab A,1338,TRF,2026-06-26,1,1.0,39.2,0.0
Lab A,1338,TRF,2026-06-26,1,1.167,10.4,0.0
Lab A,1338,TRF,2026-06-26,1,1.333,4.4,0.0
Lab A,1338,TRF,2026-06-26,1,1.5,7.1,0.0
Lab A,1338,TRF,2026-06-26,1,1.667,27.8,0.0
Lab A,1338,TRF,2026-06-26,1,1.833,13.4,0.0
Lab A,1338,TRF,2026-06-26,1,2.0,5.6,0.0
Lab A,1338,TRF,2026-06-26,1,2.167,15.5,0.0
Lab A,1338,TRF,2026-06-26,1,2.333,3.8,0.0
Lab A,1338,TRF,2026-06-26,1,2.5,21.9,0.0
Lab A,1338,TRF,2026-06-26,1,2.667,9.7,0.0
Lab A,1338,TRF,2026-06-26,1,2.833,4.1,0.0
Lab A,1338,TRF,2026-06-26,1,3.0,6.3,0.0
Lab A,1338,TRF,2026-06-26,1,3.167,16.8,0.0
Lab A,1338,TRF,2026-06-26,1,3.333,0.0,0.0
Lab A,1338,TRF,2026-06-26,1,3.5,1.5,0.0
Lab A,1338,TRF,2026-06-26,1,3.667,30.0,0.0
Lab A,1338,TRF,2026-06-26,1,3.833,35.3,0.0
Lab A,1338,TRF,2026-06-26,1,4.0,50.7,0.0
Lab A,1338,TRF,2026-06-26,1,4.167,42.0,0.0
Lab A,1338,TRF,2026-06-26,1,4.333,39.7,0.0
Lab A,1338,TRF,2026-06-26,1,4.5,3.1,0.0
Lab A,1338,TRF,2026-06-26,1,4.667,1.5,0.0
Lab A,1338,TRF,2026-06-26,1,4.833,0.3,0.0
Lab A,1338,TRF,2026-06-26,1,5.0,0.2,0.0
Lab A,1338,TRF,2026-06-26,1,5.167,5.1,660.0
Lab A,1338,TRF,2026-06-26,1,5.333,0.3,729.0
Lab A,1338,TRF,2026-06-26,1,5.5,0.3,728.0
Lab A,1338,TRF,2026-06-26,1,5.667,6.7,730.1
Lab A,1338,TRF,2026-06-26,1,5.833,29.8,723.6
Lab A,1338,TRF,2026-06-26,1,6.0,11.8,727.5
Lab A,1338,TRF,2026-06-26,1,6.167,0.9,728.2
Lab A,1338,TRF,2026-06-26,1,6.333,0.1,727.4
Lab A,1338,TRF,2026-06-26,1,6.5,0.0,727.3
Lab A,1338,TRF,2026-06-26,1,6.667,1.2,727.9
Lab A,1338,TRF,2026-06-26,1,6.833,17.9,726.5
Lab A,1338,TRF,2026-06-26,1,7.0,0.0,726.7
Lab A,1338,TRF,2026-06-26,1,7.167,4.0,727.2
Lab A,1338,TRF,2026-06-26,1,7.333,0.7,725.7
Lab A,1338,TRF,2026-06-26,1,7.5,0.6,726.2
Lab A,1338,TRF,2026-06-26,1,7.667,2.5,725.6
Lab A,1338,TRF,2026-06-26,1,7.833,0.8,725.4
Lab A,1338,TRF,2026-06-26,1,8.0,10.1,725.4
Lab A,1338,TRF,2026-06-26,1,8.167,22.0,727.3
Lab A,1338,TRF,2026-06-26,1,8.333,2.2,728.2
Lab A,1338,TRF,2026-06-26,1,8.5,0.7,728.0
Lab A,1338,TRF,2026-06-26,1,8.667,0.1,728.2
Lab A,1338,TRF,2026-06-26,1,8.833,2.0,728.7
Lab A,1338,TRF,2026-06-26,1,9.0,0.6,728.2
Lab A,1338,TRF,2026-06-26,1,9.167,0.3,727.8
Lab A,1338,TRF,2026-06-26,1,9.333,8.0,727.4
Lab A,1338,TRF,2026-06-26,1,9.5,0.9,728.1
Lab A,1338,TRF,2026-06-26,1,9.667,0.0,727.3
Lab A,1338,TRF,2026-06-26,1,9.833,10.8,727.6
Lab A,1338,TRF,2026-06-26,1,10.0,4.0,728.5
Lab A,1338,TRF,2026-06-26,1,10.167,2.4,684.9
Lab A,1338,TRF,2026-06-26,1,10.333,46.8,704.4
Lab A,1338,TRF,2026-06-26,1,10.5,25.3,710.5
Lab A,1338,TRF,2026-06-26,1,10.667,4.2,714.1
Lab A,1338,TRF,2026-06-26,1,10.833,0.0,713.7
Lab A,1338,TRF,2026-06-26,1,11.0,2.0,713.6
Lab A,1338,TRF,2026-06-26,1,11.167,0.1,714.3
Lab A,1338,TRF,2026-06-26,1,11.333,0.0,714.5
Lab A,1338,TRF,2026-06-26,1,11.5,1.5,714.4
Lab A,1338,TRF,2026-06-26,1,11.667,0.2,714.9
Lab A,1338,TRF,2026-06-26,1,11.833,0.0,715.2
Lab A,1338,TRF,2026-06-26,1,12.0,1.5,715.5
Lab A,1338,TRF,2026-06-26,1,12.167,0.0,714.7
Lab A,1338,TRF,2026-06-26,1,12.333,0.7,714.9
Lab A,1338,TRF,2026-06-26,1,12.5,15.0,715.8
Lab A,1338,TRF,2026-06-26,1,12.667,13.2,714.4
Lab A,1338,TRF,2026-06-26,1,12.833,8.3,714.0
Lab A,1338,TRF,2026-06-26,1,13.0,0.0,714.6
Lab A,1338,TRF,2026-06-26,1,13.167,0.8,715.0
Lab A,1338,TRF,2026-06-26,1,13.333,0.2,715.7
Lab A,1338,TRF,2026-06-26,1,13.5,1.5,715.0
Lab A,1338,TRF,2026-06-26,1,13.667,1.6,714.4
Lab A,1338,TRF,2026-06-26,1,13.833,0.1,714.5
Lab A,1338,TRF,2026-06-26,1,14.0,6.8,714.2
Lab A,1338,TRF,2026-06-26,1,14.167,20.5,715.8
Lab A,1338,TRF,2026-06-26,1,14.333,7.0,716.7
Lab A,1338,TRF,2026-06-26,1,14.5,1.0,715.3
Lab A,1338,TRF,2026-06-26,1,14.667,0.2,715.8
Lab A,1338,TRF,2026-06-26,1,14.833,0.0,714.6
Lab A,1338,TRF,2026-06-26,1,15.0,0.0,715.0
Lab A,1338,TRF,2026-06-26,1,15.167,0.0,715.8
Lab A,1338,TRF,2026-06-26,1,15.333,0.1,715.3
Lab A,1338,TRF,2026-06-26,1,15.5,12.6,714.3
Lab A,1338,TRF,2026-06-26,1,15.667,3.4,714.8
Lab A,1338,TRF,2026-06-26,1,15.833,12.7,717.3
Lab A,1338,TRF,2026-06-26,1,16.0,2.9,713.6
Lab A,1338,TRF,2026-06-26,1,16.167,0.3,714.1
Lab A,1338,TRF,2026-06-26,1,16.333,0.2,713.2
Lab A,1338,TRF,2026-06-26,1,16.5,1.9,714.0
Lab A,1338,TRF,2026-06-26,1,16.667,0.2,714.7
Lab A,1338,TRF,2026-06-26,1,16.833,3.6,713.7
Lab A,1338,TRF,2026-06-26,1,17.0,12.6,572.0
Lab A,1338,TRF,2026-06-26,1,17.167,24.1,0.0
Lab A,1338,TRF,2026-06-26,1,17.333,10.1,0.0
Lab A,1338,TRF,2026-06-26,1,17.5,0.3,0.0
Lab A,1338,TRF,2026-06-26,1,17.667,12.5,0.0
Lab A,1338,TRF,2026-06-26,1,17.833,3.4,0.0
Lab A,1338,TRF,2026-06-26,1,18.0,14.1,0.0
Lab A,1338,TRF,2026-06-26,1,18.167,22.2,0.0
Lab A,1338,TRF,2026-06-26,1,18.333,29.3,0.0
Lab A,1338,TRF,2026-06-26,1,18.5,22.1,0.0
Lab A,1338,TRF,2026-06-26,1,18.667,0.2,0.0
Lab A,1338,TRF,2026-06-26,1,18.833,11.6,0.0
Lab A,1338,TRF,2026-06-26,1,19.0,25.1,0.0
Lab A,1338,TRF,2026-06-26,1,19.167,25.9,0.0
Lab A,1338,TRF,2026-06-26,1,19.333,29.0,0.0
Lab A,1338,TRF,2026-06-26,1,19.5,11.1,0.0
Lab A,1338,TRF,2026-06-26,1,19.667,8.4,0.0
Lab A,1338,TRF,2026-06-26,1,19.833,16.0,0.0
Lab A,1338,TRF,2026-06-26,1,20.0,8.9,0.0
Lab A,1338,TRF,2026-06-26,1,20.167,0.3,0.0
Lab A,1338,TRF,2026-06-26,1,20.333,19.7,0.0
Lab A,1338,TRF,2026-06-26,1,20.5,18.2,0.0
Lab A,1338,TRF,2026-06-26,1,20.667,22.1,0.0
Lab A,1338,TRF,2026-06-26,1,20.833,10.1,0.0
Lab A,1338,TRF,2026-06-26,1,21.0,8.4,0.0
Lab A,1338,TRF,2026-06-26,1,21.167,19.3,0.0
Lab A,1338,TRF,2026-06-26,1,21.333,5.7,0.0
Lab A,1338,TRF,2026-06-26,1,21.5,10.6,0.0
Lab A,1338,TRF,2026-06-26,1,21.667,22.2,0.0
Lab A,1338,TRF,2026-06-26,1,21.833,15.0,0.0
Lab A,1338,TRF,2026-06-26,1,22.0,6.3,0.0
Lab A,1338,TRF,2026-06-26,1,22.167,53.9,0.0
Lab A,1338,TRF,2026-06-26,1,22.333,18.3,0.0
Lab A,1338,TRF,2026-06-26,1,22.5,4.8,0.0
Lab A,1338,TRF,2026-06-26,1,22.667,11.8,0.0
Lab A,1338,TRF,2026-06-26,1,22.833,0.5,0.0
Lab A,1338,TRF,2026-06-26,1,23.0,29.4,0.0
Lab A,1338,TRF,2026-06-26,1,23.167,26.9,0.0
Lab A,1338,TRF,2026-06-26,1,23.333,0.2,0.0
Lab A,1338,TRF,2026-06-26,1,23.5,1.1,0.0
Lab A,1338,TRF,2026-06-26,1,23.667,0.9,0.0
Lab A,1338,TRF,2026-06-26,1,23.833,26.0,0.0
Lab A,1338,TRF,2026-06-27,2,0.0,4.8,0.0
Lab A,1338,TRF,2026-06-27,2,0.167,0.2,0.0
Lab A,1338,TRF,2026-06-27,2,0.333,4.6,0.0
Lab A,1338,TRF,2026-06-27,2,0.5,38.7,0.0
Lab A,1338,TRF,2026-06-27,2,0.667,47.5,0.0
Lab A,1338,TRF,2026-06-27,2,0.833,12.0,0.0
Lab A,1338,TRF,2026-06-27,2,1.0,4.3,0.0
Lab A,1338,TRF,2026-06-27,2,1.167,2.9,0.0
Lab A,1338,TRF,2026-06-27,2,1.333,11.5,0.0
Lab A,1338,TRF,2026-06-27,2,1.5,1.1,0.0
Lab A,1338,TRF,2026-06-27,2,1.667,0.9,0.0
Lab A,1338,TRF,2026-06-27,2,1.833,21.3,0.0
Lab A,1338,TRF,2026-06-27,2,2.0,7.6,0.0
Lab A,1338,TRF,2026-06-27,2,2.167,6.2,0.0
Lab A,1338,TRF,2026-06-27,2,2.333,1.5,0.0
Lab A,1338,TRF,2026-06-27,2,2.5,4.7,0.0
Lab A,1338,TRF,2026-06-27,2,2.667,25.9,0.0
Lab A,1338,TRF,2026-06-27,2,2.833,0.0,0.0
Lab A,1338,TRF,2026-06-27,2,3.0,2.1,0.0
Lab A,1338,TRF,2026-06-27,2,3.167,14.1,0.0
Lab A,1338,TRF,2026-06-27,2,3.333,,
Lab A,1338,TRF,2026-06-27,2,3.5,2.9,0.0
Lab A,1338,TRF,2026-06-27,2,3.667,1.7,0.0
Lab A,1338,TRF,2026-06-27,2,3.833,3.2,0.0
Lab A,1338,TRF,2026-06-27,2,4.0,7.3,0.0
Lab A,1338,TRF,2026-06-27,2,4.167,42.2,0.0
Lab A,1338,TRF,2026-06-27,2,4.333,34.1,0.0
Lab A,1338,TRF,2026-06-27,2,4.5,21.2,0.0
Lab A,1338,TRF,2026-06-27,2,4.667,1.0,0.0
Lab A,1338,TRF,2026-06-27,2,4.833,0.0,0.0
Lab A,1338,TRF,2026-06-27,2,5.0,1.1,0.0
Lab A,1338,TRF,2026-06-27,2,5.167,1.7,656.1
Lab A,1338,TRF,2026-06-27,2,5.333,3.9,724.0
Lab A,1338,TRF,2026-06-27,2,5.5,18.0,723.0
Lab A,1338,TRF,2026-06-27,2,5.667,0.2,724.3
Lab A,1338,TRF,2026-06-27,2,5.833,1.1,724.7
Lab A,1338,TRF,2026-06-27,2,6.0,0.0,724.5
Lab A,1338,TRF,2026-06-27,2,6.167,0.2,723.9
Lab A,1338,TRF,2026-06-27,2,6.333,2.8,723.1
Lab A,1338,TRF,2026-06-27,2,6.5,10.2,722.6
Lab A,1338,TRF,2026-06-27,2,6.667,0.2,722.1
Lab A,1338,TRF,2026-06-27,2,6.833,0.0,721.7
Lab A,1338,TRF,2026-06-27,2,7.0,0.2,721.7
Lab A,1338,TRF,2026-06-27,2,7.167,0.4,721.8
Lab A,1338,TRF,2026-06-27,2,7.333,0.0,721.4
Lab A,1338,TRF,2026-06-27,2,7.5,0.4,721.4
Lab A,1338,TRF,2026-06-27,2,7.667,1.0,721.3
Lab A,1338,TRF,2026-06-27,2,7.833,13.1,720.8
Lab A,1338,TRF,2026-06-27,2,8.0,0.1,721.0
Lab A,1338,TRF,2026-06-27,2,8.167,0.8,721.4
Lab A,1338,TRF,2026-06-27,2,8.333,0.4,721.2
Lab A,1338,TRF,2026-06-27,2,8.5,0.6,720.9
Lab A,1338,TRF,2026-06-27,2,8.667,0.5,720.1
Lab A,1338,TRF,2026-06-27,2,8.833,0.0,719.6
Lab A,1338,TRF,2026-06-27,2,9.0,6.9,720.4
Lab A,1338,TRF,2026-06-27,2,9.167,21.9,721.8
Lab A,1338,TRF,2026-06-27,2,9.333,25.6,721.2
Lab A,1338,TRF,2026-06-27,2,9.5,5.7,721.4
Lab A,1338,TRF,2026-06-27,2,9.667,0.2,722.6
Lab A,1338,TRF,2026-06-27,2,9.833,0.0,722.7
Lab A,1338,TRF,2026-06-27,2,10.0,0.0,723.7
Lab A,1338,TRF,2026-06-27,2,10.167,0.6,722.5
Lab A,1338,TRF,2026-06-27,2,10.333,0.4,722.3
Lab A,1338,TRF,2026-06-27,2,10.5,0.0,721.3
Lab A,1338,TRF,2026-06-27,2,10.667,0.0,721.8
Lab A,1338,TRF,2026-06-27,2,10.833,0.3,722.0
Lab A,1338,TRF,2026-06-27,2,11.0,0.0,722.7
Lab A,1338,TRF,2026-06-27,2,11.167,1.1,721.6
Lab A,1338,TRF,2026-06-27,2,11.333,0.4,722.0
Lab A,1338,TRF,2026-06-27,2,11.5,16.3,686.5
Lab A,1338,TRF,2026-06-27,2,11.667,35.1,720.3
Lab A,1338,TRF,2026-06-27,2,11.833,44.5,722.2
Lab A,1338,TRF,2026-06-27,2,12.0,18.4,730.4
Lab A,1338,TRF,2026-06-27,2,12.167,3.3,729.4
Lab A,1338,TRF,2026-06-27,2,12.333,0.3,729.7
Lab A,1338,TRF,2026-06-27,2,12.5,1.0,729.9
Lab A,1338,TRF,2026-06-27,2,12.667,1.2,730.1
Lab A,1338,TRF,2026-06-27,2,12.833,2.4,729.8
Lab A,1338,TRF,2026-06-27,2,13.0,1.8,729.8
Lab A,1338,TRF,2026-06-27,2,13.167,0.0,729.5
Lab A,1338,TRF,2026-06-27,2,13.333,0.0,729.0
Lab A,1338,TRF,2026-06-27,2,13.5,6.0,729.5
Lab A,1338,TRF,2026-06-27,2,13.667,13.3,732.0
Lab A,1338,TRF,2026-06-27,2,13.833,22.9,726.9
Lab A,1338,TRF,2026-06-27,2,14.0,8.3,727.2
Lab A,1338,TRF,2026-06-27,2,14.167,1.6,727.5
Lab A,1338,TRF,2026-06-27,2,14.333,0.7,726.8
Lab A,1338,TRF,2026-06-27,2,14.5,1.4,727.9
Lab A,1338,TRF,2026-06-27,2,14.667,1.5,728.1
Lab A,1338,TRF,2026-06-27,2,14.833,0.3,727.1
Lab A,1338,TRF,2026-06-27,2,15.0,0.3,728.3
Lab A,1338,TRF,2026-06-27,2,15.167,16.0,727.9
Lab A,1338,TRF,2026-06-27,2,15.333,8.6,728.3
Lab A,1338,TRF,2026-06-27,2,15.5,4.8,727.4
Lab A,1338,TRF,2026-06-27,2,15.667,1.3,727.9
Lab A,1338,TRF,2026-06-27,2,15.833,0.7,728.2
Lab A,1338,TRF,2026-06-27,2,16.0,0.8,727.9
Lab A,1338,TRF,2026-06-27,2,16.167,6.9,726.7
Lab A,1338,TRF,2026-06-27,2,16.333,9.7,727.3
Lab A,1338,TRF,2026-06-27,2,16.5,0.2,727.6
Lab A,1338,TRF,2026-06-27,2,16.667,2.0,727.4
Lab A,1338,TRF,2026-06-27,2,16.833,0.0,726.9
Lab A,1338,TRF,2026-06-27,2,17.0,6.8,581.8
Lab A,1338,TRF,2026-06-27,2,17.167,13.7,0.0
Lab A,1338,TRF,2026-06-27,2,17.333,10.2,0.0
Lab A,1338,TRF,2026-06-27,2,17.5,4.8,0.0
Lab A,1338,TRF,2026-06-27,2,17.667,32.6,0.0
Lab A,1338,TRF,2026-06-27,2,17.833,33.5,0.0
Lab A,1338,TRF,2026-06-27,2,18.0,23.5,0.0
Lab A,1338,TRF,2026-06-27,2,18.167,1.1,0.0
Lab A,1338,TRF,2026-06-27,2,18.333,30.4,0.0
Lab A,1338,TRF,2026-06-27,2,18.5,25.5,0.0
Lab A,1338,TRF,2026-06-27,2,18.667,23.7,0.0
Lab A,1338,TRF,2026-06-27,2,18.833,16.0,0.0
Lab A,1338,TRF,2026-06-27,2,19.0,7.7,0.0
Lab A,1338,TRF,2026-06-27,2,19.167,3.7,0.0
Lab A,1338,TRF,2026-06-27,2,19.333,27.0,0.0
Lab A,1338,TRF,2026-06-27,2,19.5,18.7,0.0
Lab A,1338,TRF,2026-06-27,2,19.667,6.7,0.0
Lab A,1338,TRF,2026-06-27,2,19.833,7.5,0.0
Lab A,1338,TRF,2026-06-27,2,20.0,10.1,0.0
Lab A,1338,TRF,2026-06-27,2,20.167,23.9,0.0
Lab A,1338,TRF,2026-06-27,2,20.333,3.6,0.0
Lab A,1338,TRF,2026-06-27,2,20.5,4.9,0.0
Lab A,1338,TRF,2026-06-27,2,20.667,22.2,0.0
Lab A,1338,TRF,2026-06-27,2,20.833,11.0,0.0
Lab A,1338,TRF,2026-06-27,2,21.0,24.1,0.0
Lab A,1338,TRF,2026-06-27,2,21.167,8.0,0.0
Lab A,1338,TRF,2026-06-27,2,21.333,6.1,0.0
Lab A,1338,TRF,2026-06-27,2,21.5,23.7,0.0
Lab A,1338,TRF,2026-06-27,2,21.667,3.0,0.0
Lab A,1338,TRF,2026-06-27,2,21.833,28.2,0.0
Lab A,1338,TRF,2026-06-27,2,22.0,10.9,0.0
Lab A,1338,TRF,2026-06-27,2,22.167,6.6,0.0
Lab A,1338,TRF,2026-06-27,2,22.333,7.4,0.0
Lab A,1338,TRF,2026-06-27,2,22.5,25.4,0.0
Lab A,1338,TRF,2026-06-27,2,22.667,13.0,0.0
Lab A,1338,TRF,2026-06-27,2,22.833,9.9,0.0
Lab A,1338,TRF,2026-06-27,2,23.0,3.3,0.0
Lab A,1338,TRF,2026-06-27,2,23.167,11.5,0.0
Lab A,1338,TRF,2026-06-27,2,23.333,26.1,0.0
Lab A,1338,TRF,2026-06-27,2,23.5,11.3,0.0
Lab A,1338,TRF,2026-06-27,2,23.667,9.9,0.0
Lab A,1338,TRF,2026-06-27,2,23.833,4.3,0.0
Lab A,1338,TRF,2026-06-28,3,0.0,13.2,0.0
Lab A,1338,TRF,2026-06-28,3,0.167,3.7,0.0
Lab A,1338,TRF,2026-06-28,3,0.333,29.0,0.0
Lab A,1338,TRF,2026-06-28,3,0.5,29.1,0.0
Lab A,1338,TRF,2026-06-28,3,0.667,0.0,0.0
Lab A,1338,TRF,2026-06-28,3,0.833,11.3,0.0
Lab A,1338,TRF,2026-06-28,3,1.0,19.9,0.0
Lab A,1338,TRF,2026-06-28,3,1.167,39.8,0.0
Lab A,1338,TRF,2026-06-28,3,1.333,67.1,0.0
Lab A,1338,TRF,2026-06-28,3,1.5,36.7,0.0
Lab A,1338,TRF,2026-06-28,3,1.667,3.2,0.0
Lab A,1338,TRF,2026-06-28,3,1.833,0.7,0.0
Lab A,1338,TRF,2026-06-28,3,2.0,4.2,0.0
Lab A,1338,TRF,2026-06-28,3,2.167,12.2,0.0
Lab A,1338,TRF,2026-06-28,3,2.333,1.5,0.0
Lab A,1338,TRF,2026-06-28,3,2.5,14.2,0.0
Lab A,1338,TRF,2026-06-28,3,2.667,33.7,0.0
Lab A,1338,TRF,2026-06-28,3,2.833,19.9,0.0
Lab A,1338,TRF,2026-06-28,3,3.0,1.9,0.0
Lab A,1338,TRF,2026-06-28,3,3.167,2.1,0.0
Lab A,1338,TRF,2026-06-28,3,3.333,1.2,0.0
Lab A,1338,TRF,2026-06-28,3,3.5,18.2,0.0
Lab A,1338,TRF,2026-06-28,3,3.667,12.8,0.0
Lab A,1338,TRF,2026-06-28,3,3.833,0.0,0.0
Lab A,1338,TRF,2026-06-28,3,4.0,2.1,0.0
Lab A,1338,TRF,2026-06-28,3,4.167,8.7,0.0
Lab A,1338,TRF,2026-06-28,3,4.333,0.2,0.0
Lab A,1338,TRF,2026-06-28,3,4.5,3.9,0.0
Lab A,1338,TRF,2026-06-28,3,4.667,2.3,0.0
Lab A,1338,TRF,2026-06-28,3,4.833,27.9,0.0
Lab A,1338,TRF,2026-06-28,3,5.0,53.0,0.0
Lab A,1338,TRF,2026-06-28,3,5.167,36.4,663.7
Lab A,1338,TRF,2026-06-28,3,5.333,18.3,734.3
Lab A,1338,TRF,2026-06-28,3,5.5,,733.5
Lab A,1338,TRF,2026-06-28,3,5.667,0.3,733.0
Lab A,1338,TRF,2026-06-28,3,5.833,0.2,732.7
Lab A,1338,TRF,2026-06-28,3,6.0,0.1,733.0
Lab A,1338,TRF,2026-06-28,3,6.167,0.8,732.6
Lab A,1338,TRF,2026-06-28,3,6.333,9.1,731.5
Lab A,1338,TRF,2026-06-28,3,6.5,9.8,731.0
Lab A,1338,TRF,2026-06-28,3,6.667,0.3,731.8
Lab A,1338,TRF,2026-06-28,3,6.833,0.3,731.5
Lab A,1338,TRF,2026-06-28,3,7.0,1.1,731.3
Lab A,1338,TRF,2026-06-28,3,7.167,2.1,730.4
Lab A,1338,TRF,2026-06-28,3,7.333,2.8,730.6
Lab A,1338,TRF,2026-06-28,3,7.5,1.5,730.7
Lab A,1338,TRF,2026-06-28,3,7.667,2.4,731.1
Lab A,1338,TRF,2026-06-28,3,7.833,7.3,731.9
Lab A,1338,TRF,2026-06-28,3,8.0,0.4,731.7
Lab A,1338,TRF,2026-06-28,3,8.167,0.0,731.7
Lab A,1338,TRF,2026-06-28,3,8.333,0.7,731.1
Lab A,1338,TRF,2026-06-28,3,8.5,0.0,731.4
Lab A,1338,TRF,2026-06-28,3,8.667,0.9,731.4
Lab A,1338,TRF,2026-06-28,3,8.833,0.8,731.5
Lab A,1338,TRF,2026-06-28,3,9.0,1.4,731.0
Lab A,1338,TRF,2026-06-28,3,9.167,1.0,731.4
Lab A,1338,TRF,2026-06-28,3,9.333,0.7,731.3
Lab A,1338,TRF,2026-06-28,3,9.5,0.9,731.0
Lab A,1338,TRF,2026-06-28,3,9.667,1.3,730.8
Lab A,1338,TRF,2026-06-28,3,9.833,1.9,731.4
Lab A,1338,TRF,2026-06-28,3,10.0,0.7,731.0
Lab A,1338,TRF,2026-06-28,3,10.167,5.9,731.5
Lab A,1338,TRF,2026-06-28,3,10.333,21.1,729.5
Lab A,1338,TRF,2026-06-28,3,10.5,20.1,729.5
Lab A,1338,TRF,2026-06-28,3,10.667,0.7,731.4
Lab A,1338,TRF,2026-06-28,3,10.833,0.1,731.7
Lab A,1338,TRF,2026-06-28,3,11.0,0.2,731.2
Lab A,1338,TRF,2026-06-28,3,11.167,2.1,730.3
Lab A,1338,TRF,2026-06-28,3,11.333,0.0,730.4
Lab A,1338,TRF,2026-06-28,3,11.5,0.0,730.9
Lab A,1338,TRF,2026-06-28,3,11.667,0.5,730.7
Lab A,1338,TRF,2026-06-28,3,11.833,1.5,730.4
Lab A,1338,TRF,2026-06-28,3,12.0,0.3,730.7
Lab A,1338,TRF,2026-06-28,3,12.167,0.9,730.8
Lab A,1338,TRF,2026-06-28,3,12.333,3.4,730.8
Lab A,1338,TRF,2026-06-28,3,12.5,8.1,732.2
Lab A,1338,TRF,2026-06-28,3,12.667,11.9,668.8
Lab A,1338,TRF,2026-06-28,3,12.833,45.8,707.6
Lab A,1338,TRF,2026-06-28,3,13.0,23.5,717.9
Lab A,1338,TRF,2026-06-28,3,13.167,0.0,721.5
Lab A,1338,TRF,2026-06-28,3,13.333,3.2,721.5
Lab A,1338,TRF,2026-06-28,3,13.5,0.9,721.5
Lab A,1338,TRF,2026-06-28,3,13.667,0.2,721.3
Lab A,1338,TRF,2026-06-28,3,13.833,1.8,720.7
Lab A,1338,TRF,2026-06-28,3,14.0,0.1,720.6
Lab A,1338,TRF,2026-06-28,3,14.167,16.1,720.5
Lab A,1338,TRF,2026-06-28,3,14.333,4.4,724.7
Lab A,1338,TRF,2026-06-28,3,14.5,9.8,718.5
Lab A,1338,TRF,2026-06-28,3,14.667,0.9,718.3
Lab A,1338,TRF,2026-06-28,3,14.833,0.3,719.2
Lab A,1338,TRF,2026-06-28,3,15.0,0.2,719.2
Lab A,1338,TRF,2026-06-28,3,15.167,0.4,718.7
Lab A,1338,TRF,2026-06-28,3,15.333,0.8,718.8
Lab A,1338,TRF,2026-06-28,3,15.5,3.7,718.7
Lab A,1338,TRF,2026-06-28,3,15.667,6.9,718.6
Lab A,1338,TRF,2026-06-28,3,15.833,0.0,718.6
Lab A,1338,TRF,2026-06-28,3,16.0,0.6,718.8
Lab A,1338,TRF,2026-06-28,3,16.167,0.0,719.1
Lab A,1338,TRF,2026-06-28,3,16.333,10.2,721.2
Lab A,1338,TRF,2026-06-28,3,16.5,6.1,721.8
Lab A,1338,TRF,2026-06-28,3,16.667,0.2,722.1
Lab A,1338,TRF,2026-06-28,3,16.833,0.7,722.1
Lab A,1338,TRF,2026-06-28,3,17.0,0.3,577.8
Lab A,1338,TRF,2026-06-28,3,17.167,3.1,0.0
Lab A,1338,TRF,2026-06-28,3,17.333,7.4,0.0
Lab A,1338,TRF,2026-06-28,3,17.5,6.1,0.0
Lab A,1338,TRF,2026-06-28,3,17.667,17.5,0.0
Lab A,1338,TRF,2026-06-28,3,17.833,16.2,0.0
Lab A,1338,TRF,2026-06-28,3,18.0,33.6,0.0
Lab A,1338,TRF,2026-06-28,3,18.167,34.1,0.0
Lab A,1338,TRF,2026-06-28,3,18.333,6.4,0.0
Lab A,1338,TRF,2026-06-28,3,18.5,5.5,0.0
Lab A,1338,TRF,2026-06-28,3,18.667,3.2,0.0
Lab A,1338,TRF,2026-06-28,3,18.833,25.5,0.0
Lab A,1338,TRF,2026-06-28,3,19.0,14.1,0.0
Lab A,1338,TRF,2026-06-28,3,19.167,11.3,0.0
Lab A,1338,TRF,2026-06-28,3,19.333,33.6,0.0
Lab A,1338,TRF,2026-06-28,3,19.5,28.0,0.0
Lab A,1338,TRF,2026-06-28,3,19.667,6.3,0.0
Lab A,1338,TRF,2026-06-28,3,19.833,1.9,0.0
Lab A,1338,TRF,2026-06-28,3,20.0,28.2,0.0
Lab A,1338,TRF,2026-06-28,3,20.167,22.0,0.0
Lab A,1338,TRF,2026-06-28,3,20.333,9.8,0.0
Lab A,1338,TRF,2026-06-28,3,20.5,8.3,0.0
Lab A,1338,TRF,2026-06-28,3,20.667,15.0,0.0
Lab A,1338,TRF,2026-06-28,3,20.833,13.7,0.0
Lab A,1338,TRF,2026-06-28,3,21.0,16.0,0.0
Lab A,1338,TRF,2026-06-28,3,21.167,7.0,0.0
Lab A,1338,TRF,2026-06-28,3,21.333,19.6,0.0
Lab A,1338,TRF,2026-06-28,3,21.5,24.7,0.0
Lab A,1338,TRF,2026-06-28,3,21.667,28.9,0.0
Lab A,1338,TRF,2026-06-28,3,21.833,0.9,0.0
Lab A,1338,TRF,2026-06-28,3,22.0,16.9,0.0
Lab A,1338,TRF,2026-06-28,3,22.167,8.6,0.0
Lab A,1338,TRF,2026-06-28,3,22.333,12.0,0.0
Lab A,1338,TRF,2026-06-28,3,22.5,4.3,0.0
Lab A,1338,TRF,2026-06-28,3,22.667,50.2,0.0
Lab A,1338,TRF,2026-06-28,3,22.833,53.2,0.0
Lab A,1338,TRF,2026-06-28,3,23.0,6.3,0.0
Lab A,1338,TRF,2026-06-28,3,23.167,4.8,0.0
Lab A,1338,TRF,2026-06-28,3,23.333,17.6,0.0
Lab A,1338,TRF,2026-06-28,3,23.5,1.5,0.0
Lab A,1338,TRF,2026-06-28,3,23.667,28.7,0.0
Lab A,1338,TRF,2026-06-28,3,23.833,16.9,0.0
Lab A,1338,TRF,2026-06-29,4,0.0,5.0,0.0
Lab A,1338,TRF,2026-06-29,4,0.167,14.1,0.0
Lab A,1338,TRF,2026-06-29,4,0.333,7.5,0.0
Lab A,1338,TRF,2026-06-29,4,0.5,11.5,0.0
Lab A,1338,TRF,2026-06-29,4,0.667,21.9,0.0
Lab A,1338,TRF,2026-06-29,4,0.833,15.8,0.0
Lab A,1338,TRF,2026-06-29,4,1.0,8.8,0.0
Lab A,1338,TRF,2026-06-29,4,1.167,30.3,0.0
Lab A,1338,TRF,2026-06-29,4,1.333,2.8,0.0
Lab A,1338,TRF,2026-06-29,4,1.5,2.3,0.0
Lab A,1338,TRF,2026-06-29,4,1.667,16.9,0.0
Lab A,1338,TRF,2026-06-29,4,1.833,26.7,0.0
Lab A,1338,TRF,2026-06-29,4,2.0,19.4,0.0
Lab A,1338,TRF,2026-06-29,4,2.167,0.9,0.0
Lab A,1338,TRF,2026-06-29,4,2.333,4.6,0.0
Lab A,1338,TRF,2026-06-29,4,2.5,5.2,0.0
Lab A,1338,TRF,2026-06-29,4,2.667,5.2,0.0
Lab A,1338,TRF,2026-06-29,4,2.833,8.5,0.0
Lab A,1338,TRF,2026-06-29,4,3.0,7.7,0.0
Lab A,1338,TRF,2026-06-29,4,3.167,1.7,0.0
Lab A,1338,TRF,2026-06-29,4,3.333,7.7,0.0
Lab A,1338,TRF,2026-06-29,4,3.5,26.4,0.0
Lab A,1338,TRF,2026-06-29,4,3.667,54.5,0.0
Lab A,1338,TRF,2026-06-29,4,3.833,31.6,0.0
Lab A,1338,TRF,2026-06-29,4,4.0,31.8,0.0
Lab A,1338,TRF,2026-06-29,4,4.167,12.2,0.0
Lab A,1338,TRF,2026-06-29,4,4.333,2.5,0.0
Lab A,1338,TRF,2026-06-29,4,4.5,0.1,0.0
Lab A,1338,TRF,2026-06-29,4,4.667,3.9,0.0
Lab A,1338,TRF,2026-06-29,4,4.833,12.9,0.0
Lab A,1338,TRF,2026-06-29,4,5.0,0.4,0.0
Lab A,1338,TRF,2026-06-29,4,5.167,8.6,659.6
Lab A,1338,TRF,2026-06-29,4,5.333,0.1,728.6
Lab A,1338,TRF,2026-06-29,4,5.5,0.1,727.5
Lab A,1338,TRF,2026-06-29,4,5.667,9.8,726.4
Lab A,1338,TRF,2026-06-29,4,5.833,2.3,727.5
Lab A,1338,TRF,2026-06-29,4,6.0,0.3,727.5
Lab A,1338,TRF,2026-06-29,4,6.167,0.6,726.6
Lab A,1338,TRF,2026-06-29,4,6.333,0.8,726.5
Lab A,1338,TRF,2026-06-29,4,6.5,6.1,725.9
Lab A,1338,TRF,2026-06-29,4,6.667,15.9,726.3
Lab A,1338,TRF,2026-06-29,4,6.833,41.3,721.6
Lab A,1338,TRF,2026-06-29,4,7.0,23.6,725.6
Lab A,1338,TRF,2026-06-29,4,7.167,1.7,725.4
Lab A,1338,TRF,2026-06-29,4,7.333,0.5,725.2
Lab A,1338,TRF,2026-06-29,4,7.5,0.5,725.5
Lab A,1338,TRF,2026-06-29,4,7.667,0.1,724.8
Lab A,1338,TRF,2026-06-29,4,7.833,0.0,724.7
Lab A,1338,TRF,2026-06-29,4,8.0,3.9,724.6
Lab A,1338,TRF,2026-06-29,4,8.167,4.1,723.7
Lab A,1338,TRF,2026-06-29,4,8.333,0.2,724.4
Lab A,1338,TRF,2026-06-29,4,8.5,0.5,724.4
Lab A,1338,TRF,2026-06-29,4,8.667,0.7,723.9
Lab A,1338,TRF,2026-06-29,4,8.833,1.0,723.8
Lab A,1338,TRF,2026-06-29,4,9.0,1.6,724.4
Lab A,1338,TRF,2026-06-29,4,9.167,0.1,724.4
Lab A,1338,TRF,2026-06-29,4,9.333,9.4,724.1
Lab A,1338,TRF,2026-06-29,4,9.5,29.2,723.1
Lab A,1338,TRF,2026-06-29,4,9.667,4.8,726.8
Lab A,1338,TRF,2026-06-29,4,9.833,1.0,727.1
Lab A,1338,TRF,2026-06-29,4,10.0,0.2,726.8
Lab A,1338,TRF,2026-06-29,4,10.167,0.0,726.5
Lab A,1338,TRF,2026-06-29,4,10.333,0.3,726.1
Lab A,1338,TRF,2026-06-29,4,10.5,1.3,726.5
Lab A,1338,TRF,2026-06-29,4,10.667,9.7,726.7
Lab A,1338,TRF,2026-06-29,4,10.833,10.4,698.5
Lab A,1338,TRF,2026-06-29,4,11.0,35.9,695.9
Lab A,1338,TRF,2026-06-29,4,11.167,16.3,711.0
Lab A,1338,TRF,2026-06-29,4,11.333,2.2,717.3
Lab A,1338,TRF,2026-06-29,4,11.5,1.2,718.9
Lab A,1338,TRF,2026-06-29,4,11.667,0.8,718.6
Lab A,1338,TRF,2026-06-29,4,11.833,0.4,719.2
Lab A,1338,TRF,2026-06-29,4,12.0,0.3,718.7
Lab A,1338,TRF,2026-06-29,4,12.167,1.8,718.2
Lab A,1338,TRF,2026-06-29,4,12.333,0.4,718.7
Lab A,1338,TRF,2026-06-29,4,12.5,2.8,719.5
Lab A,1338,TRF,2026-06-29,4,12.667,0.3,720.0
Lab A,1338,TRF,2026-06-29,4,12.833,10.3,720.7
Lab A,1338,TRF,2026-06-29,4,13.0,12.3,719.7
Lab A,1338,TRF,2026-06-29,4,13.167,7.0,722.1
Lab A,1338,TRF,2026-06-29,4,13.333,0.2,722.1
Lab A,1338,TRF,2026-06-29,4,13.5,0.3,722.3
Lab A,1338,TRF,2026-06-29,4,13.667,0.5,721.7
Lab A,1338,TRF,2026-06-29,4,13.833,0.3,722.0
Lab A,1338,TRF,2026-06-29,4,14.0,1.9,721.8
Lab A,1338,TRF,2026-06-29,4,14.167,0.2,721.8
Lab A,1338,TRF,2026-06-29,4,14.333,1.2,722.0
Lab A,1338,TRF,2026-06-29,4,14.5,1.7,722.1
Lab A,1338,TRF,2026-06-29,4,14.667,0.3,722.9
Lab A,1338,TRF,2026-06-29,4,14.833,9.2,722.7
Lab A,1338,TRF,2026-06-29,4,15.0,12.5,722.5
Lab A,1338,TRF,2026-06-29,4,15.167,14.1,722.1
Lab A,1338,TRF,2026-06-29,4,15.333,2.4,721.5
Lab A,1338,TRF,2026-06-29,4,15.5,0.3,721.4
Lab A,1338,TRF,2026-06-29,4,15.667,0.0,721.7
Lab A,1338,TRF,2026-06-29,4,15.833,1.3,721.8
Lab A,1338,TRF,2026-06-29,4,16.0,5.6,721.4
Lab A,1338,TRF,2026-06-29,4,16.167,8.5,721.0
Lab A,1338,TRF,2026-06-29,4,16.333,0.7,721.0
Lab A,1338,TRF,2026-06-29,4,16.5,1.8,721.1
Lab A,1338,TRF,2026-06-29,4,16.667,0.2,721.0
Lab A,1338,TRF,2026-06-29,4,16.833,1.5,720.9
Lab A,1338,TRF,2026-06-29,4,17.0,2.2,576.8
Lab A,1338,TRF,2026-06-29,4,17.167,9.3,0.0
Lab A,1338,TRF,2026-06-29,4,17.333,8.5,0.0
Lab A,1338,TRF,2026-06-29,4,17.5,0.8,0.0
Lab A,1338,TRF,2026-06-29,4,17.667,17.1,0.0
Lab A,1338,TRF,2026-06-29,4,17.833,31.3,0.0
Lab A,1338,TRF,2026-06-29,4,18.0,13.4,0.0
Lab A,1338,TRF,2026-06-29,4,18.167,6.0,0.0
Lab A,1338,TRF,2026-06-29,4,18.333,5.9,0.0
Lab A,1338,TRF,2026-06-29,4,18.5,7.3,0.0
Lab A,1338,TRF,2026-06-29,4,18.667,22.9,0.0
Lab A,1338,TRF,2026-06-29,4,18.833,24.5,0.0
Lab A,1338,TRF,2026-06-29,4,19.0,31.0,0.0
Lab A,1338,TRF,2026-06-29,4,19.167,15.2,0.0
Lab A,1338,TRF,2026-06-29,4,19.333,23.4,0.0
Lab A,1338,TRF,2026-06-29,4,19.5,0.2,0.0
Lab A,1338,TRF,2026-06-29,4,19.667,13.4,0.0
Lab A,1338,TRF,2026-06-29,4,19.833,4.0,0.0
Lab A,1338,TRF,2026-06-29,4,20.0,5.7,0.0
Lab A,1338,TRF,2026-06-29,4,20.167,6.2,0.0
Lab A,1338,TRF,2026-06-29,4,20.333,7.1,0.0
Lab A,1338,TRF,2026-06-29,4,20.5,6.9,0.0
Lab A,1338,TRF,2026-06-29,4,20.667,6.9,0.0
Lab A,1338,TRF,2026-06-29,4,20.833,6.0,0.0
Lab A,1338,TRF,2026-06-29,4,21.0,24.2,0.0
Lab A,1338,TRF,2026-06-29,4,21.167,9.8,0.0
Lab A,1338,TRF,2026-06-29,4,21.333,16.4,0.0
Lab A,1338,TRF,2026-06-29,4,21.5,13.4,0.0
Lab A,1338,TRF,2026-06-29,4,21.667,21.7,0.0
Lab A,1338,TRF,2026-06-29,4,21.833,45.7,0.0
Lab A,1338,TRF,2026-06-29,4,22.0,53.3,0.0
Lab A,1338,TRF,2026-06-29,4,22.167,18.1,0.0
Lab A,1338,TRF,2026-06-29,4,22.333,7.3,0.0
Lab A,1338,TRF,2026-06-29,4,22.5,1.0,0.0
Lab A,1338,TRF,2026-06-29,4,22.667,18.5,0.0
Lab A,1338,TRF,2026-06-29,4,22.833,13.6,0.0
Lab A,1338,TRF,2026-06-29,4,23.0,12.0,0.0
Lab A,1338,TRF,2026-06-29,4,23.167,17.1,0.0
Lab A,1338,TRF,2026-06-29,4,23.333,0.9,0.0
Lab A,1338,TRF,2026-06-29,4,23.5,4.6,0.0
Lab A,1338,TRF,2026-06-29,4,23.667,24.5,0.0
Lab A,1338,TRF,2026-06-29,4,23.833,22.3,0.0
Lab A,1338,TRF,2026-06-30,5,0.0,1.4,0.0
Lab A,1338,TRF,2026-06-30,5,0.167,37.8,0.0
Lab A,1338,TRF,2026-06-30,5,0.333,51.8,0.0
Lab A,1338,TRF,2026-06-30,5,0.5,13.5,0.0
Lab A,1338,TRF,2026-06-30,5,0.667,2.2,0.0
Lab A,1338,TRF,2026-06-30,5,0.833,1.7,0.0
Lab A,1338,TRF,2026-06-30,5,1.0,8.7,0.0
Lab A,1338,TRF,2026-06-30,5,1.167,48.5,0.0
Lab A,1338,TRF,2026-06-30,5,1.333,11.4,0.0
Lab A,1338,TRF,2026-06-30,5,1.5,10.3,0.0
Lab A,1338,TRF,2026-06-30,5,1.667,0.5,0.0
Lab A,1338,TRF,2026-06-30,5,1.833,33.8,0.0
Lab A,1338,TRF,2026-06-30,5,2.0,1.7,0.0
Lab A,1338,TRF,2026-06-30,5,2.167,1.9,0.0
Lab A,1338,TRF,2026-06-30,5,2.333,19.5,0.0
Lab A,1338,TRF,2026-06-30,5,2.5,35.6,0.0
Lab A,1338,TRF,2026-06-30,5,2.667,13.6,0.0
Lab A,1338,TRF,2026-06-30,5,2.833,0.1,0.0
Lab A,1338,TRF,2026-06-30,5,3.0,12.6,0.0
Lab A,1338,TRF,2026-06-30,5,3.167,5.9,0.0
Lab A,1338,TRF,2026-06-30,5,3.333,0.3,0.0
Lab A,1338,TRF,2026-06-30,5,3.5,2.1,0.0
Lab A,1338,TRF,2026-06-30,5,3.667,9.6,0.0
Lab A,1338,TRF,2026-06-30,5,3.833,47.6,0.0
Lab A,1338,TRF,2026-06-30,5,4.0,41.6,0.0
Lab A,1338,TRF,2026-06-30,5,4.167,31.3,0.0
Lab A,1338,TRF,2026-06-30,5,4.333,2.8,0.0
Lab A,1338,TRF,2026-06-30,5,4.5,2.4,0.0
Lab A,1338,TRF,2026-06-30,5,4.667,0.0,0.0
Lab A,1338,TRF,2026-06-30,5,4.833,2.0,0.0
Lab A,1338,TRF,2026-06-30,5,5.0,5.7,0.0
Lab A,1338,TRF,2026-06-30,5,5.167,2.6,658.5
Lab A,1338,TRF,2026-06-30,5,5.333,20.8,723.5
Lab A,1338,TRF,2026-06-30,5,5.5,28.1,724.2
Lab A,1338,TRF,2026-06-30,5,5.667,3.0,723.5
Lab A,1338,TRF,2026-06-30,5,5.833,1.2,723.5
Lab A,1338,TRF,2026-06-30,5,6.0,0.0,723.9
Lab A,1338,TRF,2026-06-30,5,6.167,1.4,723.4
Lab A,1338,TRF,2026-06-30,5,6.333,13.0,723.2
Lab A,1338,TRF,2026-06-30,5,6.5,0.1,723.3
Lab A,1338,TRF,2026-06-30,5,6.667,0.0,723.4
Lab A,1338,TRF,2026-06-30,5,6.833,4.6,723.0
Lab A,1338,TRF,2026-06-30,5,7.0,24.6,723.8
Lab A,1338,TRF,2026-06-30,5,7.167,0.2,726.2
Lab A,1338,TRF,2026-06-30,5,7.333,0.2,726.9
Lab A,1338,TRF,2026-06-30,5,7.5,0.5,726.7
Lab A,1338,TRF,2026-06-30,5,7.667,0.3,725.8
Lab A,1338,TRF,2026-06-30,5,7.833,1.6,726.4
Lab A,1338,TRF,2026-06-30,5,8.0,6.4,725.6
Lab A,1338,TRF,2026-06-30,5,8.167,0.3,725.9
Lab A,1338,TRF,2026-06-30,5,8.333,0.8,725.6
Lab A,1338,TRF,2026-06-30,5,8.5,1.2,725.8
Lab A,1338,TRF,2026-06-30,5,8.667,11.7,726.4
Lab A,1338,TRF,2026-06-30,5,8.833,4.9,723.7
Lab A,1338,TRF,2026-06-30,5,9.0,0.0,724.5
Lab A,1338,TRF,2026-06-30,5,9.167,0.4,723.9
Lab A,1338,TRF,2026-06-30,5,9.333,1.3,724.2
Lab A,1338,TRF,2026-06-30,5,9.5,0.1,723.7
Lab A,1338,TRF,2026-06-30,5,9.667,0.4,723.4
Lab A,1338,TRF,2026-06-30,5,9.833,1.4,723.3
Lab A,1338,TRF,2026-06-30,5,10.0,1.0,723.5
Lab A,1338,TRF,2026-06-30,5,10.167,4.1,723.6
Lab A,1338,TRF,2026-06-30,5,10.333,8.8,722.7
Lab A,1338,TRF,2026-06-30,5,10.5,11.0,723.3
Lab A,1338,TRF,2026-06-30,5,10.667,6.0,725.2
Lab A,1338,TRF,2026-06-30,5,10.833,0.0,725.6
Lab A,1338,TRF,2026-06-30,5,11.0,0.0,725.8
Lab A,1338,TRF,2026-06-30,5,11.167,1.5,725.7
Lab A,1338,TRF,2026-06-30,5,11.333,1.6,726.3
Lab A,1338,TRF,2026-06-30,5,11.5,0.4,726.7
Lab A,1338,TRF,2026-06-30,5,11.667,16.8,685.7
Lab A,1338,TRF,2026-06-30,5,11.833,30.6,678.2
Lab A,1338,TRF,2026-06-30,5,12.0,35.6,717.0
Lab A,1338,TRF,2026-06-30,5,12.167,33.0,726.8
Lab A,1338,TRF,2026-06-30,5,12.333,12.0,732.0
Lab A,1338,TRF,2026-06-30,5,12.5,4.3,731.5
Lab A,1338,TRF,2026-06-30,5,12.667,0.0,731.8
Lab A,1338,TRF,2026-06-30,5,12.833,0.8,732.6
Lab A,1338,TRF,2026-06-30,5,13.0,0.4,732.9
Lab A,1338,TRF,2026-06-30,5,13.167,1.2,732.8
Lab A,1338,TRF,2026-06-30,5,13.333,0.4,732.9
Lab A,1338,TRF,2026-06-30,5,13.5,0.0,732.9
Lab A,1338,TRF,2026-06-30,5,13.667,0.9,732.9
Lab A,1338,TRF,2026-06-30,5,13.833,0.4,732.9
Lab A,1338,TRF,2026-06-30,5,14.0,0.2,732.9
Lab A,1338,TRF,2026-06-30,5,14.167,1.8,732.5
Lab A,1338,TRF,2026-06-30,5,14.333,24.1,725.9
Lab A,1338,TRF,2026-06-30,5,14.5,9.1,724.0
Lab A,1338,TRF,2026-06-30,5,14.667,0.9,726.0
Lab A,1338,TRF,2026-06-30,5,14.833,0.0,726.1
Lab A,1338,TRF,2026-06-30,5,15.0,0.7,726.0
Lab A,1338,TRF,2026-06-30,5,15.167,14.5,724.3
Lab A,1338,TRF,2026-06-30,5,15.333,20.7,722.3
Lab A,1338,TRF,2026-06-30,5,15.5,2.6,724.5
Lab A,1338,TRF,2026-06-30,5,15.667,0.0,724.6
Lab A,1338,TRF,2026-06-30,5,15.833,0.2,724.2
Lab A,1338,TRF,2026-06-30,5,16.0,0.0,724.0
Lab A,1338,TRF,2026-06-30,5,16.167,0.7,724.1
Lab A,1338,TRF,2026-06-30,5,16.333,0.0,724.0
Lab A,1338,TRF,2026-06-30,5,16.5,2.5,723.7
Lab A,1338,TRF,2026-06-30,5,16.667,6.5,724.0
Lab A,1338,TRF,2026-06-30,5,16.833,0.6,723.9
Lab A,1338,TRF,2026-06-30,5,17.0,0.0,579.2
Lab A,1338,TRF,2026-06-30,5,17.167,,
Lab A,1338,TRF,2026-06-30,5,17.333,33.7,0.0
Lab A,1338,TRF,2026-06-30,5,17.5,32.7,0.0
Lab A,1338,TRF,2026-06-30,5,17.667,12.1,0.0
Lab A,1338,TRF,2026-06-30,5,17.833,2.5,0.0
Lab A,1338,TRF,2026-06-30,5,18.0,22.3,0.0
Lab A,1338,TRF,2026-06-30,5,18.167,26.5,0.0
Lab A,1338,TRF,2026-06-30,5,18.333,13.8,0.0
Lab A,1338,TRF,2026-06-30,5,18.5,0.5,0.0
Lab A,1338,TRF,2026-06-30,5,18.667,35.3,0.0
Lab A,1338,TRF,2026-06-30,5,18.833,28.1,0.0
Lab A,1338,TRF,2026-06-30,5,19.0,,
Lab A,1338,TRF,2026-06-30,5,19.167,16.2,0.0
Lab A,1338,TRF,2026-06-30,5,19.333,30.2,0.0
Lab A,1338,TRF,2026-06-30,5,19.5,6.9,0.0
Lab A,1338,TRF,2026-06-30,5,19.667,11.7,0.0
Lab A,1338,TRF,2026-06-30,5,19.833,6.2,0.0
Lab A,1338,TRF,2026-06-30,5,20.0,3.2,0.0
Lab A,1338,TRF,2026-06-30,5,20.167,8.1,0.0
Lab A,1338,TRF,2026-06-30,5,20.333,2.9,0.0
Lab A,1338,TRF,2026-06-30,5,20.5,5.1,0.0
Lab A,1338,TRF,2026-06-30,5,20.667,2.9,0.0
Lab A,1338,TRF,2026-06-30,5,20.833,45.6,0.0
Lab A,1338,TRF,2026-06-30,5,21.0,,
Lab A,1338,TRF,2026-06-30,5,21.167,,
Lab A,1338,TRF,2026-06-30,5,21.333,48.9,0.0
Lab A,1338,TRF,2026-06-30,5,21.5,53.2,0.0
Lab A,1338,TRF,2026-06-30,5,21.667,34.6,0.0
Lab A,1338,TRF,2026-06-30,5,21.833,53.3,0.0
Lab A,1338,TRF,2026-06-30,5,22.0,34.7,0.0
Lab A,1338,TRF,2026-06-30,5,22.167,45.3,0.0
Lab A,1338,TRF,2026-06-30,5,22.333,42.2,0.0
Lab A,1338,TRF,2026-06-30,5,22.5,34.3,0.0
Lab A,1338,TRF,2026-06-30,5,22.667,11.6,0.0
Lab A,1338,TRF,2026-06-30,5,22.833,36.8,0.0
Lab A,1338,TRF,2026-06-30,5,23.0,,
Lab A,1338,TRF,2026-06-30,5,23.167,30.1,0.0
Lab A,1338,TRF,2026-06-30,5,23.333,0.3,0.0
Lab A,1338,TRF,2026-06-30,5,23.5,39.9,0.0
Lab A,1338,TRF,2026-06-30,5,23.667,6.4,0.0
Lab A,1338,TRF,2026-06-30,5,23.833,28.5,0.0
Lab A,1338,TRF,2026-07-01,6,0.0,7.6,0.0
Lab A,1338,TRF,2026-07-01,6,0.167,1.7,0.0
Lab A,1338,TRF,2026-07-01,6,0.333,19.4,0.0
Lab A,1338,TRF,2026-07-01,6,0.5,20.8,0.0
Lab A,1338,TRF,2026-07-01,6,0.667,1.5,0.0
Lab A,1338,TRF,2026-07-01,6,0.833,12.5,0.0
Lab A,1338,TRF,2026-07-01,6,1.0,,
Lab A,1338,TRF,2026-07-01,6,1.167,5.8,0.0
Lab A,1338,TRF,2026-07-01,6,1.333,0.1,0.0
Lab A,1338,TRF,2026-07-01,6,1.5,36.9,0.0
Lab A,1338,TRF,2026-07-01,6,1.667,31.5,0.0
Lab A,1338,TRF,2026-07-01,6,1.833,12.6,0.0
Lab A,1338,TRF,2026-07-01,6,2.0,2.6,0.0
Lab A,1338,TRF,2026-07-01,6,2.167,10.7,0.0
Lab A,1338,TRF,2026-07-01,6,2.333,24.9,0.0
Lab A,1338,TRF,2026-07-01,6,2.5,1.2,0.0
Lab A,1338,TRF,2026-07-01,6,2.667,1.3,0.0
Lab A,1338,TRF,2026-07-01,6,2.833,0.5,0.0
Lab A,1338,TRF,2026-07-01,6,3.0,,
Lab A,1338,TRF,2026-07-01,6,3.167,1.9,0.0
Lab A,1338,TRF,2026-07-01,6,3.333,11.6,0.0
Lab A,1338,TRF,2026-07-01,6,3.5,4.0,0.0
Lab A,1338,TRF,2026-07-01,6,3.667,11.4,0.0
Lab A,1338,TRF,2026-07-01,6,3.833,2.1,0.0
Lab A,1338,TRF,2026-07-01,6,4.0,16.7,0.0
Lab A,1338,TRF,2026-07-01,6,4.167,52.0,0.0
Lab A,1338,TRF,2026-07-01,6,4.333,24.5,0.0
Lab A,1338,TRF,2026-07-01,6,4.5,0.2,0.0
Lab A,1338,TRF,2026-07-01,6,4.667,5.1,0.0
Lab A,1338,TRF,2026-07-01,6,4.833,12.5,0.0
Lab A,1339,TRF,2026-06-24,-1,5.0,27.3,0.0
Lab A,1339,TRF,2026-06-24,-1,5.167,17.6,636.8
Lab A,1339,TRF,2026-06-24,-1,5.333,13.6,704.9
Lab A,1339,TRF,2026-06-24,-1,5.5,15.8,701.5
Lab A,1339,TRF,2026-06-24,-1,5.667,4.3,706.0
Lab A,1339,TRF,2026-06-24,-1,5.833,0.2,707.1
Lab A,1339,TRF,2026-06-24,-1,6.0,0.0,707.1
Lab A,1339,TRF,2026-06-24,-1,6.167,0.0,706.3
Lab A,1339,TRF,2026-06-24,-1,6.333,0.0,705.9
Lab A,1339,TRF,2026-06-24,-1,6.5,0.1,706.0
Lab A,1339,TRF,2026-06-24,-1,6.667,0.0,706.0
Lab A,1339,TRF,2026-06-24,-1,6.833,0.0,705.9
Lab A,1339,TRF,2026-06-24,-1,7.0,0.0,705.1
Lab A,1339,TRF,2026-06-24,-1,7.167,2.7,701.7
Lab A,1339,TRF,2026-06-24,-1,7.333,2.3,702.3
Lab A,1339,TRF,2026-06-24,-1,7.5,5.5,704.0
Lab A,1339,TRF,2026-06-24,-1,7.667,0.0,705.1
Lab A,1339,TRF,2026-06-24,-1,7.833,0.1,705.3
Lab A,1339,TRF,2026-06-24,-1,8.0,0.0,703.7
Lab A,1339,TRF,2026-06-24,-1,8.167,1.1,703.9
Lab A,1339,TRF,2026-06-24,-1,8.333,0.0,704.1
Lab A,1339,TRF,2026-06-24,-1,8.5,0.2,704.0
Lab A,1339,TRF,2026-06-24,-1,8.667,0.0,704.0
Lab A,1339,TRF,2026-06-24,-1,8.833,0.4,703.1
Lab A,1339,TRF,2026-06-24,-1,9.0,4.0,702.5
Lab A,1339,TRF,2026-06-24,-1,9.167,9.2,702.0
Lab A,1339,TRF,2026-06-24,-1,9.333,0.0,702.6
Lab A,1339,TRF,2026-06-24,-1,9.5,0.0,703.7
Lab A,1339,TRF,2026-06-24,-1,9.667,0.0,703.9
Lab A,1339,TRF,2026-06-24,-1,9.833,0.0,703.8
Lab A,1339,TRF,2026-06-24,-1,10.0,0.0,704.0
Lab A,1339,TRF,2026-06-24,-1,10.167,0.0,703.7
Lab A,1339,TRF,2026-06-24,-1,10.333,0.0,704.4
Lab A,1339,TRF,2026-06-24,-1,10.5,0.0,703.2
Lab A,1339,TRF,2026-06-24,-1,10.667,0.1,703.9
Lab A,1339,TRF,2026-06-24,-1,10.833,0.2,703.4
Lab A,1339,TRF,2026-06-24,-1,11.0,0.0,703.2
Lab A,1339,TRF,2026-06-24,-1,11.167,2.6,703.7
Lab A,1339,TRF,2026-06-24,-1,11.333,0.0,703.4
Lab A,1339,TRF,2026-06-24,-1,11.5,0.0,703.7
Lab A,1339,TRF,2026-06-24,-1,11.667,0.0,703.2
Lab A,1339,TRF,2026-06-24,-1,11.833,13.7,659.6
Lab A,1339,TRF,2026-06-24,-1,12.0,11.9,675.3
Lab A,1339,TRF,2026-06-24,-1,12.167,9.0,685.4
Lab A,1339,TRF,2026-06-24,-1,12.333,13.6,689.1
Lab A,1339,TRF,2026-06-24,-1,12.5,0.0,690.4
Lab A,1339,TRF,2026-06-24,-1,12.667,0.0,689.8
Lab A,1339,TRF,2026-06-24,-1,12.833,0.0,689.9
Lab A,1339,TRF,2026-06-24,-1,13.0,0.0,689.5
Lab A,1339,TRF,2026-06-24,-1,13.167,0.0,688.4
Lab A,1339,TRF,2026-06-24,-1,13.333,1.7,688.3
Lab A,1339,TRF,2026-06-24,-1,13.5,1.5,688.0
Lab A,1339,TRF,2026-06-24,-1,13.667,0.0,688.8
Lab A,1339,TRF,2026-06-24,-1,13.833,0.0,688.0
Lab A,1339,TRF,2026-06-24,-1,14.0,0.0,688.2
Lab A,1339,TRF,2026-06-24,-1,14.167,3.1,687.6
Lab A,1339,TRF,2026-06-24,-1,14.333,0.0,689.2
Lab A,1339,TRF,2026-06-24,-1,14.5,0.0,688.4
Lab A,1339,TRF,2026-06-24,-1,14.667,6.1,686.3
Lab A,1339,TRF,2026-06-24,-1,14.833,5.3,693.1
Lab A,1339,TRF,2026-06-24,-1,15.0,6.5,690.6
Lab A,1339,TRF,2026-06-24,-1,15.167,0.0,692.1
Lab A,1339,TRF,2026-06-24,-1,15.333,0.0,692.5
Lab A,1339,TRF,2026-06-24,-1,15.5,0.0,691.2
Lab A,1339,TRF,2026-06-24,-1,15.667,0.0,691.9
Lab A,1339,TRF,2026-06-24,-1,15.833,0.0,692.2
Lab A,1339,TRF,2026-06-24,-1,16.0,0.1,691.8
Lab A,1339,TRF,2026-06-24,-1,16.167,1.5,693.0
Lab A,1339,TRF,2026-06-24,-1,16.333,0.0,692.8
Lab A,1339,TRF,2026-06-24,-1,16.5,0.0,692.0
Lab A,1339,TRF,2026-06-24,-1,16.667,0.1,691.1
Lab A,1339,TRF,2026-06-24,-1,16.833,1.3,690.9
Lab A,1339,TRF,2026-06-24,-1,17.0,0.0,552.4
Lab A,1339,TRF,2026-06-24,-1,17.167,9.0,0.0
Lab A,1339,TRF,2026-06-24,-1,17.333,6.1,0.0
Lab A,1339,TRF,2026-06-24,-1,17.5,0.0,0.0
Lab A,1339,TRF,2026-06-24,-1,17.667,0.2,0.0
Lab A,1339,TRF,2026-06-24,-1,17.833,10.5,0.0
Lab A,1339,TRF,2026-06-24,-1,18.0,4.1,0.0
Lab A,1339,TRF,2026-06-24,-1,18.167,0.6,0.0
Lab A,1339,TRF,2026-06-24,-1,18.333,5.3,0.0
Lab A,1339,TRF,2026-06-24,-1,18.5,14.9,0.0
Lab A,1339,TRF,2026-06-24,-1,18.667,11.4,0.0
Lab A,1339,TRF,2026-06-24,-1,18.833,11.9,0.0
Lab A,1339,TRF,2026-06-24,-1,19.0,0.0,0.0
Lab A,1339,TRF,2026-06-24,-1,19.167,0.0,0.0
Lab A,1339,TRF,2026-06-24,-1,19.333,0.1,0.0
Lab A,1339,TRF,2026-06-24,-1,19.5,8.4,0.0
Lab A,1339,TRF,2026-06-24,-1,19.667,13.1,0.0
Lab A,1339,TRF,2026-06-24,-1,19.833,2.5,0.0
Lab A,1339,TRF,2026-06-24,-1,20.0,0.0,0.0
Lab A,1339,TRF,2026-06-24,-1,20.167,0.3,0.0
Lab A,1339,TRF,2026-06-24,-1,20.333,4.4,0.0
Lab A,1339,TRF,2026-06-24,-1,20.5,3.3,0.0
Lab A,1339,TRF,2026-06-24,-1,20.667,0.4,0.0
Lab A,1339,TRF,2026-06-24,-1,20.833,0.5,0.0
Lab A,1339,TRF,2026-06-24,-1,21.0,0.8,0.0
Lab A,1339,TRF,2026-06-24,-1,21.167,0.5,0.0
Lab A,1339,TRF,2026-06-24,-1,21.333,9.9,0.0
Lab A,1339,TRF,2026-06-24,-1,21.5,24.7,0.0
Lab A,1339,TRF,2026-06-24,-1,21.667,25.2,0.0
Lab A,1339,TRF,2026-06-24,-1,21.833,2.9,0.0
Lab A,1339,TRF,2026-06-24,-1,22.0,0.0,0.0
Lab A,1339,TRF,2026-06-24,-1,22.167,0.1,0.0
Lab A,1339,TRF,2026-06-24,-1,22.333,0.0,0.0
Lab A,1339,TRF,2026-06-24,-1,22.5,0.0,0.0
Lab A,1339,TRF,2026-06-24,-1,22.667,1.4,0.0
Lab A,1339,TRF,2026-06-24,-1,22.833,10.9,0.0
Lab A,1339,TRF,2026-06-24,-1,23.0,22.6,0.0
Lab A,1339,TRF,2026-06-24,-1,23.167,13.3,0.0
Lab A,1339,TRF,2026-06-24,-1,23.333,7.3,0.0
Lab A,1339,TRF,2026-06-24,-1,23.5,0.0,0.0
Lab A,1339,TRF,2026-06-24,-1,23.667,0.0,0.0
Lab A,1339,TRF,2026-06-24,-1,23.833,0.0,0.0
Lab A,1339,TRF,2026-06-25,0,0.0,0.0,0.0
Lab A,1339,TRF,2026-06-25,0,0.167,4.5,0.0
Lab A,1339,TRF,2026-06-25,0,0.333,15.4,0.0
Lab A,1339,TRF,2026-06-25,0,0.5,60.9,0.0
Lab A,1339,TRF,2026-06-25,0,0.667,32.9,0.0
Lab A,1339,TRF,2026-06-25,0,0.833,17.5,0.0
Lab A,1339,TRF,2026-06-25,0,1.0,3.7,0.0
Lab A,1339,TRF,2026-06-25,0,1.167,0.0,0.0
Lab A,1339,TRF,2026-06-25,0,1.333,0.0,0.0
Lab A,1339,TRF,2026-06-25,0,1.5,0.0,0.0
Lab A,1339,TRF,2026-06-25,0,1.667,0.2,0.0
Lab A,1339,TRF,2026-06-25,0,1.833,0.6,0.0
Lab A,1339,TRF,2026-06-25,0,2.0,4.7,0.0
Lab A,1339,TRF,2026-06-25,0,2.167,0.0,0.0
Lab A,1339,TRF,2026-06-25,0,2.333,0.0,0.0
Lab A,1339,TRF,2026-06-25,0,2.5,0.1,0.0
Lab A,1339,TRF,2026-06-25,0,2.667,4.8,0.0
Lab A,1339,TRF,2026-06-25,0,2.833,1.7,0.0
Lab A,1339,TRF,2026-06-25,0,3.0,0.0,0.0
Lab A,1339,TRF,2026-06-25,0,3.167,4.0,0.0
Lab A,1339,TRF,2026-06-25,0,3.333,0.2,0.0
Lab A,1339,TRF,2026-06-25,0,3.5,12.7,0.0
Lab A,1339,TRF,2026-06-25,0,3.667,21.7,0.0
Lab A,1339,TRF,2026-06-25,0,3.833,13.2,0.0
Lab A,1339,TRF,2026-06-25,0,4.0,20.5,0.0
Lab A,1339,TRF,2026-06-25,0,4.167,7.6,0.0
Lab A,1339,TRF,2026-06-25,0,4.333,5.9,0.0
Lab A,1339,TRF,2026-06-25,0,4.5,0.0,0.0
Lab A,1339,TRF,2026-06-25,0,4.667,0.0,0.0
Lab A,1339,TRF,2026-06-25,0,4.833,0.0,0.0
Lab A,1339,TRF,2026-06-25,0,5.0,0.0,0.0
Lab A,1339,TRF,2026-06-25,0,5.167,0.0,632.5
Lab A,1339,TRF,2026-06-25,0,5.333,0.6,697.3
Lab A,1339,TRF,2026-06-25,0,5.5,0.3,696.8
Lab A,1339,TRF,2026-06-25,0,5.667,0.1,695.2
Lab A,1339,TRF,2026-06-25,0,5.833,6.0,693.7
Lab A,1339,TRF,2026-06-25,0,6.0,0.5,694.3
Lab A,1339,TRF,2026-06-25,0,6.167,0.0,694.8
Lab A,1339,TRF,2026-06-25,0,6.333,0.2,694.8
Lab A,1339,TRF,2026-06-25,0,6.5,9.1,695.1
Lab A,1339,TRF,2026-06-25,0,6.667,0.2,695.8
Lab A,1339,TRF,2026-06-25,0,6.833,0.0,696.2
Lab A,1339,TRF,2026-06-25,0,7.0,0.0,695.6
Lab A,1339,TRF,2026-06-25,0,7.167,0.0,694.9
Lab A,1339,TRF,2026-06-25,0,7.333,0.0,694.5
Lab A,1339,TRF,2026-06-25,0,7.5,0.3,694.4
Lab A,1339,TRF,2026-06-25,0,7.667,4.6,693.4
Lab A,1339,TRF,2026-06-25,0,7.833,0.0,694.7
Lab A,1339,TRF,2026-06-25,0,8.0,0.1,694.0
Lab A,1339,TRF,2026-06-25,0,8.167,0.0,693.3
Lab A,1339,TRF,2026-06-25,0,8.333,0.0,694.8
Lab A,1339,TRF,2026-06-25,0,8.5,0.0,694.2
Lab A,1339,TRF,2026-06-25,0,8.667,0.1,694.5
Lab A,1339,TRF,2026-06-25,0,8.833,0.0,694.0
Lab A,1339,TRF,2026-06-25,0,9.0,2.3,694.2
Lab A,1339,TRF,2026-06-25,0,9.167,0.0,694.7
Lab A,1339,TRF,2026-06-25,0,9.333,0.0,694.9
Lab A,1339,TRF,2026-06-25,0,9.5,0.0,693.3
Lab A,1339,TRF,2026-06-25,0,9.667,0.0,694.9
Lab A,1339,TRF,2026-06-25,0,9.833,0.0,694.1
Lab A,1339,TRF,2026-06-25,0,10.0,0.0,693.6
Lab A,1339,TRF,2026-06-25,0,10.167,0.1,693.6
Lab A,1339,TRF,2026-06-25,0,10.333,9.2,695.5
Lab A,1339,TRF,2026-06-25,0,10.5,3.6,700.0
Lab A,1339,TRF,2026-06-25,0,10.667,0.0,701.5
Lab A,1339,TRF,2026-06-25,0,10.833,0.0,701.1
Lab A,1339,TRF,2026-06-25,0,11.0,0.0,701.5
Lab A,1339,TRF,2026-06-25,0,11.167,1.1,698.4
Lab A,1339,TRF,2026-06-25,0,11.333,4.2,688.6
Lab A,1339,TRF,2026-06-25,0,11.5,22.0,628.8
Lab A,1339,TRF,2026-06-25,0,11.667,18.2,670.5
Lab A,1339,TRF,2026-06-25,0,11.833,6.1,665.8
Lab A,1339,TRF,2026-06-25,0,12.0,2.1,673.7
Lab A,1339,TRF,2026-06-25,0,12.167,0.2,681.1
Lab A,1339,TRF,2026-06-25,0,12.333,0.4,680.7
Lab A,1339,TRF,2026-06-25,0,12.5,0.2,681.3
Lab A,1339,TRF,2026-06-25,0,12.667,1.4,682.1
Lab A,1339,TRF,2026-06-25,0,12.833,1.4,683.9
Lab A,1339,TRF,2026-06-25,0,13.0,1.8,681.6
Lab A,1339,TRF,2026-06-25,0,13.167,0.1,679.3
Lab A,1339,TRF,2026-06-25,0,13.333,0.3,679.5
Lab A,1339,TRF,2026-06-25,0,13.5,0.3,678.2
Lab A,1339,TRF,2026-06-25,0,13.667,8.7,687.4
Lab A,1339,TRF,2026-06-25,0,13.833,14.3,686.6
Lab A,1339,TRF,2026-06-25,0,14.0,1.4,683.4
Lab A,1339,TRF,2026-06-25,0,14.167,0.0,685.1
Lab A,1339,TRF,2026-06-25,0,14.333,0.0,683.3
Lab A,1339,TRF,2026-06-25,0,14.5,0.2,686.1
Lab A,1339,TRF,2026-06-25,0,14.667,0.0,685.6
Lab A,1339,TRF,2026-06-25,0,14.833,0.1,686.1
Lab A,1339,TRF,2026-06-25,0,15.0,1.6,684.5
Lab A,1339,TRF,2026-06-25,0,15.167,6.0,688.5
Lab A,1339,TRF,2026-06-25,0,15.333,2.1,694.6
Lab A,1339,TRF,2026-06-25,0,15.5,0.0,693.0
Lab A,1339,TRF,2026-06-25,0,15.667,0.0,694.3
Lab A,1339,TRF,2026-06-25,0,15.833,1.5,693.6
Lab A,1339,TRF,2026-06-25,0,16.0,31.8,692.8
Lab A,1339,TRF,2026-06-25,0,16.167,5.8,700.6
Lab A,1339,TRF,2026-06-25,0,16.333,5.8,698.5
Lab A,1339,TRF,2026-06-25,0,16.5,2.5,694.2
Lab A,1339,TRF,2026-06-25,0,16.667,0.0,695.0
Lab A,1339,TRF,2026-06-25,0,16.833,0.0,694.5
Lab A,1339,TRF,2026-06-25,0,17.0,0.0,555.5
Lab A,1339,TRF,2026-06-25,0,17.167,0.0,0.0
Lab A,1339,TRF,2026-06-25,0,17.333,2.5,0.0
Lab A,1339,TRF,2026-06-25,0,17.5,1.5,0.0
Lab A,1339,TRF,2026-06-25,0,17.667,13.7,0.0
Lab A,1339,TRF,2026-06-25,0,17.833,11.9,0.0
Lab A,1339,TRF,2026-06-25,0,18.0,1.3,0.0
Lab A,1339,TRF,2026-06-25,0,18.167,0.0,0.0
Lab A,1339,TRF,2026-06-25,0,18.333,3.0,0.0
Lab A,1339,TRF,2026-06-25,0,18.5,11.6,0.0
Lab A,1339,TRF,2026-06-25,0,18.667,18.8,0.0
Lab A,1339,TRF,2026-06-25,0,18.833,8.9,0.0
Lab A,1339,TRF,2026-06-25,0,19.0,1.5,0.0
Lab A,1339,TRF,2026-06-25,0,19.167,3.7,0.0
Lab A,1339,TRF,2026-06-25,0,19.333,15.3,0.0
Lab A,1339,TRF,2026-06-25,0,19.5,4.6,0.0
Lab A,1339,TRF,2026-06-25,0,19.667,0.8,0.0
Lab A,1339,TRF,2026-06-25,0,19.833,1.7,0.0
Lab A,1339,TRF,2026-06-25,0,20.0,0.2,0.0
Lab A,1339,TRF,2026-06-25,0,20.167,5.7,0.0
Lab A,1339,TRF,2026-06-25,0,20.333,14.5,0.0
Lab A,1339,TRF,2026-06-25,0,20.5,1.3,0.0
Lab A,1339,TRF,2026-06-25,0,20.667,1.8,0.0
Lab A,1339,TRF,2026-06-25,0,20.833,1.7,0.0
Lab A,1339,TRF,2026-06-25,0,21.0,1.8,0.0
Lab A,1339,TRF,2026-06-25,0,21.167,5.1,0.0
Lab A,1339,TRF,2026-06-25,0,21.333,0.0,0.0
Lab A,1339,TRF,2026-06-25,0,21.5,0.0,0.0
Lab A,1339,TRF,2026-06-25,0,21.667,0.7,0.0
Lab A,1339,TRF,2026-06-25,0,21.833,,0.0
Lab A,1339,TRF,2026-06-25,0,22.0,0.3,0.0
Lab A,1339,TRF,2026-06-25,0,22.167,0.4,0.0
Lab A,1339,TRF,2026-06-25,0,22.333,4.4,0.0
Lab A,1339,TRF,2026-06-25,0,22.5,0.1,0.0
Lab A,1339,TRF,2026-06-25,0,22.667,3.4,0.0
Lab A,1339,TRF,2026-06-25,0,22.833,1.6,0.0
Lab A,1339,TRF,2026-06-25,0,23.0,0.7,0.0
Lab A,1339,TRF,2026-06-25,0,23.167,9.4,0.0
Lab A,1339,TRF,2026-06-25,0,23.333,21.1,0.0
Lab A,1339,TRF,2026-06-25,0,23.5,20.8,0.0
Lab A,1339,TRF,2026-06-25,0,23.667,18.0,0.0
Lab A,1339,TRF,2026-06-25,0,23.833,0.0,0.0
Lab A,1339,TRF,2026-06-26,1,0.0,0.0,0.0
Lab A,1339,TRF,2026-06-26,1,0.167,0.1,0.0
Lab A,1339,TRF,2026-06-26,1,0.333,0.0,0.0
Lab A,1339,TRF,2026-06-26,1,0.5,0.1,0.0
Lab A,1339,TRF,2026-06-26,1,0.667,1.1,0.0
Lab A,1339,TRF,2026-06-26,1,0.833,0.0,0.0
Lab A,1339,TRF,2026-06-26,1,1.0,0.3,0.0
Lab A,1339,TRF,2026-06-26,1,1.167,1.5,0.0
Lab A,1339,TRF,2026-06-26,1,1.333,2.6,0.0
Lab A,1339,TRF,2026-06-26,1,1.5,5.5,0.0
Lab A,1339,TRF,2026-06-26,1,1.667,0.0,0.0
Lab A,1339,TRF,2026-06-26,1,1.833,0.2,0.0
Lab A,1339,TRF,2026-06-26,1,2.0,2.4,0.0
Lab A,1339,TRF,2026-06-26,1,2.167,9.0,0.0
Lab A,1339,TRF,2026-06-26,1,2.333,18.9,0.0
Lab A,1339,TRF,2026-06-26,1,2.5,10.4,0.0
Lab A,1339,TRF,2026-06-26,1,2.667,0.3,0.0
Lab A,1339,TRF,2026-06-26,1,2.833,0.0,0.0
Lab A,1339,TRF,2026-06-26,1,3.0,0.0,0.0
Lab A,1339,TRF,2026-06-26,1,3.167,0.1,0.0
Lab A,1339,TRF,2026-06-26,1,3.333,0.0,0.0
Lab A,1339,TRF,2026-06-26,1,3.5,1.0,0.0
Lab A,1339,TRF,2026-06-26,1,3.667,2.8,0.0
Lab A,1339,TRF,2026-06-26,1,3.833,0.4,0.0
Lab A,1339,TRF,2026-06-26,1,4.0,0.1,0.0
Lab A,1339,TRF,2026-06-26,1,4.167,1.6,0.0
Lab A,1339,TRF,2026-06-26,1,4.333,0.4,0.0
Lab A,1339,TRF,2026-06-26,1,4.5,8.9,0.0
Lab A,1339,TRF,2026-06-26,1,4.667,0.0,0.0
Lab A,1339,TRF,2026-06-26,1,4.833,6.1,0.0
Lab A,1339,TRF,2026-06-26,1,5.0,0.2,0.0
Lab A,1339,TRF,2026-06-26,1,5.167,0.0,636.1
Lab A,1339,TRF,2026-06-26,1,5.333,0.0,701.7
Lab A,1339,TRF,2026-06-26,1,5.5,0.0,701.0
Lab A,1339,TRF,2026-06-26,1,5.667,0.0,700.6
Lab A,1339,TRF,2026-06-26,1,5.833,0.0,700.3
Lab A,1339,TRF,2026-06-26,1,6.0,2.0,699.5
Lab A,1339,TRF,2026-06-26,1,6.167,0.0,699.1
Lab A,1339,TRF,2026-06-26,1,6.333,0.0,699.3
Lab A,1339,TRF,2026-06-26,1,6.5,0.0,699.9
Lab A,1339,TRF,2026-06-26,1,6.667,0.0,699.3
Lab A,1339,TRF,2026-06-26,1,6.833,0.0,698.8
Lab A,1339,TRF,2026-06-26,1,7.0,0.0,699.2
Lab A,1339,TRF,2026-06-26,1,7.167,5.8,695.1
Lab A,1339,TRF,2026-06-26,1,7.333,0.0,699.4
Lab A,1339,TRF,2026-06-26,1,7.5,0.0,700.1
Lab A,1339,TRF,2026-06-26,1,7.667,0.0,699.3
Lab A,1339,TRF,2026-06-26,1,7.833,0.0,699.0
Lab A,1339,TRF,2026-06-26,1,8.0,0.0,698.5
Lab A,1339,TRF,2026-06-26,1,8.167,9.2,696.7
Lab A,1339,TRF,2026-06-26,1,8.333,0.4,697.6
Lab A,1339,TRF,2026-06-26,1,8.5,0.0,698.0
Lab A,1339,TRF,2026-06-26,1,8.667,0.0,698.4
Lab A,1339,TRF,2026-06-26,1,8.833,0.0,698.1
Lab A,1339,TRF,2026-06-26,1,9.0,0.0,698.1
Lab A,1339,TRF,2026-06-26,1,9.167,0.2,697.6
Lab A,1339,TRF,2026-06-26,1,9.333,0.0,697.4
Lab A,1339,TRF,2026-06-26,1,9.5,0.0,697.6
Lab A,1339,TRF,2026-06-26,1,9.667,0.0,699.0
Lab A,1339,TRF,2026-06-26,1,9.833,0.0,697.8
Lab A,1339,TRF,2026-06-26,1,10.0,1.9,696.6
Lab A,1339,TRF,2026-06-26,1,10.167,16.6,689.6
Lab A,1339,TRF,2026-06-26,1,10.333,30.9,671.4
Lab A,1339,TRF,2026-06-26,1,10.5,15.9,699.2
Lab A,1339,TRF,2026-06-26,1,10.667,0.0,709.9
Lab A,1339,TRF,2026-06-26,1,10.833,0.0,709.1
Lab A,1339,TRF,2026-06-26,1,11.0,0.0,709.0
Lab A,1339,TRF,2026-06-26,1,11.167,0.0,709.2
Lab A,1339,TRF,2026-06-26,1,11.333,0.0,709.7
Lab A,1339,TRF,2026-06-26,1,11.5,0.0,709.1
Lab A,1339,TRF,2026-06-26,1,11.667,0.0,708.6
Lab A,1339,TRF,2026-06-26,1,11.833,0.0,708.9
Lab A,1339,TRF,2026-06-26,1,12.0,0.0,708.6
Lab A,1339,TRF,2026-06-26,1,12.167,0.0,708.0
Lab A,1339,TRF,2026-06-26,1,12.333,0.0,708.9
Lab A,1339,TRF,2026-06-26,1,12.5,0.0,708.8
Lab A,1339,TRF,2026-06-26,1,12.667,0.0,708.6
Lab A,1339,TRF,2026-06-26,1,12.833,3.3,707.5
Lab A,1339,TRF,2026-06-26,1,13.0,0.0,707.8
Lab A,1339,TRF,2026-06-26,1,13.167,0.0,708.8
Lab A,1339,TRF,2026-06-26,1,13.333,0.0,708.2
Lab A,1339,TRF,2026-06-26,1,13.5,0.0,708.1
Lab A,1339,TRF,2026-06-26,1,13.667,0.0,708.0
Lab A,1339,TRF,2026-06-26,1,13.833,0.0,707.9
Lab A,1339,TRF,2026-06-26,1,14.0,0.0,707.7
Lab A,1339,TRF,2026-06-26,1,14.167,1.0,708.0
Lab A,1339,TRF,2026-06-26,1,14.333,0.0,707.9
Lab A,1339,TRF,2026-06-26,1,14.5,0.0,708.5
Lab A,1339,TRF,2026-06-26,1,14.667,3.0,707.4
Lab A,1339,TRF,2026-06-26,1,14.833,0.0,707.5
Lab A,1339,TRF,2026-06-26,1,15.0,0.2,707.5
Lab A,1339,TRF,2026-06-26,1,15.167,0.0,708.1
Lab A,1339,TRF,2026-06-26,1,15.333,0.0,707.3
Lab A,1339,TRF,2026-06-26,1,15.5,2.8,708.1
Lab A,1339,TRF,2026-06-26,1,15.667,5.5,709.7
Lab A,1339,TRF,2026-06-26,1,15.833,6.6,707.5
Lab A,1339,TRF,2026-06-26,1,16.0,5.3,708.7
Lab A,1339,TRF,2026-06-26,1,16.167,0.0,708.9
Lab A,1339,TRF,2026-06-26,1,16.333,0.0,707.9
Lab A,1339,TRF,2026-06-26,1,16.5,0.0,708.8
Lab A,1339,TRF,2026-06-26,1,16.667,0.0,708.5
Lab A,1339,TRF,2026-06-26,1,16.833,0.0,707.4
Lab A,1339,TRF,2026-06-26,1,17.0,0.0,566.9
Lab A,1339,TRF,2026-06-26,1,17.167,0.1,0.0
Lab A,1339,TRF,2026-06-26,1,17.333,0.0,0.0
Lab A,1339,TRF,2026-06-26,1,17.5,8.7,0.0
Lab A,1339,TRF,2026-06-26,1,17.667,1.9,0.0
Lab A,1339,TRF,2026-06-26,1,17.833,0.0,0.0
Lab A,1339,TRF,2026-06-26,1,18.0,6.2,0.0
Lab A,1339,TRF,2026-06-26,1,18.167,16.2,0.0
Lab A,1339,TRF,2026-06-26,1,18.333,9.5,0.0
Lab A,1339,TRF,2026-06-26,1,18.5,11.6,0.0
Lab A,1339,TRF,2026-06-26,1,18.667,14.1,0.0
Lab A,1339,TRF,2026-06-26,1,18.833,13.4,0.0
Lab A,1339,TRF,2026-06-26,1,19.0,8.3,0.0
Lab A,1339,TRF,2026-06-26,1,19.167,1.8,0.0
Lab A,1339,TRF,2026-06-26,1,19.333,13.3,0.0
Lab A,1339,TRF,2026-06-26,1,19.5,0.5,0.0
Lab A,1339,TRF,2026-06-26,1,19.667,0.0,0.0
Lab A,1339,TRF,2026-06-26,1,19.833,1.1,0.0
Lab A,1339,TRF,2026-06-26,1,20.0,2.0,0.0
Lab A,1339,TRF,2026-06-26,1,20.167,1.3,0.0
Lab A,1339,TRF,2026-06-26,1,20.333,1.1,0.0
Lab A,1339,TRF,2026-06-26,1,20.5,4.2,0.0
Lab A,1339,TRF,2026-06-26,1,20.667,0.3,0.0
Lab A,1339,TRF,2026-06-26,1,20.833,2.3,0.0
Lab A,1339,TRF,2026-06-26,1,21.0,4.2,0.0
Lab A,1339,TRF,2026-06-26,1,21.167,1.4,0.0
Lab A,1339,TRF,2026-06-26,1,21.333,0.0,0.0
Lab A,1339,TRF,2026-06-26,1,21.5,1.7,0.0
Lab A,1339,TRF,2026-06-26,1,21.667,12.0,0.0
Lab A,1339,TRF,2026-06-26,1,21.833,28.5,0.0
Lab A,1339,TRF,2026-06-26,1,22.0,13.3,0.0
Lab A,1339,TRF,2026-06-26,1,22.167,0.9,0.0
Lab A,1339,TRF,2026-06-26,1,22.333,0.0,0.0
Lab A,1339,TRF,2026-06-26,1,22.5,2.1,0.0
Lab A,1339,TRF,2026-06-26,1,22.667,0.0,0.0
Lab A,1339,TRF,2026-06-26,1,22.833,0.0,0.0
Lab A,1339,TRF,2026-06-26,1,23.0,0.5,0.0
Lab A,1339,TRF,2026-06-26,1,23.167,7.0,0.0
Lab A,1339,TRF,2026-06-26,1,23.333,16.8,0.0
Lab A,1339,TRF,2026-06-26,1,23.5,1.0,0.0
Lab A,1339,TRF,2026-06-26,1,23.667,0.0,0.0
Lab A,1339,TRF,2026-06-26,1,23.833,0.0,0.0
Lab A,1339,TRF,2026-06-27,2,0.0,0.1,0.0
Lab A,1339,TRF,2026-06-27,2,0.167,15.8,0.0
Lab A,1339,TRF,2026-06-27,2,0.333,17.1,0.0
Lab A,1339,TRF,2026-06-27,2,0.5,1.2,0.0
Lab A,1339,TRF,2026-06-27,2,0.667,0.0,0.0
Lab A,1339,TRF,2026-06-27,2,0.833,0.0,0.0
Lab A,1339,TRF,2026-06-27,2,1.0,0.0,0.0
Lab A,1339,TRF,2026-06-27,2,1.167,0.0,0.0
Lab A,1339,TRF,2026-06-27,2,1.333,4.2,0.0
Lab A,1339,TRF,2026-06-27,2,1.5,7.5,0.0
Lab A,1339,TRF,2026-06-27,2,1.667,18.2,0.0
Lab A,1339,TRF,2026-06-27,2,1.833,25.6,0.0
Lab A,1339,TRF,2026-06-27,2,2.0,19.3,0.0
Lab A,1339,TRF,2026-06-27,2,2.167,3.4,0.0
Lab A,1339,TRF,2026-06-27,2,2.333,0.0,0.0
Lab A,1339,TRF,2026-06-27,2,2.5,0.0,0.0
Lab A,1339,TRF,2026-06-27,2,2.667,0.0,0.0
Lab A,1339,TRF,2026-06-27,2,2.833,0.0,0.0
Lab A,1339,TRF,2026-06-27,2,3.0,0.0,0.0
Lab A,1339,TRF,2026-06-27,2,3.167,12.7,0.0
Lab A,1339,TRF,2026-06-27,2,3.333,,
Lab A,1339,TRF,2026-06-27,2,3.5,0.0,0.0
Lab A,1339,TRF,2026-06-27,2,3.667,0.0,0.0
Lab A,1339,TRF,2026-06-27,2,3.833,0.0,0.0
Lab A,1339,TRF,2026-06-27,2,4.0,0.0,0.0
Lab A,1339,TRF,2026-06-27,2,4.167,0.3,0.0
Lab A,1339,TRF,2026-06-27,2,4.333,1.0,0.0
Lab A,1339,TRF,2026-06-27,2,4.5,0.0,0.0
Lab A,1339,TRF,2026-06-27,2,4.667,0.0,0.0
Lab A,1339,TRF,2026-06-27,2,4.833,0.3,0.0
Lab A,1339,TRF,2026-06-27,2,5.0,0.1,0.0
Lab A,1339,TRF,2026-06-27,2,5.167,0.0,644.1
Lab A,1339,TRF,2026-06-27,2,5.333,0.0,710.2
Lab A,1339,TRF,2026-06-27,2,5.5,0.0,710.1
Lab A,1339,TRF,2026-06-27,2,5.667,0.0,710.2
Lab A,1339,TRF,2026-06-27,2,5.833,0.0,709.8
Lab A,1339,TRF,2026-06-27,2,6.0,3.5,706.1
Lab A,1339,TRF,2026-06-27,2,6.167,1.7,712.4
Lab A,1339,TRF,2026-06-27,2,6.333,0.0,712.5
Lab A,1339,TRF,2026-06-27,2,6.5,0.0,711.7
Lab A,1339,TRF,2026-06-27,2,6.667,0.0,712.1
Lab A,1339,TRF,2026-06-27,2,6.833,0.1,708.7
Lab A,1339,TRF,2026-06-27,2,7.0,0.0,710.2
Lab A,1339,TRF,2026-06-27,2,7.167,0.0,709.4
Lab A,1339,TRF,2026-06-27,2,7.333,0.0,709.6
Lab A,1339,TRF,2026-06-27,2,7.5,0.0,709.5
Lab A,1339,TRF,2026-06-27,2,7.667,0.0,708.9
Lab A,1339,TRF,2026-06-27,2,7.833,0.0,709.2
Lab A,1339,TRF,2026-06-27,2,8.0,0.0,709.3
Lab A,1339,TRF,2026-06-27,2,8.167,0.0,708.5
Lab A,1339,TRF,2026-06-27,2,8.333,0.0,709.5
Lab A,1339,TRF,2026-06-27,2,8.5,0.0,708.9
Lab A,1339,TRF,2026-06-27,2,8.667,0.0,708.1
Lab A,1339,TRF,2026-06-27,2,8.833,0.0,708.4
Lab A,1339,TRF,2026-06-27,2,9.0,0.0,707.9
Lab A,1339,TRF,2026-06-27,2,9.167,0.0,709.1
Lab A,1339,TRF,2026-06-27,2,9.333,0.0,709.1
Lab A,1339,TRF,2026-06-27,2,9.5,1.9,709.2
Lab A,1339,TRF,2026-06-27,2,9.667,0.0,710.4
Lab A,1339,TRF,2026-06-27,2,9.833,0.0,710.7
Lab A,1339,TRF,2026-06-27,2,10.0,0.0,709.5
Lab A,1339,TRF,2026-06-27,2,10.167,0.0,709.4
Lab A,1339,TRF,2026-06-27,2,10.333,0.0,709.5
Lab A,1339,TRF,2026-06-27,2,10.5,0.0,708.8
Lab A,1339,TRF,2026-06-27,2,10.667,0.0,709.2
Lab A,1339,TRF,2026-06-27,2,10.833,0.0,709.4
Lab A,1339,TRF,2026-06-27,2,11.0,0.0,708.8
Lab A,1339,TRF,2026-06-27,2,11.167,0.0,709.3
Lab A,1339,TRF,2026-06-27,2,11.333,1.7,709.5
Lab A,1339,TRF,2026-06-27,2,11.5,3.4,695.2
Lab A,1339,TRF,2026-06-27,2,11.667,20.2,679.7
Lab A,1339,TRF,2026-06-27,2,11.833,14.5,690.8
Lab A,1339,TRF,2026-06-27,2,12.0,11.1,691.7
Lab A,1339,TRF,2026-06-27,2,12.167,0.0,699.1
Lab A,1339,TRF,2026-06-27,2,12.333,0.0,698.6
Lab A,1339,TRF,2026-06-27,2,12.5,0.0,698.6
Lab A,1339,TRF,2026-06-27,2,12.667,0.0,698.8
Lab A,1339,TRF,2026-06-27,2,12.833,0.0,697.8
Lab A,1339,TRF,2026-06-27,2,13.0,0.0,698.7
Lab A,1339,TRF,2026-06-27,2,13.167,0.0,698.2
Lab A,1339,TRF,2026-06-27,2,13.333,0.0,697.4
Lab A,1339,TRF,2026-06-27,2,13.5,0.0,697.4
Lab A,1339,TRF,2026-06-27,2,13.667,0.0,698.7
Lab A,1339,TRF,2026-06-27,2,13.833,0.0,698.8
Lab A,1339,TRF,2026-06-27,2,14.0,0.0,698.3
Lab A,1339,TRF,2026-06-27,2,14.167,0.0,698.1
Lab A,1339,TRF,2026-06-27,2,14.333,1.9,699.3
Lab A,1339,TRF,2026-06-27,2,14.5,8.6,698.2
Lab A,1339,TRF,2026-06-27,2,14.667,10.0,700.7
Lab A,1339,TRF,2026-06-27,2,14.833,0.0,702.3
Lab A,1339,TRF,2026-06-27,2,15.0,0.0,701.3
Lab A,1339,TRF,2026-06-27,2,15.167,0.0,702.2
Lab A,1339,TRF,2026-06-27,2,15.333,0.0,702.1
Lab A,1339,TRF,2026-06-27,2,15.5,0.0,701.9
Lab A,1339,TRF,2026-06-27,2,15.667,0.1,702.0
Lab A,1339,TRF,2026-06-27,2,15.833,0.1,702.0
Lab A,1339,TRF,2026-06-27,2,16.0,0.3,701.9
Lab A,1339,TRF,2026-06-27,2,16.167,2.2,700.9
Lab A,1339,TRF,2026-06-27,2,16.333,0.0,700.4
Lab A,1339,TRF,2026-06-27,2,16.5,0.0,700.7
Lab A,1339,TRF,2026-06-27,2,16.667,2.7,701.8
Lab A,1339,TRF,2026-06-27,2,16.833,0.0,701.1
Lab A,1339,TRF,2026-06-27,2,17.0,0.0,560.3
Lab A,1339,TRF,2026-06-27,2,17.167,4.5,0.0
Lab A,1339,TRF,2026-06-27,2,17.333,0.3,0.0
Lab A,1339,TRF,2026-06-27,2,17.5,3.5,0.0
Lab A,1339,TRF,2026-06-27,2,17.667,13.6,0.0
Lab A,1339,TRF,2026-06-27,2,17.833,24.3,0.0
Lab A,1339,TRF,2026-06-27,2,18.0,8.7,0.0
Lab A,1339,TRF,2026-06-27,2,18.167,10.8,0.0
Lab A,1339,TRF,2026-06-27,2,18.333,8.4,0.0
Lab A,1339,TRF,2026-06-27,2,18.5,3.0,0.0
Lab A,1339,TRF,2026-06-27,2,18.667,10.9,0.0
Lab A,1339,TRF,2026-06-27,2,18.833,8.2,0.0
Lab A,1339,TRF,2026-06-27,2,19.0,8.3,0.0
Lab A,1339,TRF,2026-06-27,2,19.167,7.2,0.0
Lab A,1339,TRF,2026-06-27,2,19.333,5.7,0.0
Lab A,1339,TRF,2026-06-27,2,19.5,2.2,0.0
Lab A,1339,TRF,2026-06-27,2,19.667,0.4,0.0
Lab A,1339,TRF,2026-06-27,2,19.833,3.6,0.0
Lab A,1339,TRF,2026-06-27,2,20.0,3.3,0.0
Lab A,1339,TRF,2026-06-27,2,20.167,0.0,0.0
Lab A,1339,TRF,2026-06-27,2,20.333,2.4,0.0
Lab A,1339,TRF,2026-06-27,2,20.5,4.4,0.0
Lab A,1339,TRF,2026-06-27,2,20.667,2.9,0.0
Lab A,1339,TRF,2026-06-27,2,20.833,2.9,0.0
Lab A,1339,TRF,2026-06-27,2,21.0,0.1,0.0
Lab A,1339,TRF,2026-06-27,2,21.167,8.0,0.0
Lab A,1339,TRF,2026-06-27,2,21.333,54.8,0.0
Lab A,1339,TRF,2026-06-27,2,21.5,21.2,0.0
Lab A,1339,TRF,2026-06-27,2,21.667,24.0,0.0
Lab A,1339,TRF,2026-06-27,2,21.833,15.5,0.0
Lab A,1339,TRF,2026-06-27,2,22.0,0.3,0.0
Lab A,1339,TRF,2026-06-27,2,22.167,0.0,0.0
Lab A,1339,TRF,2026-06-27,2,22.333,0.0,0.0
Lab A,1339,TRF,2026-06-27,2,22.5,3.7,0.0
Lab A,1339,TRF,2026-06-27,2,22.667,1.8,0.0
Lab A,1339,TRF,2026-06-27,2,22.833,2.5,0.0
Lab A,1339,TRF,2026-06-27,2,23.0,0.3,0.0
Lab A,1339,TRF,2026-06-27,2,23.167,2.0,0.0
Lab A,1339,TRF,2026-06-27,2,23.333,8.1,0.0
Lab A,1339,TRF,2026-06-27,2,23.5,21.1,0.0
Lab A,1339,TRF,2026-06-27,2,23.667,19.8,0.0
Lab A,1339,TRF,2026-06-27,2,23.833,0.1,0.0
Lab A,1339,TRF,2026-06-28,3,0.0,0.0,0.0
Lab A,1339,TRF,2026-06-28,3,0.167,0.0,0.0
Lab A,1339,TRF,2026-06-28,3,0.333,1.3,0.0
Lab A,1339,TRF,2026-06-28,3,0.5,2.7,0.0
Lab A,1339,TRF,2026-06-28,3,0.667,0.1,0.0
Lab A,1339,TRF,2026-06-28,3,0.833,1.0,0.0
Lab A,1339,TRF,2026-06-28,3,1.0,0.0,0.0
Lab A,1339,TRF,2026-06-28,3,1.167,2.8,0.0
Lab A,1339,TRF,2026-06-28,3,1.333,1.4,0.0
Lab A,1339,TRF,2026-06-28,3,1.5,0.0,0.0
Lab A,1339,TRF,2026-06-28,3,1.667,0.0,0.0
Lab A,1339,TRF,2026-06-28,3,1.833,1.4,0.0
Lab A,1339,TRF,2026-06-28,3,2.0,6.8,0.0
Lab A,1339,TRF,2026-06-28,3,2.167,0.0,0.0
Lab A,1339,TRF,2026-06-28,3,2.333,0.1,0.0
Lab A,1339,TRF,2026-06-28,3,2.5,0.0,0.0
Lab A,1339,TRF,2026-06-28,3,2.667,2.2,0.0
Lab A,1339,TRF,2026-06-28,3,2.833,15.5,0.0
Lab A,1339,TRF,2026-06-28,3,3.0,53.6,0.0
Lab A,1339,TRF,2026-06-28,3,3.167,7.0,0.0
Lab A,1339,TRF,2026-06-28,3,3.333,0.0,0.0
Lab A,1339,TRF,2026-06-28,3,3.5,0.0,0.0
Lab A,1339,TRF,2026-06-28,3,3.667,0.1,0.0
Lab A,1339,TRF,2026-06-28,3,3.833,0.3,0.0
Lab A,1339,TRF,2026-06-28,3,4.0,3.2,0.0
Lab A,1339,TRF,2026-06-28,3,4.167,11.0,0.0
Lab A,1339,TRF,2026-06-28,3,4.333,0.0,0.0
Lab A,1339,TRF,2026-06-28,3,4.5,0.0,0.0
Lab A,1339,TRF,2026-06-28,3,4.667,0.0,0.0
Lab A,1339,TRF,2026-06-28,3,4.833,0.0,0.0
Lab A,1339,TRF,2026-06-28,3,5.0,0.0,0.0
Lab A,1339,TRF,2026-06-28,3,5.167,0.0,639.9
Lab A,1339,TRF,2026-06-28,3,5.333,0.1,705.9
Lab A,1339,TRF,2026-06-28,3,5.5,,705.6
Lab A,1339,TRF,2026-06-28,3,5.667,0.2,704.9
Lab A,1339,TRF,2026-06-28,3,5.833,0.8,704.3
Lab A,1339,TRF,2026-06-28,3,6.0,4.0,705.5
Lab A,1339,TRF,2026-06-28,3,6.167,0.0,704.3
Lab A,1339,TRF,2026-06-28,3,6.333,0.0,704.3
Lab A,1339,TRF,2026-06-28,3,6.5,0.0,704.3
Lab A,1339,TRF,2026-06-28,3,6.667,0.0,705.4
Lab A,1339,TRF,2026-06-28,3,6.833,1.3,694.3
Lab A,1339,TRF,2026-06-28,3,7.0,1.8,701.9
Lab A,1339,TRF,2026-06-28,3,7.167,0.2,704.2
Lab A,1339,TRF,2026-06-28,3,7.333,4.8,704.7
Lab A,1339,TRF,2026-06-28,3,7.5,5.3,699.6
Lab A,1339,TRF,2026-06-28,3,7.667,0.0,700.9
Lab A,1339,TRF,2026-06-28,3,7.833,0.0,702.4
Lab A,1339,TRF,2026-06-28,3,8.0,0.0,701.5
Lab A,1339,TRF,2026-06-28,3,8.167,0.0,701.2
Lab A,1339,TRF,2026-06-28,3,8.333,0.0,702.0
Lab A,1339,TRF,2026-06-28,3,8.5,0.0,701.6
Lab A,1339,TRF,2026-06-28,3,8.667,0.0,701.0
Lab A,1339,TRF,2026-06-28,3,8.833,2.1,700.0
Lab A,1339,TRF,2026-06-28,3,9.0,0.0,701.1
Lab A,1339,TRF,2026-06-28,3,9.167,0.0,701.5
Lab A,1339,TRF,2026-06-28,3,9.333,0.0,701.6
Lab A,1339,TRF,2026-06-28,3,9.5,0.0,701.5
Lab A,1339,TRF,2026-06-28,3,9.667,0.0,701.3
Lab A,1339,TRF,2026-06-28,3,9.833,3.1,701.8
Lab A,1339,TRF,2026-06-28,3,10.0,0.6,701.1
Lab A,1339,TRF,2026-06-28,3,10.167,0.0,701.5
Lab A,1339,TRF,2026-06-28,3,10.333,0.0,701.2
Lab A,1339,TRF,2026-06-28,3,10.5,0.0,701.1
Lab A,1339,TRF,2026-06-28,3,10.667,0.1,700.5
Lab A,1339,TRF,2026-06-28,3,10.833,0.0,700.8
Lab A,1339,TRF,2026-06-28,3,11.0,0.0,700.6
Lab A,1339,TRF,2026-06-28,3,11.167,0.0,700.5
Lab A,1339,TRF,2026-06-28,3,11.333,2.8,699.0
Lab A,1339,TRF,2026-06-28,3,11.5,0.0,700.2
Lab A,1339,TRF,2026-06-28,3,11.667,0.0,699.3
Lab A,1339,TRF,2026-06-28,3,11.833,0.0,699.9
Lab A,1339,TRF,2026-06-28,3,12.0,0.0,699.1
Lab A,1339,TRF,2026-06-28,3,12.167,0.1,699.6
Lab A,1339,TRF,2026-06-28,3,12.333,0.2,700.5
Lab A,1339,TRF,2026-06-28,3,12.5,2.8,703.4
Lab A,1339,TRF,2026-06-28,3,12.667,9.8,678.8
Lab A,1339,TRF,2026-06-28,3,12.833,17.5,684.2
Lab A,1339,TRF,2026-06-28,3,13.0,7.8,695.8
Lab A,1339,TRF,2026-06-28,3,13.167,0.0,701.5
Lab A,1339,TRF,2026-06-28,3,13.333,0.0,700.7
Lab A,1339,TRF,2026-06-28,3,13.5,0.0,700.8
Lab A,1339,TRF,2026-06-28,3,13.667,0.0,700.8
Lab A,1339,TRF,2026-06-28,3,13.833,0.0,700.3
Lab A,1339,TRF,2026-06-28,3,14.0,1.3,701.0
Lab A,1339,TRF,2026-06-28,3,14.167,0.0,701.2
Lab A,1339,TRF,2026-06-28,3,14.333,0.0,702.0
Lab A,1339,TRF,2026-06-28,3,14.5,0.0,701.9
Lab A,1339,TRF,2026-06-28,3,14.667,0.0,702.2
Lab A,1339,TRF,2026-06-28,3,14.833,0.1,701.5
Lab A,1339,TRF,2026-06-28,3,15.0,0.0,701.2
Lab A,1339,TRF,2026-06-28,3,15.167,0.0,700.6
Lab A,1339,TRF,2026-06-28,3,15.333,1.7,700.5
Lab A,1339,TRF,2026-06-28,3,15.5,4.8,703.5
Lab A,1339,TRF,2026-06-28,3,15.667,10.6,696.7
Lab A,1339,TRF,2026-06-28,3,15.833,5.1,705.1
Lab A,1339,TRF,2026-06-28,3,16.0,0.0,706.4
Lab A,1339,TRF,2026-06-28,3,16.167,0.0,705.9
Lab A,1339,TRF,2026-06-28,3,16.333,0.0,705.6
Lab A,1339,TRF,2026-06-28,3,16.5,0.0,706.2
Lab A,1339,TRF,2026-06-28,3,16.667,0.0,705.5
Lab A,1339,TRF,2026-06-28,3,16.833,0.0,705.3
Lab A,1339,TRF,2026-06-28,3,17.0,0.0,563.5
Lab A,1339,TRF,2026-06-28,3,17.167,0.0,0.0
Lab A,1339,TRF,2026-06-28,3,17.333,5.9,0.0
Lab A,1339,TRF,2026-06-28,3,17.5,0.0,0.0
Lab A,1339,TRF,2026-06-28,3,17.667,0.4,0.0
Lab A,1339,TRF,2026-06-28,3,17.833,3.6,0.0
Lab A,1339,TRF,2026-06-28,3,18.0,2.8,0.0
Lab A,1339,TRF,2026-06-28,3,18.167,11.1,0.0
Lab A,1339,TRF,2026-06-28,3,18.333,4.2,0.0
Lab A,1339,TRF,2026-06-28,3,18.5,9.0,0.0
Lab A,1339,TRF,2026-06-28,3,18.667,2.1,0.0
Lab A,1339,TRF,2026-06-28,3,18.833,2.1,0.0
Lab A,1339,TRF,2026-06-28,3,19.0,10.2,0.0
Lab A,1339,TRF,2026-06-28,3,19.167,3.4,0.0
Lab A,1339,TRF,2026-06-28,3,19.333,11.2,0.0
Lab A,1339,TRF,2026-06-28,3,19.5,0.0,0.0
Lab A,1339,TRF,2026-06-28,3,19.667,0.4,0.0
Lab A,1339,TRF,2026-06-28,3,19.833,1.1,0.0
Lab A,1339,TRF,2026-06-28,3,20.0,0.8,0.0
Lab A,1339,TRF,2026-06-28,3,20.167,3.9,0.0
Lab A,1339,TRF,2026-06-28,3,20.333,5.0,0.0
Lab A,1339,TRF,2026-06-28,3,20.5,0.9,0.0
Lab A,1339,TRF,2026-06-28,3,20.667,0.5,0.0
Lab A,1339,TRF,2026-06-28,3,20.833,1.7,0.0
Lab A,1339,TRF,2026-06-28,3,21.0,3.3,0.0
Lab A,1339,TRF,2026-06-28,3,21.167,0.5,0.0
Lab A,1339,TRF,2026-06-28,3,21.333,0.5,0.0
Lab A,1339,TRF,2026-06-28,3,21.5,7.8,0.0
Lab A,1339,TRF,2026-06-28,3,21.667,2.5,0.0
Lab A,1339,TRF,2026-06-28,3,21.833,0.0,0.0
Lab A,1339,TRF,2026-06-28,3,22.0,2.7,0.0
Lab A,1339,TRF,2026-06-28,3,22.167,4.4,0.0
Lab A,1339,TRF,2026-06-28,3,22.333,1.2,0.0
Lab A,1339,TRF,2026-06-28,3,22.5,2.9,0.0
Lab A,1339,TRF,2026-06-28,3,22.667,3.3,0.0
Lab A,1339,TRF,2026-06-28,3,22.833,0.3,0.0
Lab A,1339,TRF,2026-06-28,3,23.0,3.7,0.0
Lab A,1339,TRF,2026-06-28,3,23.167,7.3,0.0
Lab A,1339,TRF,2026-06-28,3,23.333,3.3,0.0
Lab A,1339,TRF,2026-06-28,3,23.5,10.4,0.0
Lab A,1339,TRF,2026-06-28,3,23.667,8.9,0.0
Lab A,1339,TRF,2026-06-28,3,23.833,9.9,0.0
Lab A,1339,TRF,2026-06-29,4,0.0,0.0,0.0
Lab A,1339,TRF,2026-06-29,4,0.167,0.0,0.0
Lab A,1339,TRF,2026-06-29,4,0.333,0.3,0.0
Lab A,1339,TRF,2026-06-29,4,0.5,0.0,0.0
Lab A,1339,TRF,2026-06-29,4,0.667,0.1,0.0
Lab A,1339,TRF,2026-06-29,4,0.833,3.0,0.0
Lab A,1339,TRF,2026-06-29,4,1.0,1.1,0.0
Lab A,1339,TRF,2026-06-29,4,1.167,0.0,0.0
Lab A,1339,TRF,2026-06-29,4,1.333,0.1,0.0
Lab A,1339,TRF,2026-06-29,4,1.5,5.3,0.0
Lab A,1339,TRF,2026-06-29,4,1.667,0.0,0.0
Lab A,1339,TRF,2026-06-29,4,1.833,0.2,0.0
Lab A,1339,TRF,2026-06-29,4,2.0,4.3,0.0
Lab A,1339,TRF,2026-06-29,4,2.167,0.0,0.0
Lab A,1339,TRF,2026-06-29,4,2.333,0.6,0.0
Lab A,1339,TRF,2026-06-29,4,2.5,5.4,0.0
Lab A,1339,TRF,2026-06-29,4,2.667,0.3,0.0
Lab A,1339,TRF,2026-06-29,4,2.833,0.2,0.0
Lab A,1339,TRF,2026-06-29,4,3.0,0.5,0.0
Lab A,1339,TRF,2026-06-29,4,3.167,11.1,0.0
Lab A,1339,TRF,2026-06-29,4,3.333,13.0,0.0
Lab A,1339,TRF,2026-06-29,4,3.5,3.0,0.0
Lab A,1339,TRF,2026-06-29,4,3.667,0.1,0.0
Lab A,1339,TRF,2026-06-29,4,3.833,0.1,0.0
Lab A,1339,TRF,2026-06-29,4,4.0,0.1,0.0
Lab A,1339,TRF,2026-06-29,4,4.167,3.1,0.0
Lab A,1339,TRF,2026-06-29,4,4.333,11.5,0.0
Lab A,1339,TRF,2026-06-29,4,4.5,14.8,0.0
Lab A,1339,TRF,2026-06-29,4,4.667,19.8,0.0
Lab A,1339,TRF,2026-06-29,4,4.833,7.0,0.0
Lab A,1339,TRF,2026-06-29,4,5.0,0.0,0.0
Lab A,1339,TRF,2026-06-29,4,5.167,0.0,642.5
Lab A,1339,TRF,2026-06-29,4,5.333,0.0,709.0
Lab A,1339,TRF,2026-06-29,4,5.5,0.0,707.7
Lab A,1339,TRF,2026-06-29,4,5.667,0.0,707.5
Lab A,1339,TRF,2026-06-29,4,5.833,3.8,705.6
Lab A,1339,TRF,2026-06-29,4,6.0,2.8,708.5
Lab A,1339,TRF,2026-06-29,4,6.167,8.1,709.2
Lab A,1339,TRF,2026-06-29,4,6.333,0.0,708.6
Lab A,1339,TRF,2026-06-29,4,6.5,0.0,709.8
Lab A,1339,TRF,2026-06-29,4,6.667,1.0,709.6
Lab A,1339,TRF,2026-06-29,4,6.833,0.0,709.1
Lab A,1339,TRF,2026-06-29,4,7.0,0.0,708.1
Lab A,1339,TRF,2026-06-29,4,7.167,0.0,708.1
Lab A,1339,TRF,2026-06-29,4,7.333,0.0,707.9
Lab A,1339,TRF,2026-06-29,4,7.5,0.0,707.7
Lab A,1339,TRF,2026-06-29,4,7.667,0.0,708.3
Lab A,1339,TRF,2026-06-29,4,7.833,0.1,708.2
Lab A,1339,TRF,2026-06-29,4,8.0,0.1,707.2
Lab A,1339,TRF,2026-06-29,4,8.167,2.5,706.9
Lab A,1339,TRF,2026-06-29,4,8.333,0.0,706.5
Lab A,1339,TRF,2026-06-29,4,8.5,0.0,706.7
Lab A,1339,TRF,2026-06-29,4,8.667,0.0,706.1
Lab A,1339,TRF,2026-06-29,4,8.833,0.0,706.6
Lab A,1339,TRF,2026-06-29,4,9.0,0.9,706.0
Lab A,1339,TRF,2026-06-29,4,9.167,0.0,705.4
Lab A,1339,TRF,2026-06-29,4,9.333,0.0,705.7
Lab A,1339,TRF,2026-06-29,4,9.5,0.2,705.5
Lab A,1339,TRF,2026-06-29,4,9.667,8.3,701.9
Lab A,1339,TRF,2026-06-29,4,9.833,8.7,699.1
Lab A,1339,TRF,2026-06-29,4,10.0,2.6,707.0
Lab A,1339,TRF,2026-06-29,4,10.167,0.0,706.1
Lab A,1339,TRF,2026-06-29,4,10.333,0.0,706.4
Lab A,1339,TRF,2026-06-29,4,10.5,0.0,705.4
Lab A,1339,TRF,2026-06-29,4,10.667,0.0,706.1
Lab A,1339,TRF,2026-06-29,4,10.833,0.0,705.6
Lab A,1339,TRF,2026-06-29,4,11.0,12.6,650.6
Lab A,1339,TRF,2026-06-29,4,11.167,10.2,697.2
Lab A,1339,TRF,2026-06-29,4,11.333,3.9,712.5
Lab A,1339,TRF,2026-06-29,4,11.5,0.2,715.0
Lab A,1339,TRF,2026-06-29,4,11.667,0.0,715.1
Lab A,1339,TRF,2026-06-29,4,11.833,0.0,714.7
Lab A,1339,TRF,2026-06-29,4,12.0,0.0,714.3
Lab A,1339,TRF,2026-06-29,4,12.167,0.0,713.8
Lab A,1339,TRF,2026-06-29,4,12.333,0.0,714.4
Lab A,1339,TRF,2026-06-29,4,12.5,0.0,715.3
Lab A,1339,TRF,2026-06-29,4,12.667,0.0,716.0
Lab A,1339,TRF,2026-06-29,4,12.833,0.0,715.9
Lab A,1339,TRF,2026-06-29,4,13.0,0.1,715.1
Lab A,1339,TRF,2026-06-29,4,13.167,3.9,715.1
Lab A,1339,TRF,2026-06-29,4,13.333,0.0,714.1
Lab A,1339,TRF,2026-06-29,4,13.5,0.0,714.5
Lab A,1339,TRF,2026-06-29,4,13.667,0.0,714.5
Lab A,1339,TRF,2026-06-29,4,13.833,0.0,714.5
Lab A,1339,TRF,2026-06-29,4,14.0,0.0,713.7
Lab A,1339,TRF,2026-06-29,4,14.167,0.0,713.8
Lab A,1339,TRF,2026-06-29,4,14.333,0.0,713.7
Lab A,1339,TRF,2026-06-29,4,14.5,3.2,714.3
Lab A,1339,TRF,2026-06-29,4,14.667,0.6,717.6
Lab A,1339,TRF,2026-06-29,4,14.833,6.4,716.2
Lab A,1339,TRF,2026-06-29,4,15.0,4.1,714.3
Lab A,1339,TRF,2026-06-29,4,15.167,0.5,714.6
Lab A,1339,TRF,2026-06-29,4,15.333,0.0,715.3
Lab A,1339,TRF,2026-06-29,4,15.5,0.0,715.5
Lab A,1339,TRF,2026-06-29,4,15.667,0.0,715.2
Lab A,1339,TRF,2026-06-29,4,15.833,0.0,715.1
Lab A,1339,TRF,2026-06-29,4,16.0,0.0,715.2
Lab A,1339,TRF,2026-06-29,4,16.167,0.0,714.9
Lab A,1339,TRF,2026-06-29,4,16.333,0.0,715.5
Lab A,1339,TRF,2026-06-29,4,16.5,0.0,714.7
Lab A,1339,TRF,2026-06-29,4,16.667,0.0,714.4
Lab A,1339,TRF,2026-06-29,4,16.833,0.0,714.7
Lab A,1339,TRF,2026-06-29,4,17.0,0.0,571.4
Lab A,1339,TRF,2026-06-29,4,17.167,2.0,0.0
Lab A,1339,TRF,2026-06-29,4,17.333,4.5,0.0
Lab A,1339,TRF,2026-06-29,4,17.5,10.8,0.0
Lab A,1339,TRF,2026-06-29,4,17.667,7.0,0.0
Lab A,1339,TRF,2026-06-29,4,17.833,1.1,0.0
Lab A,1339,TRF,2026-06-29,4,18.0,0.0,0.0
Lab A,1339,TRF,2026-06-29,4,18.167,3.7,0.0
Lab A,1339,TRF,2026-06-29,4,18.333,10.7,0.0
Lab A,1339,TRF,2026-06-29,4,18.5,2.7,0.0
Lab A,1339,TRF,2026-06-29,4,18.667,10.0,0.0
Lab A,1339,TRF,2026-06-29,4,18.833,6.5,0.0
Lab A,1339,TRF,2026-06-29,4,19.0,4.3,0.0
Lab A,1339,TRF,2026-06-29,4,19.167,1.7,0.0
Lab A,1339,TRF,2026-06-29,4,19.333,5.5,0.0
Lab A,1339,TRF,2026-06-29,4,19.5,13.2,0.0
Lab A,1339,TRF,2026-06-29,4,19.667,1.3,0.0
Lab A,1339,TRF,2026-06-29,4,19.833,9.2,0.0
Lab A,1339,TRF,2026-06-29,4,20.0,12.5,0.0
Lab A,1339,TRF,2026-06-29,4,20.167,0.2,0.0
Lab A,1339,TRF,2026-06-29,4,20.333,1.3,0.0
Lab A,1339,TRF,2026-06-29,4,20.5,0.0,0.0
Lab A,1339,TRF,2026-06-29,4,20.667,1.0,0.0
Lab A,1339,TRF,2026-06-29,4,20.833,1.3,0.0
Lab A,1339,TRF,2026-06-29,4,21.0,0.1,0.0
Lab A,1339,TRF,2026-06-29,4,21.167,2.3,0.0
Lab A,1339,TRF,2026-06-29,4,21.333,0.5,0.0
Lab A,1339,TRF,2026-06-29,4,21.5,0.9,0.0
Lab A,1339,TRF,2026-06-29,4,21.667,0.6,0.0
Lab A,1339,TRF,2026-06-29,4,21.833,1.1,0.0
Lab A,1339,TRF,2026-06-29,4,22.0,1.0,0.0
Lab A,1339,TRF,2026-06-29,4,22.167,0.0,0.0
Lab A,1339,TRF,2026-06-29,4,22.333,2.8,0.0
Lab A,1339,TRF,2026-06-29,4,22.5,11.3,0.0
Lab A,1339,TRF,2026-06-29,4,22.667,23.6,0.0
Lab A,1339,TRF,2026-06-29,4,22.833,7.9,0.0
Lab A,1339,TRF,2026-06-29,4,23.0,1.2,0.0
Lab A,1339,TRF,2026-06-29,4,23.167,0.4,0.0
Lab A,1339,TRF,2026-06-29,4,23.333,1.0,0.0
Lab A,1339,TRF,2026-06-29,4,23.5,6.5,0.0
Lab A,1339,TRF,2026-06-29,4,23.667,0.3,0.0
Lab A,1339,TRF,2026-06-29,4,23.833,0.8,0.0
Lab A,1339,TRF,2026-06-30,5,0.0,1.4,0.0
Lab A,1339,TRF,2026-06-30,5,0.167,1.0,0.0
Lab A,1339,TRF,2026-06-30,5,0.333,0.1,0.0
Lab A,1339,TRF,2026-06-30,5,0.5,1.2,0.0
Lab A,1339,TRF,2026-06-30,5,0.667,6.5,0.0
Lab A,1339,TRF,2026-06-30,5,0.833,0.0,0.0
Lab A,1339,TRF,2026-06-30,5,1.0,0.0,0.0
Lab A,1339,TRF,2026-06-30,5,1.167,0.3,0.0
Lab A,1339,TRF,2026-06-30,5,1.333,1.9,0.0
Lab A,1339,TRF,2026-06-30,5,1.5,0.0,0.0
Lab A,1339,TRF,2026-06-30,5,1.667,0.0,0.0
Lab A,1339,TRF,2026-06-30,5,1.833,0.1,0.0
Lab A,1339,TRF,2026-06-30,5,2.0,0.4,0.0
Lab A,1339,TRF,2026-06-30,5,2.167,3.0,0.0
Lab A,1339,TRF,2026-06-30,5,2.333,19.8,0.0
Lab A,1339,TRF,2026-06-30,5,2.5,49.0,0.0
Lab A,1339,TRF,2026-06-30,5,2.667,12.8,0.0
Lab A,1339,TRF,2026-06-30,5,2.833,14.5,0.0
Lab A,1339,TRF,2026-06-30,5,3.0,16.7,0.0
Lab A,1339,TRF,2026-06-30,5,3.167,3.7,0.0
Lab A,1339,TRF,2026-06-30,5,3.333,0.0,0.0
Lab A,1339,TRF,2026-06-30,5,3.5,0.0,0.0
Lab A,1339,TRF,2026-06-30,5,3.667,1.6,0.0
Lab A,1339,TRF,2026-06-30,5,3.833,0.0,0.0
Lab A,1339,TRF,2026-06-30,5,4.0,0.2,0.0
Lab A,1339,TRF,2026-06-30,5,4.167,8.0,0.0
Lab A,1339,TRF,2026-06-30,5,4.333,0.0,0.0
Lab A,1339,TRF,2026-06-30,5,4.5,0.4,0.0
Lab A,1339,TRF,2026-06-30,5,4.667,0.0,0.0
Lab A,1339,TRF,2026-06-30,5,4.833,0.0,0.0
Lab A,1339,TRF,2026-06-30,5,5.0,0.0,0.0
Lab A,1339,TRF,2026-06-30,5,5.167,0.1,647.2
Lab A,1339,TRF,2026-06-30,5,5.333,0.5,716.1
Lab A,1339,TRF,2026-06-30,5,5.5,0.0,715.0
Lab A,1339,TRF,2026-06-30,5,5.667,0.0,714.9
Lab A,1339,TRF,2026-06-30,5,5.833,1.2,712.8
Lab A,1339,TRF,2026-06-30,5,6.0,0.0,713.7
Lab A,1339,TRF,2026-06-30,5,6.167,0.0,712.9
Lab A,1339,TRF,2026-06-30,5,6.333,0.0,713.6
Lab A,1339,TRF,2026-06-30,5,6.5,0.2,714.0
Lab A,1339,TRF,2026-06-30,5,6.667,0.0,714.5
Lab A,1339,TRF,2026-06-30,5,6.833,0.0,713.2
Lab A,1339,TRF,2026-06-30,5,7.0,0.0,714.0
Lab A,1339,TRF,2026-06-30,5,7.167,0.0,714.0
Lab A,1339,TRF,2026-06-30,5,7.333,0.0,714.0
Lab A,1339,TRF,2026-06-30,5,7.5,0.0,714.1
Lab A,1339,TRF,2026-06-30,5,7.667,0.0,714.7
Lab A,1339,TRF,2026-06-30,5,7.833,0.0,713.9
Lab A,1339,TRF,2026-06-30,5,8.0,0.0,713.7
Lab A,1339,TRF,2026-06-30,5,8.167,5.7,712.9
Lab A,1339,TRF,2026-06-30,5,8.333,9.0,707.8
Lab A,1339,TRF,2026-06-30,5,8.5,0.0,710.2
Lab A,1339,TRF,2026-06-30,5,8.667,0.0,710.4
Lab A,1339,TRF,2026-06-30,5,8.833,2.6,709.7
Lab A,1339,TRF,2026-06-30,5,9.0,0.0,710.9
Lab A,1339,TRF,2026-06-30,5,9.167,0.0,711.0
Lab A,1339,TRF,2026-06-30,5,9.333,0.0,710.4
Lab A,1339,TRF,2026-06-30,5,9.5,0.0,710.4
Lab A,1339,TRF,2026-06-30,5,9.667,0.9,711.6
Lab A,1339,TRF,2026-06-30,5,9.833,0.3,711.5
Lab A,1339,TRF,2026-06-30,5,10.0,0.0,710.8
Lab A,1339,TRF,2026-06-30,5,10.167,0.0,711.7
Lab A,1339,TRF,2026-06-30,5,10.333,0.1,711.4
Lab A,1339,TRF,2026-06-30,5,10.5,0.0,711.5
Lab A,1339,TRF,2026-06-30,5,10.667,0.0,713.5
Lab A,1339,TRF,2026-06-30,5,10.833,0.0,715.8
Lab A,1339,TRF,2026-06-30,5,11.0,0.0,715.6
Lab A,1339,TRF,2026-06-30,5,11.167,0.0,715.2
Lab A,1339,TRF,2026-06-30,5,11.333,0.0,713.9
Lab A,1339,TRF,2026-06-30,5,11.5,0.0,713.3
Lab A,1339,TRF,2026-06-30,5,11.667,7.5,676.7
Lab A,1339,TRF,2026-06-30,5,11.833,13.8,655.9
Lab A,1339,TRF,2026-06-30,5,12.0,21.9,673.7
Lab A,1339,TRF,2026-06-30,5,12.167,6.2,695.1
Lab A,1339,TRF,2026-06-30,5,12.333,9.0,700.9
Lab A,1339,TRF,2026-06-30,5,12.5,0.4,697.4
Lab A,1339,TRF,2026-06-30,5,12.667,0.0,697.6
Lab A,1339,TRF,2026-06-30,5,12.833,0.0,698.3
Lab A,1339,TRF,2026-06-30,5,13.0,0.0,698.8
Lab A,1339,TRF,2026-06-30,5,13.167,0.0,698.7
Lab A,1339,TRF,2026-06-30,5,13.333,0.0,698.8
Lab A,1339,TRF,2026-06-30,5,13.5,0.0,698.8
Lab A,1339,TRF,2026-06-30,5,13.667,0.0,698.1
Lab A,1339,TRF,2026-06-30,5,13.833,0.0,698.8
Lab A,1339,TRF,2026-06-30,5,14.0,0.0,698.6
Lab A,1339,TRF,2026-06-30,5,14.167,0.0,698.6
Lab A,1339,TRF,2026-06-30,5,14.333,0.2,698.2
Lab A,1339,TRF,2026-06-30,5,14.5,1.8,697.6
Lab A,1339,TRF,2026-06-30,5,14.667,0.5,698.6
Lab A,1339,TRF,2026-06-30,5,14.833,0.0,699.3
Lab A,1339,TRF,2026-06-30,5,15.0,0.0,699.2
Lab A,1339,TRF,2026-06-30,5,15.167,0.8,700.7
Lab A,1339,TRF,2026-06-30,5,15.333,6.1,705.0
Lab A,1339,TRF,2026-06-30,5,15.5,7.7,702.5
Lab A,1339,TRF,2026-06-30,5,15.667,0.0,702.7
Lab A,1339,TRF,2026-06-30,5,15.833,0.0,703.3
Lab A,1339,TRF,2026-06-30,5,16.0,0.0,702.7
Lab A,1339,TRF,2026-06-30,5,16.167,0.2,702.9
Lab A,1339,TRF,2026-06-30,5,16.333,0.3,702.4
Lab A,1339,TRF,2026-06-30,5,16.5,0.0,702.7
Lab A,1339,TRF,2026-06-30,5,16.667,0.0,702.7
Lab A,1339,TRF,2026-06-30,5,16.833,0.0,702.5
Lab A,1339,TRF,2026-06-30,5,17.0,0.0,562.1
Lab A,1339,TRF,2026-06-30,5,17.167,,
Lab A,1339,TRF,2026-06-30,5,17.333,2.7,0.0
Lab A,1339,TRF,2026-06-30,5,17.5,0.8,0.0
Lab A,1339,TRF,2026-06-30,5,17.667,1.2,0.0
Lab A,1339,TRF,2026-06-30,5,17.833,23.2,0.0
Lab A,1339,TRF,2026-06-30,5,18.0,7.5,0.0
Lab A,1339,TRF,2026-06-30,5,18.167,3.8,0.0
Lab A,1339,TRF,2026-06-30,5,18.333,0.0,0.0
Lab A,1339,TRF,2026-06-30,5,18.5,3.9,0.0
Lab A,1339,TRF,2026-06-30,5,18.667,6.9,0.0
Lab A,1339,TRF,2026-06-30,5,18.833,5.5,0.0
Lab A,1339,TRF,2026-06-30,5,19.0,,
Lab A,1339,TRF,2026-06-30,5,19.167,1.1,0.0
Lab A,1339,TRF,2026-06-30,5,19.333,16.3,0.0
Lab A,1339,TRF,2026-06-30,5,19.5,2.0,0.0
Lab A,1339,TRF,2026-06-30,5,19.667,2.7,0.0
Lab A,1339,TRF,2026-06-30,5,19.833,2.7,0.0
Lab A,1339,TRF,2026-06-30,5,20.0,1.2,0.0
Lab A,1339,TRF,2026-06-30,5,20.167,0.4,0.0
Lab A,1339,TRF,2026-06-30,5,20.333,0.4,0.0
Lab A,1339,TRF,2026-06-30,5,20.5,0.0,0.0
Lab A,1339,TRF,2026-06-30,5,20.667,4.3,0.0
Lab A,1339,TRF,2026-06-30,5,20.833,1.8,0.0
Lab A,1339,TRF,2026-06-30,5,21.0,,
Lab A,1339,TRF,2026-06-30,5,21.167,,
Lab A,1339,TRF,2026-06-30,5,21.333,31.2,0.0
Lab A,1339,TRF,2026-06-30,5,21.5,31.7,0.0
Lab A,1339,TRF,2026-06-30,5,21.667,2.8,0.0
Lab A,1339,TRF,2026-06-30,5,21.833,1.7,0.0
Lab A,1339,TRF,2026-06-30,5,22.0,1.0,0.0
Lab A,1339,TRF,2026-06-30,5,22.167,1.5,0.0
Lab A,1339,TRF,2026-06-30,5,22.333,3.6,0.0
Lab A,1339,TRF,2026-06-30,5,22.5,0.8,0.0
Lab A,1339,TRF,2026-06-30,5,22.667,1.7,0.0
Lab A,1339,TRF,2026-06-30,5,22.833,1.9,0.0
Lab A,1339,TRF,2026-06-30,5,23.0,,
Lab A,1339,TRF,2026-06-30,5,23.167,1.5,0.0
Lab A,1339,TRF,2026-06-30,5,23.333,3.0,0.0
Lab A,1339,TRF,2026-06-30,5,23.5,0.5,0.0
Lab A,1339,TRF,2026-06-30,5,23.667,1.4,0.0
Lab A,1339,TRF,2026-06-30,5,23.833,1.0,0.0
Lab A,1339,TRF,2026-07-01,6,0.0,1.2,0.0
Lab A,1339,TRF,2026-07-01,6,0.167,0.2,0.0
Lab A,1339,TRF,2026-07-01,6,0.333,2.7,0.0
Lab A,1339,TRF,2026-07-01,6,0.5,0.5,0.0
Lab A,1339,TRF,2026-07-01,6,0.667,0.4,0.0
Lab A,1339,TRF,2026-07-01,6,0.833,4.5,0.0
Lab A,1339,TRF,2026-07-01,6,1.0,,
Lab A,1339,TRF,2026-07-01,6,1.167,30.4,0.0
Lab A,1339,TRF,2026-07-01,6,1.333,6.0,0.0
Lab A,1339,TRF,2026-07-01,6,1.5,14.2,0.0
Lab A,1339,TRF,2026-07-01,6,1.667,17.5,0.0
Lab A,1339,TRF,2026-07-01,6,1.833,0.0,0.0
Lab A,1339,TRF,2026-07-01,6,2.0,0.1,0.0
Lab A,1339,TRF,2026-07-01,6,2.167,0.0,0.0
Lab A,1339,TRF,2026-07-01,6,2.333,0.0,0.0
Lab A,1339,TRF,2026-07-01,6,2.5,3.2,0.0
Lab A,1339,TRF,2026-07-01,6,2.667,6.1,0.0
Lab A,1339,TRF,2026-07-01,6,2.833,0.0,0.0
Lab A,1339,TRF,2026-07-01,6,3.0,,
Lab A,1339,TRF,2026-07-01,6,3.167,0.0,0.0
Lab A,1339,TRF,2026-07-01,6,3.333,7.5,0.0
Lab A,1339,TRF,2026-07-01,6,3.5,3.5,0.0
Lab A,1339,TRF,2026-07-01,6,3.667,0.0,0.0
Lab A,1339,TRF,2026-07-01,6,3.833,0.1,0.0
Lab A,1339,TRF,2026-07-01,6,4.0,4.8,0.0
Lab A,1339,TRF,2026-07-01,6,4.167,0.2,0.0
Lab A,1339,TRF,2026-07-01,6,4.333,0.0,0.0
Lab A,1339,TRF,2026-07-01,6,4.5,0.0,0.0
Lab A,1339,TRF,2026-07-01,6,4.667,0.1,0.0
Lab A,1339,TRF,2026-07-01,6,4.833,0.7,0.0
Lab A,1340,TRF,2026-06-24,-1,5.0,1.8,0.0
Lab A,1340,TRF,2026-06-24,-1,5.167,2.9,621.4
Lab A,1340,TRF,2026-06-24,-1,5.333,42.5,684.9
Lab A,1340,TRF,2026-06-24,-1,5.5,4.5,685.1
Lab A,1340,TRF,2026-06-24,-1,5.667,0.1,685.2
Lab A,1340,TRF,2026-06-24,-1,5.833,0.7,684.3
Lab A,1340,TRF,2026-06-24,-1,6.0,0.5,685.4
Lab A,1340,TRF,2026-06-24,-1,6.167,1.9,685.3
Lab A,1340,TRF,2026-06-24,-1,6.333,32.4,683.8
Lab A,1340,TRF,2026-06-24,-1,6.5,32.6,684.1
Lab A,1340,TRF,2026-06-24,-1,6.667,28.7,684.4
Lab A,1340,TRF,2026-06-24,-1,6.833,31.4,686.0
Lab A,1340,TRF,2026-06-24,-1,7.0,4.1,687.1
Lab A,1340,TRF,2026-06-24,-1,7.167,1.7,686.9
Lab A,1340,TRF,2026-06-24,-1,7.333,2.0,688.3
Lab A,1340,TRF,2026-06-24,-1,7.5,0.6,686.5
Lab A,1340,TRF,2026-06-24,-1,7.667,0.4,688.1
Lab A,1340,TRF,2026-06-24,-1,7.833,1.0,688.4
Lab A,1340,TRF,2026-06-24,-1,8.0,2.7,688.3
Lab A,1340,TRF,2026-06-24,-1,8.167,0.1,687.7
Lab A,1340,TRF,2026-06-24,-1,8.333,0.8,688.0
Lab A,1340,TRF,2026-06-24,-1,8.5,1.1,687.1
Lab A,1340,TRF,2026-06-24,-1,8.667,3.8,687.5
Lab A,1340,TRF,2026-06-24,-1,8.833,22.5,685.0
Lab A,1340,TRF,2026-06-24,-1,9.0,10.2,686.4
Lab A,1340,TRF,2026-06-24,-1,9.167,0.0,687.6
Lab A,1340,TRF,2026-06-24,-1,9.333,1.4,686.9
Lab A,1340,TRF,2026-06-24,-1,9.5,0.9,687.3
Lab A,1340,TRF,2026-06-24,-1,9.667,0.9,688.1
Lab A,1340,TRF,2026-06-24,-1,9.833,0.0,688.2
Lab A,1340,TRF,2026-06-24,-1,10.0,1.0,687.8
Lab A,1340,TRF,2026-06-24,-1,10.167,0.7,687.8
Lab A,1340,TRF,2026-06-24,-1,10.333,19.4,687.1
Lab A,1340,TRF,2026-06-24,-1,10.5,29.7,685.8
Lab A,1340,TRF,2026-06-24,-1,10.667,0.5,687.0
Lab A,1340,TRF,2026-06-24,-1,10.833,1.3,687.1
Lab A,1340,TRF,2026-06-24,-1,11.0,0.0,686.8
Lab A,1340,TRF,2026-06-24,-1,11.167,0.7,687.0
Lab A,1340,TRF,2026-06-24,-1,11.333,1.2,685.6
Lab A,1340,TRF,2026-06-24,-1,11.5,2.4,685.7
Lab A,1340,TRF,2026-06-24,-1,11.667,38.2,685.5
Lab A,1340,TRF,2026-06-24,-1,11.833,37.8,659.3
Lab A,1340,TRF,2026-06-24,-1,12.0,40.8,611.2
Lab A,1340,TRF,2026-06-24,-1,12.167,50.9,648.1
Lab A,1340,TRF,2026-06-24,-1,12.333,47.5,663.9
Lab A,1340,TRF,2026-06-24,-1,12.5,30.5,664.5
Lab A,1340,TRF,2026-06-24,-1,12.667,2.0,664.6
Lab A,1340,TRF,2026-06-24,-1,12.833,2.8,664.6
Lab A,1340,TRF,2026-06-24,-1,13.0,1.2,663.8
Lab A,1340,TRF,2026-06-24,-1,13.167,4.3,664.6
Lab A,1340,TRF,2026-06-24,-1,13.333,1.5,664.7
Lab A,1340,TRF,2026-06-24,-1,13.5,0.8,664.3
Lab A,1340,TRF,2026-06-24,-1,13.667,1.6,664.1
Lab A,1340,TRF,2026-06-24,-1,13.833,31.0,663.4
Lab A,1340,TRF,2026-06-24,-1,14.0,43.4,662.1
Lab A,1340,TRF,2026-06-24,-1,14.167,26.5,664.0
Lab A,1340,TRF,2026-06-24,-1,14.333,1.1,665.5
Lab A,1340,TRF,2026-06-24,-1,14.5,0.7,665.5
Lab A,1340,TRF,2026-06-24,-1,14.667,2.6,665.4
Lab A,1340,TRF,2026-06-24,-1,14.833,31.4,664.3
Lab A,1340,TRF,2026-06-24,-1,15.0,32.7,663.9
Lab A,1340,TRF,2026-06-24,-1,15.167,3.8,665.1
Lab A,1340,TRF,2026-06-24,-1,15.333,2.7,665.3
Lab A,1340,TRF,2026-06-24,-1,15.5,7.8,663.8
Lab A,1340,TRF,2026-06-24,-1,15.667,36.2,663.9
Lab A,1340,TRF,2026-06-24,-1,15.833,21.7,659.9
Lab A,1340,TRF,2026-06-24,-1,16.0,32.7,658.5
Lab A,1340,TRF,2026-06-24,-1,16.167,2.1,659.3
Lab A,1340,TRF,2026-06-24,-1,16.333,1.2,660.9
Lab A,1340,TRF,2026-06-24,-1,16.5,1.1,661.4
Lab A,1340,TRF,2026-06-24,-1,16.667,1.9,661.4
Lab A,1340,TRF,2026-06-24,-1,16.833,17.5,660.2
Lab A,1340,TRF,2026-06-24,-1,17.0,16.3,529.3
Lab A,1340,TRF,2026-06-24,-1,17.167,22.8,0.0
Lab A,1340,TRF,2026-06-24,-1,17.333,23.1,0.0
Lab A,1340,TRF,2026-06-24,-1,17.5,27.1,0.0
Lab A,1340,TRF,2026-06-24,-1,17.667,10.8,0.0
Lab A,1340,TRF,2026-06-24,-1,17.833,38.5,0.0
Lab A,1340,TRF,2026-06-24,-1,18.0,42.2,0.0
Lab A,1340,TRF,2026-06-24,-1,18.167,36.9,0.0
Lab A,1340,TRF,2026-06-24,-1,18.333,27.9,0.0
Lab A,1340,TRF,2026-06-24,-1,18.5,8.8,0.0
Lab A,1340,TRF,2026-06-24,-1,18.667,28.7,0.0
Lab A,1340,TRF,2026-06-24,-1,18.833,62.6,0.0
Lab A,1340,TRF,2026-06-24,-1,19.0,51.3,0.0
Lab A,1340,TRF,2026-06-24,-1,19.167,6.2,0.0
Lab A,1340,TRF,2026-06-24,-1,19.333,33.3,0.0
Lab A,1340,TRF,2026-06-24,-1,19.5,38.0,0.0
Lab A,1340,TRF,2026-06-24,-1,19.667,37.4,0.0
Lab A,1340,TRF,2026-06-24,-1,19.833,46.5,0.0
Lab A,1340,TRF,2026-06-24,-1,20.0,2.2,0.0
Lab A,1340,TRF,2026-06-24,-1,20.167,13.4,0.0
Lab A,1340,TRF,2026-06-24,-1,20.333,41.8,0.0
Lab A,1340,TRF,2026-06-24,-1,20.5,28.0,0.0
Lab A,1340,TRF,2026-06-24,-1,20.667,3.1,0.0
Lab A,1340,TRF,2026-06-24,-1,20.833,1.6,0.0
Lab A,1340,TRF,2026-06-24,-1,21.0,3.1,0.0
Lab A,1340,TRF,2026-06-24,-1,21.167,0.4,0.0
Lab A,1340,TRF,2026-06-24,-1,21.333,17.8,0.0
Lab A,1340,TRF,2026-06-24,-1,21.5,7.6,0.0
Lab A,1340,TRF,2026-06-24,-1,21.667,37.4,0.0
Lab A,1340,TRF,2026-06-24,-1,21.833,37.5,0.0
Lab A,1340,TRF,2026-06-24,-1,22.0,43.7,0.0
Lab A,1340,TRF,2026-06-24,-1,22.167,17.6,0.0
Lab A,1340,TRF,2026-06-24,-1,22.333,2.1,0.0
Lab A,1340,TRF,2026-06-24,-1,22.5,2.5,0.0
Lab A,1340,TRF,2026-06-24,-1,22.667,7.3,0.0
Lab A,1340,TRF,2026-06-24,-1,22.833,11.1,0.0
Lab A,1340,TRF,2026-06-24,-1,23.0,2.2,0.0
Lab A,1340,TRF,2026-06-24,-1,23.167,14.7,0.0
Lab A,1340,TRF,2026-06-24,-1,23.333,23.0,0.0
Lab A,1340,TRF,2026-06-24,-1,23.5,8.7,0.0
Lab A,1340,TRF,2026-06-24,-1,23.667,8.2,0.0
Lab A,1340,TRF,2026-06-24,-1,23.833,24.1,0.0
Lab A,1340,TRF,2026-06-25,0,0.0,5.8,0.0
Lab A,1340,TRF,2026-06-25,0,0.167,0.9,0.0
Lab A,1340,TRF,2026-06-25,0,0.333,2.7,0.0
Lab A,1340,TRF,2026-06-25,0,0.5,20.4,0.0
Lab A,1340,TRF,2026-06-25,0,0.667,19.0,0.0
Lab A,1340,TRF,2026-06-25,0,0.833,2.2,0.0
Lab A,1340,TRF,2026-06-25,0,1.0,1.7,0.0
Lab A,1340,TRF,2026-06-25,0,1.167,19.7,0.0
Lab A,1340,TRF,2026-06-25,0,1.333,26.1,0.0
Lab A,1340,TRF,2026-06-25,0,1.5,3.7,0.0
Lab A,1340,TRF,2026-06-25,0,1.667,5.7,0.0
Lab A,1340,TRF,2026-06-25,0,1.833,12.2,0.0
Lab A,1340,TRF,2026-06-25,0,2.0,8.3,0.0
Lab A,1340,TRF,2026-06-25,0,2.167,27.5,0.0
Lab A,1340,TRF,2026-06-25,0,2.333,15.4,0.0
Lab A,1340,TRF,2026-06-25,0,2.5,0.5,0.0
Lab A,1340,TRF,2026-06-25,0,2.667,1.8,0.0
Lab A,1340,TRF,2026-06-25,0,2.833,23.1,0.0
Lab A,1340,TRF,2026-06-25,0,3.0,23.5,0.0
Lab A,1340,TRF,2026-06-25,0,3.167,25.5,0.0
Lab A,1340,TRF,2026-06-25,0,3.333,21.9,0.0
Lab A,1340,TRF,2026-06-25,0,3.5,0.9,0.0
Lab A,1340,TRF,2026-06-25,0,3.667,16.8,0.0
Lab A,1340,TRF,2026-06-25,0,3.833,3.1,0.0
Lab A,1340,TRF,2026-06-25,0,4.0,16.8,0.0
Lab A,1340,TRF,2026-06-25,0,4.167,23.4,0.0
Lab A,1340,TRF,2026-06-25,0,4.333,28.2,0.0
Lab A,1340,TRF,2026-06-25,0,4.5,23.3,0.0
Lab A,1340,TRF,2026-06-25,0,4.667,3.4,0.0
Lab A,1340,TRF,2026-06-25,0,4.833,1.0,0.0
Lab A,1340,TRF,2026-06-25,0,5.0,20.2,0.0
Lab A,1340,TRF,2026-06-25,0,5.167,20.2,611.7
Lab A,1340,TRF,2026-06-25,0,5.333,26.9,673.9
Lab A,1340,TRF,2026-06-25,0,5.5,0.0,673.4
Lab A,1340,TRF,2026-06-25,0,5.667,0.2,673.5
Lab A,1340,TRF,2026-06-25,0,5.833,1.2,673.0
Lab A,1340,TRF,2026-06-25,0,6.0,1.0,673.5
Lab A,1340,TRF,2026-06-25,0,6.167,7.2,670.7
Lab A,1340,TRF,2026-06-25,0,6.333,10.0,671.4
Lab A,1340,TRF,2026-06-25,0,6.5,8.3,672.4
Lab A,1340,TRF,2026-06-25,0,6.667,0.2,671.9
Lab A,1340,TRF,2026-06-25,0,6.833,0.9,672.5
Lab A,1340,TRF,2026-06-25,0,7.0,0.7,670.4
Lab A,1340,TRF,2026-06-25,0,7.167,1.0,672.3
Lab A,1340,TRF,2026-06-25,0,7.333,1.3,671.2
Lab A,1340,TRF,2026-06-25,0,7.5,10.2,671.2
Lab A,1340,TRF,2026-06-25,0,7.667,12.8,671.6
Lab A,1340,TRF,2026-06-25,0,7.833,2.2,671.6
Lab A,1340,TRF,2026-06-25,0,8.0,0.4,672.1
Lab A,1340,TRF,2026-06-25,0,8.167,1.1,671.8
Lab A,1340,TRF,2026-06-25,0,8.333,2.2,672.5
Lab A,1340,TRF,2026-06-25,0,8.5,3.0,671.5
Lab A,1340,TRF,2026-06-25,0,8.667,1.6,671.2
Lab A,1340,TRF,2026-06-25,0,8.833,21.2,672.7
Lab A,1340,TRF,2026-06-25,0,9.0,15.3,672.7
Lab A,1340,TRF,2026-06-25,0,9.167,17.3,669.7
Lab A,1340,TRF,2026-06-25,0,9.333,1.2,672.2
Lab A,1340,TRF,2026-06-25,0,9.5,0.0,672.2
Lab A,1340,TRF,2026-06-25,0,9.667,0.0,672.0
Lab A,1340,TRF,2026-06-25,0,9.833,1.9,671.4
Lab A,1340,TRF,2026-06-25,0,10.0,1.5,672.1
Lab A,1340,TRF,2026-06-25,0,10.167,0.0,670.8
Lab A,1340,TRF,2026-06-25,0,10.333,0.9,671.4
Lab A,1340,TRF,2026-06-25,0,10.5,0.0,671.4
Lab A,1340,TRF,2026-06-25,0,10.667,13.3,670.5
Lab A,1340,TRF,2026-06-25,0,10.833,19.2,671.7
Lab A,1340,TRF,2026-06-25,0,11.0,3.4,672.1
Lab A,1340,TRF,2026-06-25,0,11.167,2.9,664.8
Lab A,1340,TRF,2026-06-25,0,11.333,2.0,632.0
Lab A,1340,TRF,2026-06-25,0,11.5,0.0,648.9
Lab A,1340,TRF,2026-06-25,0,11.667,36.7,604.1
Lab A,1340,TRF,2026-06-25,0,11.833,32.9,615.5
Lab A,1340,TRF,2026-06-25,0,12.0,36.7,638.2
Lab A,1340,TRF,2026-06-25,0,12.167,25.3,668.9
Lab A,1340,TRF,2026-06-25,0,12.333,15.3,670.3
Lab A,1340,TRF,2026-06-25,0,12.5,2.5,670.7
Lab A,1340,TRF,2026-06-25,0,12.667,0.7,670.8
Lab A,1340,TRF,2026-06-25,0,12.833,0.4,671.1
Lab A,1340,TRF,2026-06-25,0,13.0,0.5,670.9
Lab A,1340,TRF,2026-06-25,0,13.167,5.9,670.9
Lab A,1340,TRF,2026-06-25,0,13.333,0.9,671.2
Lab A,1340,TRF,2026-06-25,0,13.5,13.5,670.6
Lab A,1340,TRF,2026-06-25,0,13.667,15.2,669.6
Lab A,1340,TRF,2026-06-25,0,13.833,2.3,668.9
Lab A,1340,TRF,2026-06-25,0,14.0,0.8,668.4
Lab A,1340,TRF,2026-06-25,0,14.167,0.4,668.9
Lab A,1340,TRF,2026-06-25,0,14.333,0.0,669.7
Lab A,1340,TRF,2026-06-25,0,14.5,3.0,669.1
Lab A,1340,TRF,2026-06-25,0,14.667,23.5,669.2
Lab A,1340,TRF,2026-06-25,0,14.833,23.9,670.5
Lab A,1340,TRF,2026-06-25,0,15.0,7.3,673.7
Lab A,1340,TRF,2026-06-25,0,15.167,11.2,670.6
Lab A,1340,TRF,2026-06-25,0,15.333,0.4,670.5
Lab A,1340,TRF,2026-06-25,0,15.5,0.5,669.8
Lab A,1340,TRF,2026-06-25,0,15.667,0.7,670.6
Lab A,1340,TRF,2026-06-25,0,15.833,9.4,669.8
Lab A,1340,TRF,2026-06-25,0,16.0,2.2,670.9
Lab A,1340,TRF,2026-06-25,0,16.167,11.4,670.6
Lab A,1340,TRF,2026-06-25,0,16.333,43.4,661.9
Lab A,1340,TRF,2026-06-25,0,16.5,25.3,649.3
Lab A,1340,TRF,2026-06-25,0,16.667,21.0,655.7
Lab A,1340,TRF,2026-06-25,0,16.833,0.7,656.0
Lab A,1340,TRF,2026-06-25,0,17.0,3.9,524.8
Lab A,1340,TRF,2026-06-25,0,17.167,24.8,0.0
Lab A,1340,TRF,2026-06-25,0,17.333,58.4,0.0
Lab A,1340,TRF,2026-06-25,0,17.5,55.6,0.0
Lab A,1340,TRF,2026-06-25,0,17.667,48.1,0.0
Lab A,1340,TRF,2026-06-25,0,17.833,47.1,0.0
Lab A,1340,TRF,2026-06-25,0,18.0,43.5,0.0
Lab A,1340,TRF,2026-06-25,0,18.167,50.5,0.0
Lab A,1340,TRF,2026-06-25,0,18.333,40.4,0.0
Lab A,1340,TRF,2026-06-25,0,18.5,65.4,0.0
Lab A,1340,TRF,2026-06-25,0,18.667,54.3,0.0
Lab A,1340,TRF,2026-06-25,0,18.833,23.8,0.0
Lab A,1340,TRF,2026-06-25,0,19.0,30.5,0.0
Lab A,1340,TRF,2026-06-25,0,19.167,15.6,0.0
Lab A,1340,TRF,2026-06-25,0,19.333,20.4,0.0
Lab A,1340,TRF,2026-06-25,0,19.5,29.6,0.0
Lab A,1340,TRF,2026-06-25,0,19.667,26.8,0.0
Lab A,1340,TRF,2026-06-25,0,19.833,33.0,0.0
Lab A,1340,TRF,2026-06-25,0,20.0,33.8,0.0
Lab A,1340,TRF,2026-06-25,0,20.167,36.3,0.0
Lab A,1340,TRF,2026-06-25,0,20.333,1.9,0.0
Lab A,1340,TRF,2026-06-25,0,20.5,2.3,0.0
Lab A,1340,TRF,2026-06-25,0,20.667,2.6,0.0
Lab A,1340,TRF,2026-06-25,0,20.833,17.7,0.0
Lab A,1340,TRF,2026-06-25,0,21.0,24.8,0.0
Lab A,1340,TRF,2026-06-25,0,21.167,1.1,0.0
Lab A,1340,TRF,2026-06-25,0,21.333,22.7,0.0
Lab A,1340,TRF,2026-06-25,0,21.5,16.3,0.0
Lab A,1340,TRF,2026-06-25,0,21.667,1.7,0.0
Lab A,1340,TRF,2026-06-25,0,21.833,9.2,0.0
Lab A,1340,TRF,2026-06-25,0,22.0,35.4,0.0
Lab A,1340,TRF,2026-06-25,0,22.167,4.2,0.0
Lab A,1340,TRF,2026-06-25,0,22.333,6.6,0.0
Lab A,1340,TRF,2026-06-25,0,22.5,26.5,0.0
Lab A,1340,TRF,2026-06-25,0,22.667,1.1,0.0
Lab A,1340,TRF,2026-06-25,0,22.833,1.4,0.0
Lab A,1340,TRF,2026-06-25,0,23.0,0.9,0.0
Lab A,1340,TRF,2026-06-25,0,23.167,12.9,0.0
Lab A,1340,TRF,2026-06-25,0,23.333,25.1,0.0
Lab A,1340,TRF,2026-06-25,0,23.5,16.0,0.0
Lab A,1340,TRF,2026-06-25,0,23.667,0.7,0.0
Lab A,1340,TRF,2026-06-25,0,23.833,16.5,0.0
Lab A,1340,TRF,2026-06-26,1,0.0,19.5,0.0
Lab A,1340,TRF,2026-06-26,1,0.167,1.9,0.0
Lab A,1340,TRF,2026-06-26,1,0.333,0.9,0.0
Lab A,1340,TRF,2026-06-26,1,0.5,9.7,0.0
Lab A,1340,TRF,2026-06-26,1,0.667,6.5,0.0
Lab A,1340,TRF,2026-06-26,1,0.833,0.2,0.0
Lab A,1340,TRF,2026-06-26,1,1.0,8.0,0.0
Lab A,1340,TRF,2026-06-26,1,1.167,19.6,0.0
Lab A,1340,TRF,2026-06-26,1,1.333,47.3,0.0
Lab A,1340,TRF,2026-06-26,1,1.5,23.6,0.0
Lab A,1340,TRF,2026-06-26,1,1.667,14.8,0.0
Lab A,1340,TRF,2026-06-26,1,1.833,0.4,0.0
Lab A,1340,TRF,2026-06-26,1,2.0,4.9,0.0
Lab A,1340,TRF,2026-06-26,1,2.167,15.2,0.0
Lab A,1340,TRF,2026-06-26,1,2.333,3.3,0.0
Lab A,1340,TRF,2026-06-26,1,2.5,2.2,0.0
Lab A,1340,TRF,2026-06-26,1,2.667,17.6,0.0
Lab A,1340,TRF,2026-06-26,1,2.833,1.6,0.0
Lab A,1340,TRF,2026-06-26,1,3.0,3.8,0.0
Lab A,1340,TRF,2026-06-26,1,3.167,22.2,0.0
Lab A,1340,TRF,2026-06-26,1,3.333,29.1,0.0
Lab A,1340,TRF,2026-06-26,1,3.5,22.7,0.0
Lab A,1340,TRF,2026-06-26,1,3.667,2.0,0.0
Lab A,1340,TRF,2026-06-26,1,3.833,1.5,0.0
Lab A,1340,TRF,2026-06-26,1,4.0,17.3,0.0
Lab A,1340,TRF,2026-06-26,1,4.167,25.0,0.0
Lab A,1340,TRF,2026-06-26,1,4.333,17.2,0.0
Lab A,1340,TRF,2026-06-26,1,4.5,0.3,0.0
Lab A,1340,TRF,2026-06-26,1,4.667,0.4,0.0
Lab A,1340,TRF,2026-06-26,1,4.833,2.8,0.0
Lab A,1340,TRF,2026-06-26,1,5.0,4.5,0.0
Lab A,1340,TRF,2026-06-26,1,5.167,0.2,616.9
Lab A,1340,TRF,2026-06-26,1,5.333,0.7,680.5
Lab A,1340,TRF,2026-06-26,1,5.5,0.2,679.3
Lab A,1340,TRF,2026-06-26,1,5.667,2.1,679.4
Lab A,1340,TRF,2026-06-26,1,5.833,9.7,677.0
Lab A,1340,TRF,2026-06-26,1,6.0,10.0,677.3
Lab A,1340,TRF,2026-06-26,1,6.167,0.3,678.8
Lab A,1340,TRF,2026-06-26,1,6.333,0.1,678.7
Lab A,1340,TRF,2026-06-26,1,6.5,1.0,678.7
Lab A,1340,TRF,2026-06-26,1,6.667,0.0,678.2
Lab A,1340,TRF,2026-06-26,1,6.833,0.5,678.6
Lab A,1340,TRF,2026-06-26,1,7.0,6.9,677.9
Lab A,1340,TRF,2026-06-26,1,7.167,7.2,677.3
Lab A,1340,TRF,2026-06-26,1,7.333,15.4,675.9
Lab A,1340,TRF,2026-06-26,1,7.5,20.3,673.2
Lab A,1340,TRF,2026-06-26,1,7.667,1.0,680.3
Lab A,1340,TRF,2026-06-26,1,7.833,0.1,681.5
Lab A,1340,TRF,2026-06-26,1,8.0,0.7,681.0
Lab A,1340,TRF,2026-06-26,1,8.167,0.0,679.8
Lab A,1340,TRF,2026-06-26,1,8.333,0.3,679.8
Lab A,1340,TRF,2026-06-26,1,8.5,4.4,679.5
Lab A,1340,TRF,2026-06-26,1,8.667,5.8,679.6
Lab A,1340,TRF,2026-06-26,1,8.833,2.2,680.0
Lab A,1340,TRF,2026-06-26,1,9.0,0.0,681.2
Lab A,1340,TRF,2026-06-26,1,9.167,1.0,680.5
Lab A,1340,TRF,2026-06-26,1,9.333,6.7,679.4
Lab A,1340,TRF,2026-06-26,1,9.5,24.2,679.4
Lab A,1340,TRF,2026-06-26,1,9.667,7.9,680.6
Lab A,1340,TRF,2026-06-26,1,9.833,0.7,680.0
Lab A,1340,TRF,2026-06-26,1,10.0,1.0,680.1
Lab A,1340,TRF,2026-06-26,1,10.167,2.5,679.7
Lab A,1340,TRF,2026-06-26,1,10.333,30.5,604.9
Lab A,1340,TRF,2026-06-26,1,10.5,48.9,631.9
Lab A,1340,TRF,2026-06-26,1,10.667,41.7,658.1
Lab A,1340,TRF,2026-06-26,1,10.833,34.8,662.5
Lab A,1340,TRF,2026-06-26,1,11.0,18.1,661.1
Lab A,1340,TRF,2026-06-26,1,11.167,4.6,662.7
Lab A,1340,TRF,2026-06-26,1,11.333,0.3,663.7
Lab A,1340,TRF,2026-06-26,1,11.5,0.0,664.9
Lab A,1340,TRF,2026-06-26,1,11.667,0.9,664.4
Lab A,1340,TRF,2026-06-26,1,11.833,0.4,664.7
Lab A,1340,TRF,2026-06-26,1,12.0,0.5,663.8
Lab A,1340,TRF,2026-06-26,1,12.167,1.1,664.4
Lab A,1340,TRF,2026-06-26,1,12.333,0.4,664.2
Lab A,1340,TRF,2026-06-26,1,12.5,0.5,664.2
Lab A,1340,TRF,2026-06-26,1,12.667,0.8,663.7
Lab A,1340,TRF,2026-06-26,1,12.833,3.6,663.0
Lab A,1340,TRF,2026-06-26,1,13.0,0.1,664.6
Lab A,1340,TRF,2026-06-26,1,13.167,10.0,659.5
Lab A,1340,TRF,2026-06-26,1,13.333,10.1,663.2
Lab A,1340,TRF,2026-06-26,1,13.5,9.9,660.7
Lab A,1340,TRF,2026-06-26,1,13.667,0.1,660.6
Lab A,1340,TRF,2026-06-26,1,13.833,0.7,661.4
Lab A,1340,TRF,2026-06-26,1,14.0,0.2,660.9
Lab A,1340,TRF,2026-06-26,1,14.167,0.1,660.5
Lab A,1340,TRF,2026-06-26,1,14.333,1.1,660.3
Lab A,1340,TRF,2026-06-26,1,14.5,0.8,660.0
Lab A,1340,TRF,2026-06-26,1,14.667,0.0,660.9
Lab A,1340,TRF,2026-06-26,1,14.833,10.0,660.7
Lab A,1340,TRF,2026-06-26,1,15.0,26.3,659.9
Lab A,1340,TRF,2026-06-26,1,15.167,12.5,658.8
Lab A,1340,TRF,2026-06-26,1,15.333,29.1,651.9
Lab A,1340,TRF,2026-06-26,1,15.5,23.3,648.6
Lab A,1340,TRF,2026-06-26,1,15.667,0.7,653.0
Lab A,1340,TRF,2026-06-26,1,15.833,1.1,653.4
Lab A,1340,TRF,2026-06-26,1,16.0,1.1,653.4
Lab A,1340,TRF,2026-06-26,1,16.167,0.1,652.7
Lab A,1340,TRF,2026-06-26,1,16.333,0.0,653.4
Lab A,1340,TRF,2026-06-26,1,16.5,4.8,653.3
Lab A,1340,TRF,2026-06-26,1,16.667,24.3,654.5
Lab A,1340,TRF,2026-06-26,1,16.833,10.8,656.5
Lab A,1340,TRF,2026-06-26,1,17.0,14.7,526.2
Lab A,1340,TRF,2026-06-26,1,17.167,6.7,0.0
Lab A,1340,TRF,2026-06-26,1,17.333,7.2,0.0
Lab A,1340,TRF,2026-06-26,1,17.5,21.1,0.0
Lab A,1340,TRF,2026-06-26,1,17.667,32.6,0.0
Lab A,1340,TRF,2026-06-26,1,17.833,8.0,0.0
Lab A,1340,TRF,2026-06-26,1,18.0,19.8,0.0
Lab A,1340,TRF,2026-06-26,1,18.167,7.2,0.0
Lab A,1340,TRF,2026-06-26,1,18.333,10.0,0.0
Lab A,1340,TRF,2026-06-26,1,18.5,21.2,0.0
Lab A,1340,TRF,2026-06-26,1,18.667,22.4,0.0
Lab A,1340,TRF,2026-06-26,1,18.833,8.7,0.0
Lab A,1340,TRF,2026-06-26,1,19.0,26.5,0.0
Lab A,1340,TRF,2026-06-26,1,19.167,12.1,0.0
Lab A,1340,TRF,2026-06-26,1,19.333,13.0,0.0
Lab A,1340,TRF,2026-06-26,1,19.5,15.0,0.0
Lab A,1340,TRF,2026-06-26,1,19.667,15.9,0.0
Lab A,1340,TRF,2026-06-26,1,19.833,24.7,0.0
Lab A,1340,TRF,2026-06-26,1,20.0,0.3,0.0
Lab A,1340,TRF,2026-06-26,1,20.167,4.7,0.0
Lab A,1340,TRF,2026-06-26,1,20.333,23.9,0.0
Lab A,1340,TRF,2026-06-26,1,20.5,2.9,0.0
Lab A,1340,TRF,2026-06-26,1,20.667,7.2,0.0
Lab A,1340,TRF,2026-06-26,1,20.833,44.0,0.0
Lab A,1340,TRF,2026-06-26,1,21.0,39.6,0.0
Lab A,1340,TRF,2026-06-26,1,21.167,7.0,0.0
Lab A,1340,TRF,2026-06-26,1,21.333,4.0,0.0
Lab A,1340,TRF,2026-06-26,1,21.5,6.5,0.0
Lab A,1340,TRF,2026-06-26,1,21.667,6.3,0.0
Lab A,1340,TRF,2026-06-26,1,21.833,4.8,0.0
Lab A,1340,TRF,2026-06-26,1,22.0,1.7,0.0
Lab A,1340,TRF,2026-06-26,1,22.167,2.5,0.0
Lab A,1340,TRF,2026-06-26,1,22.333,11.9,0.0
Lab A,1340,TRF,2026-06-26,1,22.5,19.0,0.0
Lab A,1340,TRF,2026-06-26,1,22.667,6.6,0.0
Lab A,1340,TRF,2026-06-26,1,22.833,0.0,0.0
Lab A,1340,TRF,2026-06-26,1,23.0,6.4,0.0
Lab A,1340,TRF,2026-06-26,1,23.167,2.7,0.0
Lab A,1340,TRF,2026-06-26,1,23.333,7.0,0.0
Lab A,1340,TRF,2026-06-26,1,23.5,11.6,0.0
Lab A,1340,TRF,2026-06-26,1,23.667,0.5,0.0
Lab A,1340,TRF,2026-06-26,1,23.833,2.9,0.0
Lab A,1340,TRF,2026-06-27,2,0.0,20.1,0.0
Lab A,1340,TRF,2026-06-27,2,0.167,0.4,0.0
Lab A,1340,TRF,2026-06-27,2,0.333,1.6,0.0
Lab A,1340,TRF,2026-06-27,2,0.5,31.0,0.0
Lab A,1340,TRF,2026-06-27,2,0.667,11.4,0.0
Lab A,1340,TRF,2026-06-27,2,0.833,0.6,0.0
Lab A,1340,TRF,2026-06-27,2,1.0,10.8,0.0
Lab A,1340,TRF,2026-06-27,2,1.167,3.4,0.0
Lab A,1340,TRF,2026-06-27,2,1.333,0.4,0.0
Lab A,1340,TRF,2026-06-27,2,1.5,0.1,0.0
Lab A,1340,TRF,2026-06-27,2,1.667,1.0,0.0
Lab A,1340,TRF,2026-06-27,2,1.833,3.6,0.0
Lab A,1340,TRF,2026-06-27,2,2.0,44.3,0.0
Lab A,1340,TRF,2026-06-27,2,2.167,22.7,0.0
Lab A,1340,TRF,2026-06-27,2,2.333,15.6,0.0
Lab A,1340,TRF,2026-06-27,2,2.5,0.4,0.0
Lab A,1340,TRF,2026-06-27,2,2.667,5.4,0.0
Lab A,1340,TRF,2026-06-27,2,2.833,2.6,0.0
Lab A,1340,TRF,2026-06-27,2,3.0,5.1,0.0
Lab A,1340,TRF,2026-06-27,2,3.167,42.9,0.0
Lab A,1340,TRF,2026-06-27,2,3.333,,
Lab A,1340,TRF,2026-06-27,2,3.5,11.3,0.0
Lab A,1340,TRF,2026-06-27,2,3.667,22.1,0.0
Lab A,1340,TRF,2026-06-27,2,3.833,12.4,0.0
Lab A,1340,TRF,2026-06-27,2,4.0,12.5,0.0
Lab A,1340,TRF,2026-06-27,2,4.167,1.2,0.0
Lab A,1340,TRF,2026-06-27,2,4.333,1.1,0.0
Lab A,1340,TRF,2026-06-27,2,4.5,0.2,0.0
Lab A,1340,TRF,2026-06-27,2,4.667,7.8,0.0
Lab A,1340,TRF,2026-06-27,2,4.833,1.4,0.0
Lab A,1340,TRF,2026-06-27,2,5.0,7.7,0.0
Lab A,1340,TRF,2026-06-27,2,5.167,1.0,597.5
Lab A,1340,TRF,2026-06-27,2,5.333,1.0,658.7
Lab A,1340,TRF,2026-06-27,2,5.5,2.6,657.0
Lab A,1340,TRF,2026-06-27,2,5.667,14.0,657.3
Lab A,1340,TRF,2026-06-27,2,5.833,7.3,656.2
Lab A,1340,TRF,2026-06-27,2,6.0,27.4,656.0
Lab A,1340,TRF,2026-06-27,2,6.167,2.0,661.1
Lab A,1340,TRF,2026-06-27,2,6.333,0.5,661.3
Lab A,1340,TRF,2026-06-27,2,6.5,0.8,661.3
Lab A,1340,TRF,2026-06-27,2,6.667,0.4,660.5
Lab A,1340,TRF,2026-06-27,2,6.833,19.4,658.5
Lab A,1340,TRF,2026-06-27,2,7.0,11.1,659.1
Lab A,1340,TRF,2026-06-27,2,7.167,2.2,660.3
Lab A,1340,TRF,2026-06-27,2,7.333,0.3,660.1
Lab A,1340,TRF,2026-06-27,2,7.5,0.0,660.0
Lab A,1340,TRF,2026-06-27,2,7.667,0.2,660.2
Lab A,1340,TRF,2026-06-27,2,7.833,0.2,660.1
Lab A,1340,TRF,2026-06-27,2,8.0,0.0,659.2
Lab A,1340,TRF,2026-06-27,2,8.167,0.7,659.1
Lab A,1340,TRF,2026-06-27,2,8.333,3.1,659.6
Lab A,1340,TRF,2026-06-27,2,8.5,0.4,660.4
Lab A,1340,TRF,2026-06-27,2,8.667,0.0,659.2
Lab A,1340,TRF,2026-06-27,2,8.833,0.0,659.8
Lab A,1340,TRF,2026-06-27,2,9.0,0.4,659.1
Lab A,1340,TRF,2026-06-27,2,9.167,0.1,660.1
Lab A,1340,TRF,2026-06-27,2,9.333,0.0,660.8
Lab A,1340,TRF,2026-06-27,2,9.5,2.4,659.2
Lab A,1340,TRF,2026-06-27,2,9.667,7.2,658.5
Lab A,1340,TRF,2026-06-27,2,9.833,5.7,658.9
Lab A,1340,TRF,2026-06-27,2,10.0,0.1,659.5
Lab A,1340,TRF,2026-06-27,2,10.167,0.5,659.3
Lab A,1340,TRF,2026-06-27,2,10.333,0.1,659.4
Lab A,1340,TRF,2026-06-27,2,10.5,0.0,659.7
Lab A,1340,TRF,2026-06-27,2,10.667,0.2,658.7
Lab A,1340,TRF,2026-06-27,2,10.833,0.8,658.4
Lab A,1340,TRF,2026-06-27,2,11.0,0.8,659.2
Lab A,1340,TRF,2026-06-27,2,11.167,1.1,659.3
Lab A,1340,TRF,2026-06-27,2,11.333,17.4,656.7
Lab A,1340,TRF,2026-06-27,2,11.5,6.4,650.7
Lab A,1340,TRF,2026-06-27,2,11.667,27.5,585.5
Lab A,1340,TRF,2026-06-27,2,11.833,26.9,640.3
Lab A,1340,TRF,2026-06-27,2,12.0,10.5,654.3
Lab A,1340,TRF,2026-06-27,2,12.167,9.8,657.5
Lab A,1340,TRF,2026-06-27,2,12.333,1.2,658.6
Lab A,1340,TRF,2026-06-27,2,12.5,0.0,659.1
Lab A,1340,TRF,2026-06-27,2,12.667,0.1,659.2
Lab A,1340,TRF,2026-06-27,2,12.833,0.0,658.5
Lab A,1340,TRF,2026-06-27,2,13.0,0.0,658.8
Lab A,1340,TRF,2026-06-27,2,13.167,0.7,658.6
Lab A,1340,TRF,2026-06-27,2,13.333,0.2,657.9
Lab A,1340,TRF,2026-06-27,2,13.5,0.0,657.8
Lab A,1340,TRF,2026-06-27,2,13.667,0.0,657.6
Lab A,1340,TRF,2026-06-27,2,13.833,10.3,657.8
Lab A,1340,TRF,2026-06-27,2,14.0,30.7,653.5
Lab A,1340,TRF,2026-06-27,2,14.167,7.6,655.7
Lab A,1340,TRF,2026-06-27,2,14.333,15.4,654.3
Lab A,1340,TRF,2026-06-27,2,14.5,10.9,655.4
Lab A,1340,TRF,2026-06-27,2,14.667,0.4,656.5
Lab A,1340,TRF,2026-06-27,2,14.833,0.4,656.5
Lab A,1340,TRF,2026-06-27,2,15.0,0.5,656.4
Lab A,1340,TRF,2026-06-27,2,15.167,0.3,656.0
Lab A,1340,TRF,2026-06-27,2,15.333,0.4,656.4
Lab A,1340,TRF,2026-06-27,2,15.5,1.7,656.7
Lab A,1340,TRF,2026-06-27,2,15.667,14.9,657.1
Lab A,1340,TRF,2026-06-27,2,15.833,10.8,655.3
Lab A,1340,TRF,2026-06-27,2,16.0,10.2,657.0
Lab A,1340,TRF,2026-06-27,2,16.167,0.1,656.1
Lab A,1340,TRF,2026-06-27,2,16.333,0.4,656.3
Lab A,1340,TRF,2026-06-27,2,16.5,0.2,655.3
Lab A,1340,TRF,2026-06-27,2,16.667,4.3,655.0
Lab A,1340,TRF,2026-06-27,2,16.833,12.7,655.8
Lab A,1340,TRF,2026-06-27,2,17.0,6.5,525.3
Lab A,1340,TRF,2026-06-27,2,17.167,5.6,0.0
Lab A,1340,TRF,2026-06-27,2,17.333,1.0,0.0
Lab A,1340,TRF,2026-06-27,2,17.5,10.5,0.0
Lab A,1340,TRF,2026-06-27,2,17.667,10.8,0.0
Lab A,1340,TRF,2026-06-27,2,17.833,27.6,0.0
Lab A,1340,TRF,2026-06-27,2,18.0,37.4,0.0
Lab A,1340,TRF,2026-06-27,2,18.167,25.3,0.0
Lab A,1340,TRF,2026-06-27,2,18.333,9.9,0.0
Lab A,1340,TRF,2026-06-27,2,18.5,46.2,0.0
Lab A,1340,TRF,2026-06-27,2,18.667,23.3,0.0
Lab A,1340,TRF,2026-06-27,2,18.833,2.5,0.0
Lab A,1340,TRF,2026-06-27,2,19.0,2.7,0.0
Lab A,1340,TRF,2026-06-27,2,19.167,5.0,0.0
Lab A,1340,TRF,2026-06-27,2,19.333,19.3,0.0
Lab A,1340,TRF,2026-06-27,2,19.5,13.3,0.0
Lab A,1340,TRF,2026-06-27,2,19.667,26.6,0.0
Lab A,1340,TRF,2026-06-27,2,19.833,15.3,0.0
Lab A,1340,TRF,2026-06-27,2,20.0,4.9,0.0
Lab A,1340,TRF,2026-06-27,2,20.167,19.2,0.0
Lab A,1340,TRF,2026-06-27,2,20.333,1.5,0.0
Lab A,1340,TRF,2026-06-27,2,20.5,9.6,0.0
Lab A,1340,TRF,2026-06-27,2,20.667,10.1,0.0
Lab A,1340,TRF,2026-06-27,2,20.833,0.4,0.0
Lab A,1340,TRF,2026-06-27,2,21.0,22.9,0.0
Lab A,1340,TRF,2026-06-27,2,21.167,4.6,0.0
Lab A,1340,TRF,2026-06-27,2,21.333,13.1,0.0
Lab A,1340,TRF,2026-06-27,2,21.5,34.9,0.0
Lab A,1340,TRF,2026-06-27,2,21.667,3.7,0.0
Lab A,1340,TRF,2026-06-27,2,21.833,1.5,0.0
Lab A,1340,TRF,2026-06-27,2,22.0,6.7,0.0
Lab A,1340,TRF,2026-06-27,2,22.167,0.5,0.0
Lab A,1340,TRF,2026-06-27,2,22.333,10.6,0.0
Lab A,1340,TRF,2026-06-27,2,22.5,0.0,0.0
Lab A,1340,TRF,2026-06-27,2,22.667,2.1,0.0
Lab A,1340,TRF,2026-06-27,2,22.833,3.6,0.0
Lab A,1340,TRF,2026-06-27,2,23.0,12.3,0.0
Lab A,1340,TRF,2026-06-27,2,23.167,1.3,0.0
Lab A,1340,TRF,2026-06-27,2,23.333,11.7,0.0
Lab A,1340,TRF,2026-06-27,2,23.5,4.9,0.0
Lab A,1340,TRF,2026-06-27,2,23.667,6.8,0.0
Lab A,1340,TRF,2026-06-27,2,23.833,1.2,0.0
Lab A,1340,TRF,2026-06-28,3,0.0,11.5,0.0
Lab A,1340,TRF,2026-06-28,3,0.167,2.0,0.0
Lab A,1340,TRF,2026-06-28,3,0.333,0.5,0.0
Lab A,1340,TRF,2026-06-28,3,0.5,9.3,0.0
Lab A,1340,TRF,2026-06-28,3,0.667,17.5,0.0
Lab A,1340,TRF,2026-06-28,3,0.833,16.7,0.0
Lab A,1340,TRF,2026-06-28,3,1.0,27.1,0.0
Lab A,1340,TRF,2026-06-28,3,1.167,0.7,0.0
Lab A,1340,TRF,2026-06-28,3,1.333,2.6,0.0
Lab A,1340,TRF,2026-06-28,3,1.5,1.4,0.0
Lab A,1340,TRF,2026-06-28,3,1.667,0.1,0.0
Lab A,1340,TRF,2026-06-28,3,1.833,8.1,0.0
Lab A,1340,TRF,2026-06-28,3,2.0,11.3,0.0
Lab A,1340,TRF,2026-06-28,3,2.167,11.0,0.0
Lab A,1340,TRF,2026-06-28,3,2.333,0.0,0.0
Lab A,1340,TRF,2026-06-28,3,2.5,0.9,0.0
Lab A,1340,TRF,2026-06-28,3,2.667,4.4,0.0
Lab A,1340,TRF,2026-06-28,3,2.833,13.5,0.0
Lab A,1340,TRF,2026-06-28,3,3.0,0.9,0.0
Lab A,1340,TRF,2026-06-28,3,3.167,2.2,0.0
Lab A,1340,TRF,2026-06-28,3,3.333,0.0,0.0
Lab A,1340,TRF,2026-06-28,3,3.5,17.7,0.0
Lab A,1340,TRF,2026-06-28,3,3.667,40.6,0.0
Lab A,1340,TRF,2026-06-28,3,3.833,10.9,0.0
Lab A,1340,TRF,2026-06-28,3,4.0,1.3,0.0
Lab A,1340,TRF,2026-06-28,3,4.167,0.2,0.0
Lab A,1340,TRF,2026-06-28,3,4.333,0.1,0.0
Lab A,1340,TRF,2026-06-28,3,4.5,1.2,0.0
Lab A,1340,TRF,2026-06-28,3,4.667,1.8,0.0
Lab A,1340,TRF,2026-06-28,3,4.833,0.0,0.0
Lab A,1340,TRF,2026-06-28,3,5.0,3.4,0.0
Lab A,1340,TRF,2026-06-28,3,5.167,0.7,602.6
Lab A,1340,TRF,2026-06-28,3,5.333,10.2,665.0
Lab A,1340,TRF,2026-06-28,3,5.5,,664.9
Lab A,1340,TRF,2026-06-28,3,5.667,0.3,664.5
Lab A,1340,TRF,2026-06-28,3,5.833,0.3,663.7
Lab A,1340,TRF,2026-06-28,3,6.0,0.0,664.3
Lab A,1340,TRF,2026-06-28,3,6.167,3.4,663.3
Lab A,1340,TRF,2026-06-28,3,6.333,0.1,663.1
Lab A,1340,TRF,2026-06-28,3,6.5,0.0,663.0
Lab A,1340,TRF,2026-06-28,3,6.667,0.1,662.5
Lab A,1340,TRF,2026-06-28,3,6.833,0.2,662.4
Lab A,1340,TRF,2026-06-28,3,7.0,3.1,661.7
Lab A,1340,TRF,2026-06-28,3,7.167,5.6,661.6
Lab A,1340,TRF,2026-06-28,3,7.333,14.1,660.9
Lab A,1340,TRF,2026-06-28,3,7.5,12.2,658.5
Lab A,1340,TRF,2026-06-28,3,7.667,0.3,661.9
Lab A,1340,TRF,2026-06-28,3,7.833,0.0,662.1
Lab A,1340,TRF,2026-06-28,3,8.0,0.4,661.9
Lab A,1340,TRF,2026-06-28,3,8.167,0.0,662.9
Lab A,1340,TRF,2026-06-28,3,8.333,0.0,662.6
Lab A,1340,TRF,2026-06-28,3,8.5,0.0,661.7
Lab A,1340,TRF,2026-06-28,3,8.667,0.1,661.9
Lab A,1340,TRF,2026-06-28,3,8.833,2.3,662.4
Lab A,1340,TRF,2026-06-28,3,9.0,0.3,661.3
Lab A,1340,TRF,2026-06-28,3,9.167,0.0,661.7
Lab A,1340,TRF,2026-06-28,3,9.333,0.0,661.4
Lab A,1340,TRF,2026-06-28,3,9.5,0.0,662.6
Lab A,1340,TRF,2026-06-28,3,9.667,3.5,661.5
Lab A,1340,TRF,2026-06-28,3,9.833,6.7,660.2
Lab A,1340,TRF,2026-06-28,3,10.0,8.3,659.9
Lab A,1340,TRF,2026-06-28,3,10.167,0.9,661.2
Lab A,1340,TRF,2026-06-28,3,10.333,0.4,660.9
Lab A,1340,TRF,2026-06-28,3,10.5,0.2,660.9
Lab A,1340,TRF,2026-06-28,3,10.667,0.2,660.3
Lab A,1340,TRF,2026-06-28,3,10.833,0.3,661.1
Lab A,1340,TRF,2026-06-28,3,11.0,0.1,660.1
Lab A,1340,TRF,2026-06-28,3,11.167,10.1,660.3
Lab A,1340,TRF,2026-06-28,3,11.333,49.3,649.4
Lab A,1340,TRF,2026-06-28,3,11.5,15.5,661.4
Lab A,1340,TRF,2026-06-28,3,11.667,9.2,669.4
Lab A,1340,TRF,2026-06-28,3,11.833,1.7,669.5
Lab A,1340,TRF,2026-06-28,3,12.0,0.3,669.3
Lab A,1340,TRF,2026-06-28,3,12.167,0.0,670.2
Lab A,1340,TRF,2026-06-28,3,12.333,0.0,671.1
Lab A,1340,TRF,2026-06-28,3,12.5,0.0,671.2
Lab A,1340,TRF,2026-06-28,3,12.667,4.3,668.1
Lab A,1340,TRF,2026-06-28,3,12.833,23.0,600.0
Lab A,1340,TRF,2026-06-28,3,13.0,4.4,651.9
Lab A,1340,TRF,2026-06-28,3,13.167,11.8,665.9
Lab A,1340,TRF,2026-06-28,3,13.333,1.6,666.8
Lab A,1340,TRF,2026-06-28,3,13.5,1.0,666.5
Lab A,1340,TRF,2026-06-28,3,13.667,0.0,666.7
Lab A,1340,TRF,2026-06-28,3,13.833,1.3,666.0
Lab A,1340,TRF,2026-06-28,3,14.0,0.7,666.9
Lab A,1340,TRF,2026-06-28,3,14.167,0.1,666.8
Lab A,1340,TRF,2026-06-28,3,14.333,5.0,666.4
Lab A,1340,TRF,2026-06-28,3,14.5,4.4,666.3
Lab A,1340,TRF,2026-06-28,3,14.667,3.7,665.3
Lab A,1340,TRF,2026-06-28,3,14.833,0.0,666.4
Lab A,1340,TRF,2026-06-28,3,15.0,0.1,666.1
Lab A,1340,TRF,2026-06-28,3,15.167,0.1,666.4
Lab A,1340,TRF,2026-06-28,3,15.333,0.1,665.6
Lab A,1340,TRF,2026-06-28,3,15.5,0.2,665.5
Lab A,1340,TRF,2026-06-28,3,15.667,1.0,666.0
Lab A,1340,TRF,2026-06-28,3,15.833,3.5,665.5
Lab A,1340,TRF,2026-06-28,3,16.0,12.0,665.4
Lab A,1340,TRF,2026-06-28,3,16.167,2.3,665.6
Lab A,1340,TRF,2026-06-28,3,16.333,0.1,665.6
Lab A,1340,TRF,2026-06-28,3,16.5,0.3,666.0
Lab A,1340,TRF,2026-06-28,3,16.667,0.8,665.3
Lab A,1340,TRF,2026-06-28,3,16.833,0.3,666.2
Lab A,1340,TRF,2026-06-28,3,17.0,4.8,532.7
Lab A,1340,TRF,2026-06-28,3,17.167,31.4,0.0
Lab A,1340,TRF,2026-06-28,3,17.333,9.7,0.0
Lab A,1340,TRF,2026-06-28,3,17.5,15.0,0.0
Lab A,1340,TRF,2026-06-28,3,17.667,8.9,0.0
Lab A,1340,TRF,2026-06-28,3,17.833,13.7,0.0
Lab A,1340,TRF,2026-06-28,3,18.0,14.3,0.0
Lab A,1340,TRF,2026-06-28,3,18.167,1.2,0.0
Lab A,1340,TRF,2026-06-28,3,18.333,7.0,0.0
Lab A,1340,TRF,2026-06-28,3,18.5,20.9,0.0
Lab A,1340,TRF,2026-06-28,3,18.667,21.3,0.0
Lab A,1340,TRF,2026-06-28,3,18.833,13.4,0.0
Lab A,1340,TRF,2026-06-28,3,19.0,9.0,0.0
Lab A,1340,TRF,2026-06-28,3,19.167,1.4,0.0
Lab A,1340,TRF,2026-06-28,3,19.333,16.2,0.0
Lab A,1340,TRF,2026-06-28,3,19.5,9.2,0.0
Lab A,1340,TRF,2026-06-28,3,19.667,27.2,0.0
Lab A,1340,TRF,2026-06-28,3,19.833,19.4,0.0
Lab A,1340,TRF,2026-06-28,3,20.0,12.8,0.0
Lab A,1340,TRF,2026-06-28,3,20.167,7.2,0.0
Lab A,1340,TRF,2026-06-28,3,20.333,0.3,0.0
Lab A,1340,TRF,2026-06-28,3,20.5,7.9,0.0
Lab A,1340,TRF,2026-06-28,3,20.667,0.7,0.0
Lab A,1340,TRF,2026-06-28,3,20.833,7.8,0.0
Lab A,1340,TRF,2026-06-28,3,21.0,7.3,0.0
Lab A,1340,TRF,2026-06-28,3,21.167,7.1,0.0
Lab A,1340,TRF,2026-06-28,3,21.333,11.3,0.0
Lab A,1340,TRF,2026-06-28,3,21.5,15.2,0.0
Lab A,1340,TRF,2026-06-28,3,21.667,4.2,0.0
Lab A,1340,TRF,2026-06-28,3,21.833,6.4,0.0
Lab A,1340,TRF,2026-06-28,3,22.0,39.4,0.0
Lab A,1340,TRF,2026-06-28,3,22.167,1.8,0.0
Lab A,1340,TRF,2026-06-28,3,22.333,11.5,0.0
Lab A,1340,TRF,2026-06-28,3,22.5,9.7,0.0
Lab A,1340,TRF,2026-06-28,3,22.667,0.3,0.0
Lab A,1340,TRF,2026-06-28,3,22.833,16.3,0.0
Lab A,1340,TRF,2026-06-28,3,23.0,26.7,0.0
Lab A,1340,TRF,2026-06-28,3,23.167,3.2,0.0
Lab A,1340,TRF,2026-06-28,3,23.333,1.3,0.0
Lab A,1340,TRF,2026-06-28,3,23.5,2.6,0.0
Lab A,1340,TRF,2026-06-28,3,23.667,13.7,0.0
Lab A,1340,TRF,2026-06-28,3,23.833,5.8,0.0
Lab A,1340,TRF,2026-06-29,4,0.0,1.4,0.0
Lab A,1340,TRF,2026-06-29,4,0.167,1.4,0.0
Lab A,1340,TRF,2026-06-29,4,0.333,0.6,0.0
Lab A,1340,TRF,2026-06-29,4,0.5,6.3,0.0
Lab A,1340,TRF,2026-06-29,4,0.667,2.8,0.0
Lab A,1340,TRF,2026-06-29,4,0.833,7.0,0.0
Lab A,1340,TRF,2026-06-29,4,1.0,0.0,0.0
Lab A,1340,TRF,2026-06-29,4,1.167,1.1,0.0
Lab A,1340,TRF,2026-06-29,4,1.333,7.5,0.0
Lab A,1340,TRF,2026-06-29,4,1.5,13.8,0.0
Lab A,1340,TRF,2026-06-29,4,1.667,1.2,0.0
Lab A,1340,TRF,2026-06-29,4,1.833,1.9,0.0
Lab A,1340,TRF,2026-06-29,4,2.0,2.8,0.0
Lab A,1340,TRF,2026-06-29,4,2.167,5.6,0.0
Lab A,1340,TRF,2026-06-29,4,2.333,11.5,0.0
Lab A,1340,TRF,2026-06-29,4,2.5,19.4,0.0
Lab A,1340,TRF,2026-06-29,4,2.667,0.7,0.0
Lab A,1340,TRF,2026-06-29,4,2.833,1.0,0.0
Lab A,1340,TRF,2026-06-29,4,3.0,11.7,0.0
Lab A,1340,TRF,2026-06-29,4,3.167,56.1,0.0
Lab A,1340,TRF,2026-06-29,4,3.333,28.5,0.0
Lab A,1340,TRF,2026-06-29,4,3.5,9.6,0.0
Lab A,1340,TRF,2026-06-29,4,3.667,0.0,0.0
Lab A,1340,TRF,2026-06-29,4,3.833,12.7,0.0
Lab A,1340,TRF,2026-06-29,4,4.0,22.9,0.0
Lab A,1340,TRF,2026-06-29,4,4.167,3.9,0.0
Lab A,1340,TRF,2026-06-29,4,4.333,0.0,0.0
Lab A,1340,TRF,2026-06-29,4,4.5,0.2,0.0
Lab A,1340,TRF,2026-06-29,4,4.667,0.2,0.0
Lab A,1340,TRF,2026-06-29,4,4.833,9.5,0.0
Lab A,1340,TRF,2026-06-29,4,5.0,4.8,0.0
Lab A,1340,TRF,2026-06-29,4,5.167,0.4,613.5
Lab A,1340,TRF,2026-06-29,4,5.333,0.0,676.9
Lab A,1340,TRF,2026-06-29,4,5.5,0.0,675.3
Lab A,1340,TRF,2026-06-29,4,5.667,1.4,674.5
Lab A,1340,TRF,2026-06-29,4,5.833,2.0,674.7
Lab A,1340,TRF,2026-06-29,4,6.0,0.2,674.7
Lab A,1340,TRF,2026-06-29,4,6.167,0.0,674.4
Lab A,1340,TRF,2026-06-29,4,6.333,0.8,674.2
Lab A,1340,TRF,2026-06-29,4,6.5,0.0,673.7
Lab A,1340,TRF,2026-06-29,4,6.667,0.2,674.6
Lab A,1340,TRF,2026-06-29,4,6.833,1.0,673.7
Lab A,1340,TRF,2026-06-29,4,7.0,3.1,673.2
Lab A,1340,TRF,2026-06-29,4,7.167,16.4,668.4
Lab A,1340,TRF,2026-06-29,4,7.333,0.3,672.8
Lab A,1340,TRF,2026-06-29,4,7.5,0.1,673.4
Lab A,1340,TRF,2026-06-29,4,7.667,0.0,673.8
Lab A,1340,TRF,2026-06-29,4,7.833,0.0,673.1
Lab A,1340,TRF,2026-06-29,4,8.0,4.2,672.7
Lab A,1340,TRF,2026-06-29,4,8.167,10.7,672.8
Lab A,1340,TRF,2026-06-29,4,8.333,0.3,673.3
Lab A,1340,TRF,2026-06-29,4,8.5,0.4,673.2
Lab A,1340,TRF,2026-06-29,4,8.667,8.0,673.0
Lab A,1340,TRF,2026-06-29,4,8.833,1.7,673.1
Lab A,1340,TRF,2026-06-29,4,9.0,0.8,673.8
Lab A,1340,TRF,2026-06-29,4,9.167,0.1,673.6
Lab A,1340,TRF,2026-06-29,4,9.333,1.4,673.0
Lab A,1340,TRF,2026-06-29,4,9.5,6.1,672.5
Lab A,1340,TRF,2026-06-29,4,9.667,7.8,669.8
Lab A,1340,TRF,2026-06-29,4,9.833,20.9,665.7
Lab A,1340,TRF,2026-06-29,4,10.0,3.5,671.9
Lab A,1340,TRF,2026-06-29,4,10.167,0.0,673.4
Lab A,1340,TRF,2026-06-29,4,10.333,0.2,672.9
Lab A,1340,TRF,2026-06-29,4,10.5,0.5,672.5
Lab A,1340,TRF,2026-06-29,4,10.667,0.0,671.8
Lab A,1340,TRF,2026-06-29,4,10.833,0.4,671.0
Lab A,1340,TRF,2026-06-29,4,11.0,14.4,614.3
Lab A,1340,TRF,2026-06-29,4,11.167,18.2,617.4
Lab A,1340,TRF,2026-06-29,4,11.333,25.3,653.1
Lab A,1340,TRF,2026-06-29,4,11.5,2.7,664.6
Lab A,1340,TRF,2026-06-29,4,11.667,0.0,665.2
Lab A,1340,TRF,2026-06-29,4,11.833,0.2,664.8
Lab A,1340,TRF,2026-06-29,4,12.0,0.2,665.2
Lab A,1340,TRF,2026-06-29,4,12.167,0.8,664.8
Lab A,1340,TRF,2026-06-29,4,12.333,2.6,664.0
Lab A,1340,TRF,2026-06-29,4,12.5,0.3,666.8
Lab A,1340,TRF,2026-06-29,4,12.667,0.3,667.0
Lab A,1340,TRF,2026-06-29,4,12.833,0.7,666.9
Lab A,1340,TRF,2026-06-29,4,13.0,0.5,666.9
Lab A,1340,TRF,2026-06-29,4,13.167,4.9,666.7
Lab A,1340,TRF,2026-06-29,4,13.333,3.1,667.1
Lab A,1340,TRF,2026-06-29,4,13.5,11.5,665.1
Lab A,1340,TRF,2026-06-29,4,13.667,0.4,664.8
Lab A,1340,TRF,2026-06-29,4,13.833,0.0,665.3
Lab A,1340,TRF,2026-06-29,4,14.0,0.1,665.1
Lab A,1340,TRF,2026-06-29,4,14.167,0.0,664.6
Lab A,1340,TRF,2026-06-29,4,14.333,0.2,665.1
Lab A,1340,TRF,2026-06-29,4,14.5,0.0,665.2
Lab A,1340,TRF,2026-06-29,4,14.667,0.2,664.9
Lab A,1340,TRF,2026-06-29,4,14.833,0.0,664.8
Lab A,1340,TRF,2026-06-29,4,15.0,1.0,664.9
Lab A,1340,TRF,2026-06-29,4,15.167,0.6,664.9
Lab A,1340,TRF,2026-06-29,4,15.333,0.6,664.4
Lab A,1340,TRF,2026-06-29,4,15.5,6.6,663.9
Lab A,1340,TRF,2026-06-29,4,15.667,8.8,663.8
Lab A,1340,TRF,2026-06-29,4,15.833,0.6,665.9
Lab A,1340,TRF,2026-06-29,4,16.0,0.0,665.7
Lab A,1340,TRF,2026-06-29,4,16.167,0.0,665.7
Lab A,1340,TRF,2026-06-29,4,16.333,0.0,665.5
Lab A,1340,TRF,2026-06-29,4,16.5,3.6,665.5
Lab A,1340,TRF,2026-06-29,4,16.667,6.3,664.7
Lab A,1340,TRF,2026-06-29,4,16.833,0.0,664.7
Lab A,1340,TRF,2026-06-29,4,17.0,1.8,531.8
Lab A,1340,TRF,2026-06-29,4,17.167,8.9,0.0
Lab A,1340,TRF,2026-06-29,4,17.333,13.9,0.0
Lab A,1340,TRF,2026-06-29,4,17.5,35.3,0.0
Lab A,1340,TRF,2026-06-29,4,17.667,11.0,0.0
Lab A,1340,TRF,2026-06-29,4,17.833,5.4,0.0
Lab A,1340,TRF,2026-06-29,4,18.0,9.4,0.0
Lab A,1340,TRF,2026-06-29,4,18.167,16.2,0.0
Lab A,1340,TRF,2026-06-29,4,18.333,22.4,0.0
Lab A,1340,TRF,2026-06-29,4,18.5,14.8,0.0
Lab A,1340,TRF,2026-06-29,4,18.667,13.9,0.0
Lab A,1340,TRF,2026-06-29,4,18.833,1.3,0.0
Lab A,1340,TRF,2026-06-29,4,19.0,0.8,0.0
Lab A,1340,TRF,2026-06-29,4,19.167,3.6,0.0
Lab A,1340,TRF,2026-06-29,4,19.333,23.6,0.0
Lab A,1340,TRF,2026-06-29,4,19.5,16.9,0.0
Lab A,1340,TRF,2026-06-29,4,19.667,14.6,0.0
Lab A,1340,TRF,2026-06-29,4,19.833,2.5,0.0
Lab A,1340,TRF,2026-06-29,4,20.0,9.5,0.0
Lab A,1340,TRF,2026-06-29,4,20.167,16.5,0.0
Lab A,1340,TRF,2026-06-29,4,20.333,7.2,0.0
Lab A,1340,TRF,2026-06-29,4,20.5,8.8,0.0
Lab A,1340,TRF,2026-06-29,4,20.667,1.1,0.0
Lab A,1340,TRF,2026-06-29,4,20.833,11.6,0.0
Lab A,1340,TRF,2026-06-29,4,21.0,18.1,0.0
Lab A,1340,TRF,2026-06-29,4,21.167,1.0,0.0
Lab A,1340,TRF,2026-06-29,4,21.333,8.5,0.0
Lab A,1340,TRF,2026-06-29,4,21.5,5.5,0.0
Lab A,1340,TRF,2026-06-29,4,21.667,1.7,0.0
Lab A,1340,TRF,2026-06-29,4,21.833,16.8,0.0
Lab A,1340,TRF,2026-06-29,4,22.0,37.4,0.0
Lab A,1340,TRF,2026-06-29,4,22.167,31.1,0.0
Lab A,1340,TRF,2026-06-29,4,22.333,13.3,0.0
Lab A,1340,TRF,2026-06-29,4,22.5,1.2,0.0
Lab A,1340,TRF,2026-06-29,4,22.667,0.6,0.0
Lab A,1340,TRF,2026-06-29,4,22.833,9.1,0.0
Lab A,1340,TRF,2026-06-29,4,23.0,9.5,0.0
Lab A,1340,TRF,2026-06-29,4,23.167,1.7,0.0
Lab A,1340,TRF,2026-06-29,4,23.333,3.0,0.0
Lab A,1340,TRF,2026-06-29,4,23.5,9.3,0.0
Lab A,1340,TRF,2026-06-29,4,23.667,1.5,0.0
Lab A,1340,TRF,2026-06-29,4,23.833,26.7,0.0
Lab A,1340,TRF,2026-06-30,5,0.0,7.0,0.0
Lab A,1340,TRF,2026-06-30,5,0.167,3.3,0.0
Lab A,1340,TRF,2026-06-30,5,0.333,16.9,0.0
Lab A,1340,TRF,2026-06-30,5,0.5,0.6,0.0
Lab A,1340,TRF,2026-06-30,5,0.667,4.7,0.0
Lab A,1340,TRF,2026-06-30,5,0.833,7.7,0.0
Lab A,1340,TRF,2026-06-30,5,1.0,7.3,0.0
Lab A,1340,TRF,2026-06-30,5,1.167,2.9,0.0
Lab A,1340,TRF,2026-06-30,5,1.333,1.0,0.0
Lab A,1340,TRF,2026-06-30,5,1.5,18.7,0.0
Lab A,1340,TRF,2026-06-30,5,1.667,33.8,0.0
Lab A,1340,TRF,2026-06-30,5,1.833,9.4,0.0
Lab A,1340,TRF,2026-06-30,5,2.0,0.1,0.0
Lab A,1340,TRF,2026-06-30,5,2.167,1.6,0.0
Lab A,1340,TRF,2026-06-30,5,2.333,14.7,0.0
Lab A,1340,TRF,2026-06-30,5,2.5,5.8,0.0
Lab A,1340,TRF,2026-06-30,5,2.667,12.1,0.0
Lab A,1340,TRF,2026-06-30,5,2.833,2.5,0.0
Lab A,1340,TRF,2026-06-30,5,3.0,3.4,0.0
Lab A,1340,TRF,2026-06-30,5,3.167,8.5,0.0
Lab A,1340,TRF,2026-06-30,5,3.333,17.2,0.0
Lab A,1340,TRF,2026-06-30,5,3.5,16.9,0.0
Lab A,1340,TRF,2026-06-30,5,3.667,0.6,0.0
Lab A,1340,TRF,2026-06-30,5,3.833,0.4,0.0
Lab A,1340,TRF,2026-06-30,5,4.0,6.2,0.0
Lab A,1340,TRF,2026-06-30,5,4.167,11.6,0.0
Lab A,1340,TRF,2026-06-30,5,4.333,0.5,0.0
Lab A,1340,TRF,2026-06-30,5,4.5,2.2,0.0
Lab A,1340,TRF,2026-06-30,5,4.667,3.2,0.0
Lab A,1340,TRF,2026-06-30,5,4.833,4.0,0.0
Lab A,1340,TRF,2026-06-30,5,5.0,0.5,0.0
Lab A,1340,TRF,2026-06-30,5,5.167,0.4,605.7
Lab A,1340,TRF,2026-06-30,5,5.333,0.6,668.7
Lab A,1340,TRF,2026-06-30,5,5.5,1.5,667.8
Lab A,1340,TRF,2026-06-30,5,5.667,15.5,666.0
Lab A,1340,TRF,2026-06-30,5,5.833,7.7,666.8
Lab A,1340,TRF,2026-06-30,5,6.0,0.8,667.4
Lab A,1340,TRF,2026-06-30,5,6.167,3.0,666.6
Lab A,1340,TRF,2026-06-30,5,6.333,0.0,666.1
Lab A,1340,TRF,2026-06-30,5,6.5,0.0,664.9
Lab A,1340,TRF,2026-06-30,5,6.667,0.3,665.3
Lab A,1340,TRF,2026-06-30,5,6.833,0.7,665.9
Lab A,1340,TRF,2026-06-30,5,7.0,0.8,666.1
Lab A,1340,TRF,2026-06-30,5,7.167,0.1,665.6
Lab A,1340,TRF,2026-06-30,5,7.333,9.4,665.1
Lab A,1340,TRF,2026-06-30,5,7.5,13.0,664.9
Lab A,1340,TRF,2026-06-30,5,7.667,6.9,666.9
Lab A,1340,TRF,2026-06-30,5,7.833,0.2,666.9
Lab A,1340,TRF,2026-06-30,5,8.0,0.4,667.4
Lab A,1340,TRF,2026-06-30,5,8.167,0.7,667.1
Lab A,1340,TRF,2026-06-30,5,8.333,14.7,667.0
Lab A,1340,TRF,2026-06-30,5,8.5,2.9,666.7
Lab A,1340,TRF,2026-06-30,5,8.667,0.0,666.4
Lab A,1340,TRF,2026-06-30,5,8.833,3.7,666.9
Lab A,1340,TRF,2026-06-30,5,9.0,0.3,667.3
Lab A,1340,TRF,2026-06-30,5,9.167,5.5,667.2
Lab A,1340,TRF,2026-06-30,5,9.333,8.0,665.6
Lab A,1340,TRF,2026-06-30,5,9.5,0.2,666.3
Lab A,1340,TRF,2026-06-30,5,9.667,0.5,666.3
Lab A,1340,TRF,2026-06-30,5,9.833,0.4,666.5
Lab A,1340,TRF,2026-06-30,5,10.0,0.7,666.3
Lab A,1340,TRF,2026-06-30,5,10.167,0.6,665.8
Lab A,1340,TRF,2026-06-30,5,10.333,0.1,666.5
Lab A,1340,TRF,2026-06-30,5,10.5,3.2,666.2
Lab A,1340,TRF,2026-06-30,5,10.667,9.7,663.4
Lab A,1340,TRF,2026-06-30,5,10.833,2.6,666.0
Lab A,1340,TRF,2026-06-30,5,11.0,0.0,666.5
Lab A,1340,TRF,2026-06-30,5,11.167,0.2,666.0
Lab A,1340,TRF,2026-06-30,5,11.333,0.9,666.1
Lab A,1340,TRF,2026-06-30,5,11.5,0.0,666.3
Lab A,1340,TRF,2026-06-30,5,11.667,0.5,658.6
Lab A,1340,TRF,2026-06-30,5,11.833,28.4,602.8
Lab A,1340,TRF,2026-06-30,5,12.0,26.2,607.3
Lab A,1340,TRF,2026-06-30,5,12.167,18.5,650.3
Lab A,1340,TRF,2026-06-30,5,12.333,14.9,659.1
Lab A,1340,TRF,2026-06-30,5,12.5,31.9,658.8
Lab A,1340,TRF,2026-06-30,5,12.667,14.9,659.9
Lab A,1340,TRF,2026-06-30,5,12.833,0.7,662.3
Lab A,1340,TRF,2026-06-30,5,13.0,0.0,662.5
Lab A,1340,TRF,2026-06-30,5,13.167,0.6,661.8
Lab A,1340,TRF,2026-06-30,5,13.333,0.2,661.9
Lab A,1340,TRF,2026-06-30,5,13.5,0.0,662.0
Lab A,1340,TRF,2026-06-30,5,13.667,0.6,661.9
Lab A,1340,TRF,2026-06-30,5,13.833,0.3,661.9
Lab A,1340,TRF,2026-06-30,5,14.0,0.0,661.7
Lab A,1340,TRF,2026-06-30,5,14.167,6.4,661.8
Lab A,1340,TRF,2026-06-30,5,14.333,6.3,661.6
Lab A,1340,TRF,2026-06-30,5,14.5,0.4,661.9
Lab A,1340,TRF,2026-06-30,5,14.667,0.0,661.3
Lab A,1340,TRF,2026-06-30,5,14.833,0.3,661.6
Lab A,1340,TRF,2026-06-30,5,15.0,0.6,661.6
Lab A,1340,TRF,2026-06-30,5,15.167,4.5,657.6
Lab A,1340,TRF,2026-06-30,5,15.333,4.9,661.2
Lab A,1340,TRF,2026-06-30,5,15.5,0.0,661.4
Lab A,1340,TRF,2026-06-30,5,15.667,0.0,661.5
Lab A,1340,TRF,2026-06-30,5,15.833,0.0,661.5
Lab A,1340,TRF,2026-06-30,5,16.0,0.0,661.6
Lab A,1340,TRF,2026-06-30,5,16.167,1.9,661.3
Lab A,1340,TRF,2026-06-30,5,16.333,5.8,661.1
Lab A,1340,TRF,2026-06-30,5,16.5,1.5,660.6
Lab A,1340,TRF,2026-06-30,5,16.667,0.0,660.8
Lab A,1340,TRF,2026-06-30,5,16.833,0.1,661.0
Lab A,1340,TRF,2026-06-30,5,17.0,4.0,528.9
Lab A,1340,TRF,2026-06-30,5,17.167,,
Lab A,1340,TRF,2026-06-30,5,17.333,56.0,0.0
Lab A,1340,TRF,2026-06-30,5,17.5,5.7,0.0
Lab A,1340,TRF,2026-06-30,5,17.667,11.2,0.0
Lab A,1340,TRF,2026-06-30,5,17.833,31.7,0.0
Lab A,1340,TRF,2026-06-30,5,18.0,48.8,0.0
Lab A,1340,TRF,2026-06-30,5,18.167,29.8,0.0
Lab A,1340,TRF,2026-06-30,5,18.333,22.7,0.0
Lab A,1340,TRF,2026-06-30,5,18.5,8.1,0.0
Lab A,1340,TRF,2026-06-30,5,18.667,2.3,0.0
Lab A,1340,TRF,2026-06-30,5,18.833,10.2,0.0
Lab A,1340,TRF,2026-06-30,5,19.0,,
Lab A,1340,TRF,2026-06-30,5,19.167,16.1,0.0
Lab A,1340,TRF,2026-06-30,5,19.333,20.7,0.0
Lab A,1340,TRF,2026-06-30,5,19.5,31.5,0.0
Lab A,1340,TRF,2026-06-30,5,19.667,18.2,0.0
Lab A,1340,TRF,2026-06-30,5,19.833,20.9,0.0
Lab A,1340,TRF,2026-06-30,5,20.0,8.5,0.0
Lab A,1340,TRF,2026-06-30,5,20.167,10.7,0.0
Lab A,1340,TRF,2026-06-30,5,20.333,20.6,0.0
Lab A,1340,TRF,2026-06-30,5,20.5,3.4,0.0
Lab A,1340,TRF,2026-06-30,5,20.667,4.9,0.0
Lab A,1340,TRF,2026-06-30,5,20.833,17.0,0.0
Lab A,1340,TRF,2026-06-30,5,21.0,,
Lab A,1340,TRF,2026-06-30,5,21.167,,
Lab A,1340,TRF,2026-06-30,5,21.333,15.3,0.0
Lab A,1340,TRF,2026-06-30,5,21.5,11.7,0.0
Lab A,1340,TRF,2026-06-30,5,21.667,0.4,0.0
Lab A,1340,TRF,2026-06-30,5,21.833,0.3,0.0
Lab A,1340,TRF,2026-06-30,5,22.0,14.2,0.0
Lab A,1340,TRF,2026-06-30,5,22.167,3.0,0.0
Lab A,1340,TRF,2026-06-30,5,22.333,0.6,0.0
Lab A,1340,TRF,2026-06-30,5,22.5,4.7,0.0
Lab A,1340,TRF,2026-06-30,5,22.667,22.5,0.0
Lab A,1340,TRF,2026-06-30,5,22.833,3.9,0.0
Lab A,1340,TRF,2026-06-30,5,23.0,,
Lab A,1340,TRF,2026-06-30,5,23.167,8.4,0.0
Lab A,1340,TRF,2026-06-30,5,23.333,33.3,0.0
Lab A,1340,TRF,2026-06-30,5,23.5,38.2,0.0
Lab A,1340,TRF,2026-06-30,5,23.667,33.8,0.0
Lab A,1340,TRF,2026-06-30,5,23.833,24.4,0.0
Lab A,1340,TRF,2026-07-01,6,0.0,0.5,0.0
Lab A,1340,TRF,2026-07-01,6,0.167,2.4,0.0
Lab A,1340,TRF,2026-07-01,6,0.333,26.2,0.0
Lab A,1340,TRF,2026-07-01,6,0.5,15.0,0.0
Lab A,1340,TRF,2026-07-01,6,0.667,2.3,0.0
Lab A,1340,TRF,2026-07-01,6,0.833,0.0,0.0
Lab A,1340,TRF,2026-07-01,6,1.0,,
Lab A,1340,TRF,2026-07-01,6,1.167,9.4,0.0
Lab A,1340,TRF,2026-07-01,6,1.333,0.5,0.0
Lab A,1340,TRF,2026-07-01,6,1.5,10.8,0.0
Lab A,1340,TRF,2026-07-01,6,1.667,3.6,0.0
Lab A,1340,TRF,2026-07-01,6,1.833,0.3,0.0
Lab A,1340,TRF,2026-07-01,6,2.0,5.2,0.0
Lab A,1340,TRF,2026-07-01,6,2.167,10.2,0.0
Lab A,1340,TRF,2026-07-01,6,2.333,1.3,0.0
Lab A,1340,TRF,2026-07-01,6,2.5,5.9,0.0
Lab A,1340,TRF,2026-07-01,6,2.667,2.1,0.0
Lab A,1340,TRF,2026-07-01,6,2.833,14.4,0.0
Lab A,1340,TRF,2026-07-01,6,3.0,,
Lab A,1340,TRF,2026-07-01,6,3.167,0.0,0.0
Lab A,1340,TRF,2026-07-01,6,3.333,0.4,0.0
Lab A,1340,TRF,2026-07-01,6,3.5,10.1,0.0
Lab A,1340,TRF,2026-07-01,6,3.667,40.2,0.0
Lab A,1340,TRF,2026-07-01,6,3.833,40.1,0.0
Lab A,1340,TRF,2026-07-01,6,4.0,3.1,0.0
Lab A,1340,TRF,2026-07-01,6,4.167,1.1,0.0
Lab A,1340,TRF,2026-07-01,6,4.333,0.6,0.0
Lab A,1340,TRF,2026-07-01,6,4.5,4.6,0.0
Lab A,1340,TRF,2026-07-01,6,4.667,4.5,0.0
Lab A,1340,TRF,2026-07-01,6,4.833,0.0,0.0
Lab A,1341,TRF,2026-06-24,-1,5.0,0.0,0.0
Lab A,1341,TRF,2026-06-24,-1,5.167,0.0,643.9
Lab A,1341,TRF,2026-06-24,-1,5.333,0.0,710.3
Lab A,1341,TRF,2026-06-24,-1,5.5,0.0,708.8
Lab A,1341,TRF,2026-06-24,-1,5.667,0.0,707.8
Lab A,1341,TRF,2026-06-24,-1,5.833,1.8,707.1
Lab A,1341,TRF,2026-06-24,-1,6.0,0.0,707.3
Lab A,1341,TRF,2026-06-24,-1,6.167,0.0,706.6
Lab A,1341,TRF,2026-06-24,-1,6.333,0.0,706.6
Lab A,1341,TRF,2026-06-24,-1,6.5,0.0,707.2
Lab A,1341,TRF,2026-06-24,-1,6.667,0.0,706.2
Lab A,1341,TRF,2026-06-24,-1,6.833,0.0,706.1
Lab A,1341,TRF,2026-06-24,-1,7.0,0.0,705.1
Lab A,1341,TRF,2026-06-24,-1,7.167,15.4,699.5
Lab A,1341,TRF,2026-06-24,-1,7.333,4.6,705.5
Lab A,1341,TRF,2026-06-24,-1,7.5,0.0,707.9
Lab A,1341,TRF,2026-06-24,-1,7.667,0.0,707.6
Lab A,1341,TRF,2026-06-24,-1,7.833,0.0,707.3
Lab A,1341,TRF,2026-06-24,-1,8.0,0.0,707.7
Lab A,1341,TRF,2026-06-24,-1,8.167,0.0,707.9
Lab A,1341,TRF,2026-06-24,-1,8.333,0.0,707.0
Lab A,1341,TRF,2026-06-24,-1,8.5,0.0,706.7
Lab A,1341,TRF,2026-06-24,-1,8.667,0.0,707.1
Lab A,1341,TRF,2026-06-24,-1,8.833,0.0,707.0
Lab A,1341,TRF,2026-06-24,-1,9.0,0.0,707.4
Lab A,1341,TRF,2026-06-24,-1,9.167,0.0,707.1
Lab A,1341,TRF,2026-06-24,-1,9.333,0.0,706.6
Lab A,1341,TRF,2026-06-24,-1,9.5,0.0,706.9
Lab A,1341,TRF,2026-06-24,-1,9.667,0.0,707.2
Lab A,1341,TRF,2026-06-24,-1,9.833,0.0,707.3
Lab A,1341,TRF,2026-06-24,-1,10.0,0.0,706.9
Lab A,1341,TRF,2026-06-24,-1,10.167,0.0,706.6
Lab A,1341,TRF,2026-06-24,-1,10.333,0.0,706.9
Lab A,1341,TRF,2026-06-24,-1,10.5,0.0,707.0
Lab A,1341,TRF,2026-06-24,-1,10.667,0.0,706.3
Lab A,1341,TRF,2026-06-24,-1,10.833,0.0,706.5
Lab A,1341,TRF,2026-06-24,-1,11.0,0.0,706.4
Lab A,1341,TRF,2026-06-24,-1,11.167,9.8,703.9
Lab A,1341,TRF,2026-06-24,-1,11.333,34.7,698.9
Lab A,1341,TRF,2026-06-24,-1,11.5,27.8,702.6
Lab A,1341,TRF,2026-06-24,-1,11.667,3.9,705.3
Lab A,1341,TRF,2026-06-24,-1,11.833,0.2,688.8
Lab A,1341,TRF,2026-06-24,-1,12.0,19.4,631.7
Lab A,1341,TRF,2026-06-24,-1,12.167,0.0,688.0
Lab A,1341,TRF,2026-06-24,-1,12.333,0.0,702.9
Lab A,1341,TRF,2026-06-24,-1,12.5,0.0,703.2
Lab A,1341,TRF,2026-06-24,-1,12.667,0.0,703.2
Lab A,1341,TRF,2026-06-24,-1,12.833,0.0,702.7
Lab A,1341,TRF,2026-06-24,-1,13.0,0.0,702.3
Lab A,1341,TRF,2026-06-24,-1,13.167,0.0,702.9
Lab A,1341,TRF,2026-06-24,-1,13.333,0.0,702.7
Lab A,1341,TRF,2026-06-24,-1,13.5,0.0,702.4
Lab A,1341,TRF,2026-06-24,-1,13.667,0.0,702.5
Lab A,1341,TRF,2026-06-24,-1,13.833,0.0,701.8
Lab A,1341,TRF,2026-06-24,-1,14.0,7.5,701.4
Lab A,1341,TRF,2026-06-24,-1,14.167,0.0,701.1
Lab A,1341,TRF,2026-06-24,-1,14.333,0.0,701.6
Lab A,1341,TRF,2026-06-24,-1,14.5,0.0,701.6
Lab A,1341,TRF,2026-06-24,-1,14.667,0.0,701.5
Lab A,1341,TRF,2026-06-24,-1,14.833,0.0,701.4
Lab A,1341,TRF,2026-06-24,-1,15.0,0.0,701.3
Lab A,1341,TRF,2026-06-24,-1,15.167,0.0,701.6
Lab A,1341,TRF,2026-06-24,-1,15.333,0.0,701.8
Lab A,1341,TRF,2026-06-24,-1,15.5,0.0,701.5
Lab A,1341,TRF,2026-06-24,-1,15.667,6.1,700.8
Lab A,1341,TRF,2026-06-24,-1,15.833,12.9,697.1
Lab A,1341,TRF,2026-06-24,-1,16.0,24.1,694.5
Lab A,1341,TRF,2026-06-24,-1,16.167,19.6,698.6
Lab A,1341,TRF,2026-06-24,-1,16.333,0.0,702.6
Lab A,1341,TRF,2026-06-24,-1,16.5,0.0,702.2
Lab A,1341,TRF,2026-06-24,-1,16.667,0.0,702.3
Lab A,1341,TRF,2026-06-24,-1,16.833,0.0,702.7
Lab A,1341,TRF,2026-06-24,-1,17.0,0.0,562.3
Lab A,1341,TRF,2026-06-24,-1,17.167,0.0,0.0
Lab A,1341,TRF,2026-06-24,-1,17.333,1.7,0.0
Lab A,1341,TRF,2026-06-24,-1,17.5,0.0,0.0
Lab A,1341,TRF,2026-06-24,-1,17.667,8.1,0.0
Lab A,1341,TRF,2026-06-24,-1,17.833,14.9,0.0
Lab A,1341,TRF,2026-06-24,-1,18.0,16.2,0.0
Lab A,1341,TRF,2026-06-24,-1,18.167,59.3,0.0
Lab A,1341,TRF,2026-06-24,-1,18.333,37.5,0.0
Lab A,1341,TRF,2026-06-24,-1,18.5,37.9,0.0
Lab A,1341,TRF,2026-06-24,-1,18.667,22.7,0.0
Lab A,1341,TRF,2026-06-24,-1,18.833,7.7,0.0
Lab A,1341,TRF,2026-06-24,-1,19.0,0.0,0.0
Lab A,1341,TRF,2026-06-24,-1,19.167,0.0,0.0
Lab A,1341,TRF,2026-06-24,-1,19.333,0.0,0.0
Lab A,1341,TRF,2026-06-24,-1,19.5,5.1,0.0
Lab A,1341,TRF,2026-06-24,-1,19.667,1.7,0.0
Lab A,1341,TRF,2026-06-24,-1,19.833,0.0,0.0
Lab A,1341,TRF,2026-06-24,-1,20.0,0.0,0.0
Lab A,1341,TRF,2026-06-24,-1,20.167,6.2,0.0
Lab A,1341,TRF,2026-06-24,-1,20.333,0.0,0.0
Lab A,1341,TRF,2026-06-24,-1,20.5,0.0,0.0
Lab A,1341,TRF,2026-06-24,-1,20.667,0.0,0.0
Lab A,1341,TRF,2026-06-24,-1,20.833,4.7,0.0
Lab A,1341,TRF,2026-06-24,-1,21.0,23.5,0.0
Lab A,1341,TRF,2026-06-24,-1,21.167,15.8,0.0
Lab A,1341,TRF,2026-06-24,-1,21.333,0.0,0.0
Lab A,1341,TRF,2026-06-24,-1,21.5,0.0,0.0
Lab A,1341,TRF,2026-06-24,-1,21.667,0.0,0.0
Lab A,1341,TRF,2026-06-24,-1,21.833,0.0,0.0
Lab A,1341,TRF,2026-06-24,-1,22.0,0.0,0.0
Lab A,1341,TRF,2026-06-24,-1,22.167,3.3,0.0
Lab A,1341,TRF,2026-06-24,-1,22.333,0.0,0.0
Lab A,1341,TRF,2026-06-24,-1,22.5,5.4,0.0
Lab A,1341,TRF,2026-06-24,-1,22.667,23.4,0.0
Lab A,1341,TRF,2026-06-24,-1,22.833,38.7,0.0
Lab A,1341,TRF,2026-06-24,-1,23.0,38.5,0.0
Lab A,1341,TRF,2026-06-24,-1,23.167,16.7,0.0
Lab A,1341,TRF,2026-06-24,-1,23.333,0.0,0.0
Lab A,1341,TRF,2026-06-24,-1,23.5,0.0,0.0
Lab A,1341,TRF,2026-06-24,-1,23.667,0.0,0.0
Lab A,1341,TRF,2026-06-24,-1,23.833,0.0,0.0
Lab A,1341,TRF,2026-06-25,0,0.0,0.0,0.0
Lab A,1341,TRF,2026-06-25,0,0.167,0.0,0.0
Lab A,1341,TRF,2026-06-25,0,0.333,0.0,0.0
Lab A,1341,TRF,2026-06-25,0,0.5,5.9,0.0
Lab A,1341,TRF,2026-06-25,0,0.667,0.0,0.0
Lab A,1341,TRF,2026-06-25,0,0.833,0.0,0.0
Lab A,1341,TRF,2026-06-25,0,1.0,0.0,0.0
Lab A,1341,TRF,2026-06-25,0,1.167,2.8,0.0
Lab A,1341,TRF,2026-06-25,0,1.333,0.0,0.0
Lab A,1341,TRF,2026-06-25,0,1.5,0.0,0.0
Lab A,1341,TRF,2026-06-25,0,1.667,0.0,0.0
Lab A,1341,TRF,2026-06-25,0,1.833,0.0,0.0
Lab A,1341,TRF,2026-06-25,0,2.0,31.5,0.0
Lab A,1341,TRF,2026-06-25,0,2.167,39.1,0.0
Lab A,1341,TRF,2026-06-25,0,2.333,9.1,0.0
Lab A,1341,TRF,2026-06-25,0,2.5,0.0,0.0
Lab A,1341,TRF,2026-06-25,0,2.667,0.0,0.0
Lab A,1341,TRF,2026-06-25,0,2.833,0.0,0.0
Lab A,1341,TRF,2026-06-25,0,3.0,0.0,0.0
Lab A,1341,TRF,2026-06-25,0,3.167,3.1,0.0
Lab A,1341,TRF,2026-06-25,0,3.333,0.0,0.0
Lab A,1341,TRF,2026-06-25,0,3.5,30.0,0.0
Lab A,1341,TRF,2026-06-25,0,3.667,52.0,0.0
Lab A,1341,TRF,2026-06-25,0,3.833,42.1,0.0
Lab A,1341,TRF,2026-06-25,0,4.0,5.9,0.0
Lab A,1341,TRF,2026-06-25,0,4.167,0.0,0.0
Lab A,1341,TRF,2026-06-25,0,4.333,0.0,0.0
Lab A,1341,TRF,2026-06-25,0,4.5,0.1,0.0
Lab A,1341,TRF,2026-06-25,0,4.667,0.0,0.0
Lab A,1341,TRF,2026-06-25,0,4.833,0.0,0.0
Lab A,1341,TRF,2026-06-25,0,5.0,18.4,0.0
Lab A,1341,TRF,2026-06-25,0,5.167,30.3,640.0
Lab A,1341,TRF,2026-06-25,0,5.333,6.6,712.8
Lab A,1341,TRF,2026-06-25,0,5.5,0.0,712.4
Lab A,1341,TRF,2026-06-25,0,5.667,0.0,712.0
Lab A,1341,TRF,2026-06-25,0,5.833,0.0,711.5
Lab A,1341,TRF,2026-06-25,0,6.0,0.0,711.3
Lab A,1341,TRF,2026-06-25,0,6.167,0.0,710.9
Lab A,1341,TRF,2026-06-25,0,6.333,0.0,710.3
Lab A,1341,TRF,2026-06-25,0,6.5,0.0,710.9
Lab A,1341,TRF,2026-06-25,0,6.667,0.0,710.7
Lab A,1341,TRF,2026-06-25,0,6.833,0.0,710.5
Lab A,1341,TRF,2026-06-25,0,7.0,0.0,709.9
Lab A,1341,TRF,2026-06-25,0,7.167,0.0,710.3
Lab A,1341,TRF,2026-06-25,0,7.333,0.0,710.1
Lab A,1341,TRF,2026-06-25,0,7.5,0.0,709.9
Lab A,1341,TRF,2026-06-25,0,7.667,0.0,709.9
Lab A,1341,TRF,2026-06-25,0,7.833,0.0,709.9
Lab A,1341,TRF,2026-06-25,0,8.0,0.0,709.8
Lab A,1341,TRF,2026-06-25,0,8.167,0.0,709.8
Lab A,1341,TRF,2026-06-25,0,8.333,0.5,707.9
Lab A,1341,TRF,2026-06-25,0,8.5,20.0,702.7
Lab A,1341,TRF,2026-06-25,0,8.667,16.1,705.7
Lab A,1341,TRF,2026-06-25,0,8.833,0.0,705.9
Lab A,1341,TRF,2026-06-25,0,9.0,0.0,706.0
Lab A,1341,TRF,2026-06-25,0,9.167,0.0,705.6
Lab A,1341,TRF,2026-06-25,0,9.333,0.0,705.6
Lab A,1341,TRF,2026-06-25,0,9.5,0.0,705.0
Lab A,1341,TRF,2026-06-25,0,9.667,0.0,705.0
Lab A,1341,TRF,2026-06-25,0,9.833,0.0,705.1
Lab A,1341,TRF,2026-06-25,0,10.0,0.0,704.7
Lab A,1341,TRF,2026-06-25,0,10.167,0.0,704.8
Lab A,1341,TRF,2026-06-25,0,10.333,0.0,704.6
Lab A,1341,TRF,2026-06-25,0,10.5,0.0,705.7
Lab A,1341,TRF,2026-06-25,0,10.667,0.0,704.5
Lab A,1341,TRF,2026-06-25,0,10.833,0.0,704.5
Lab A,1341,TRF,2026-06-25,0,11.0,0.0,704.8
Lab A,1341,TRF,2026-06-25,0,11.167,0.0,685.4
Lab A,1341,TRF,2026-06-25,0,11.333,2.4,667.3
Lab A,1341,TRF,2026-06-25,0,11.5,0.0,687.2
Lab A,1341,TRF,2026-06-25,0,11.667,21.0,654.6
Lab A,1341,TRF,2026-06-25,0,11.833,22.6,662.9
Lab A,1341,TRF,2026-06-25,0,12.0,11.5,673.3
Lab A,1341,TRF,2026-06-25,0,12.167,11.0,701.1
Lab A,1341,TRF,2026-06-25,0,12.333,0.0,703.4
Lab A,1341,TRF,2026-06-25,0,12.5,0.0,703.6
Lab A,1341,TRF,2026-06-25,0,12.667,0.0,702.8
Lab A,1341,TRF,2026-06-25,0,12.833,0.0,703.0
Lab A,1341,TRF,2026-06-25,0,13.0,0.0,702.9
Lab A,1341,TRF,2026-06-25,0,13.167,0.0,702.7
Lab A,1341,TRF,2026-06-25,0,13.333,0.0,702.6
Lab A,1341,TRF,2026-06-25,0,13.5,0.0,702.6
Lab A,1341,TRF,2026-06-25,0,13.667,0.0,702.8
Lab A,1341,TRF,2026-06-25,0,13.833,0.0,702.6
Lab A,1341,TRF,2026-06-25,0,14.0,0.0,702.1
Lab A,1341,TRF,2026-06-25,0,14.167,0.0,701.2
Lab A,1341,TRF,2026-06-25,0,14.333,0.0,701.9
Lab A,1341,TRF,2026-06-25,0,14.5,0.0,702.2
Lab A,1341,TRF,2026-06-25,0,14.667,0.0,702.0
Lab A,1341,TRF,2026-06-25,0,14.833,0.0,701.7
Lab A,1341,TRF,2026-06-25,0,15.0,0.0,702.5
Lab A,1341,TRF,2026-06-25,0,15.167,1.4,702.2
Lab A,1341,TRF,2026-06-25,0,15.333,0.0,702.6
Lab A,1341,TRF,2026-06-25,0,15.5,0.0,702.2
Lab A,1341,TRF,2026-06-25,0,15.667,0.0,702.4
Lab A,1341,TRF,2026-06-25,0,15.833,0.0,702.4
Lab A,1341,TRF,2026-06-25,0,16.0,1.0,702.2
Lab A,1341,TRF,2026-06-25,0,16.167,20.1,698.4
Lab A,1341,TRF,2026-06-25,0,16.333,28.9,700.8
Lab A,1341,TRF,2026-06-25,0,16.5,23.3,703.7
Lab A,1341,TRF,2026-06-25,0,16.667,0.0,705.1
Lab A,1341,TRF,2026-06-25,0,16.833,0.0,704.9
Lab A,1341,TRF,2026-06-25,0,17.0,0.0,563.9
Lab A,1341,TRF,2026-06-25,0,17.167,0.0,0.0
Lab A,1341,TRF,2026-06-25,0,17.333,0.0,0.0
Lab A,1341,TRF,2026-06-25,0,17.5,8.0,0.0
Lab A,1341,TRF,2026-06-25,0,17.667,36.9,0.0
Lab A,1341,TRF,2026-06-25,0,17.833,3.3,0.0
Lab A,1341,TRF,2026-06-25,0,18.0,0.0,0.0
Lab A,1341,TRF,2026-06-25,0,18.167,5.2,0.0
Lab A,1341,TRF,2026-06-25,0,18.333,39.0,0.0
Lab A,1341,TRF,2026-06-25,0,18.5,39.5,0.0
Lab A,1341,TRF,2026-06-25,0,18.667,17.8,0.0
Lab A,1341,TRF,2026-06-25,0,18.833,47.6,0.0
Lab A,1341,TRF,2026-06-25,0,19.0,47.7,0.0
Lab A,1341,TRF,2026-06-25,0,19.167,7.0,0.0
Lab A,1341,TRF,2026-06-25,0,19.333,24.1,0.0
Lab A,1341,TRF,2026-06-25,0,19.5,19.5,0.0
Lab A,1341,TRF,2026-06-25,0,19.667,0.0,0.0
Lab A,1341,TRF,2026-06-25,0,19.833,0.0,0.0
Lab A,1341,TRF,2026-06-25,0,20.0,0.0,0.0
Lab A,1341,TRF,2026-06-25,0,20.167,0.0,0.0
Lab A,1341,TRF,2026-06-25,0,20.333,19.1,0.0
Lab A,1341,TRF,2026-06-25,0,20.5,42.9,0.0
Lab A,1341,TRF,2026-06-25,0,20.667,0.2,0.0
Lab A,1341,TRF,2026-06-25,0,20.833,0.0,0.0
Lab A,1341,TRF,2026-06-25,0,21.0,0.0,0.0
Lab A,1341,TRF,2026-06-25,0,21.167,13.6,0.0
Lab A,1341,TRF,2026-06-25,0,21.333,9.5,0.0
Lab A,1341,TRF,2026-06-25,0,21.5,0.0,0.0
Lab A,1341,TRF,2026-06-25,0,21.667,2.9,0.0
Lab A,1341,TRF,2026-06-25,0,21.833,,0.0
Lab A,1341,TRF,2026-06-25,0,22.0,0.2,0.0
Lab A,1341,TRF,2026-06-25,0,22.167,0.0,0.0
Lab A,1341,TRF,2026-06-25,0,22.333,0.0,0.0
Lab A,1341,TRF,2026-06-25,0,22.5,10.1,0.0
Lab A,1341,TRF,2026-06-25,0,22.667,0.1,0.0
Lab A,1341,TRF,2026-06-25,0,22.833,0.0,0.0
Lab A,1341,TRF,2026-06-25,0,23.0,33.6,0.0
Lab A,1341,TRF,2026-06-25,0,23.167,25.7,0.0
Lab A,1341,TRF,2026-06-25,0,23.333,38.7,0.0
Lab A,1341,TRF,2026-06-25,0,23.5,62.7,0.0
Lab A,1341,TRF,2026-06-25,0,23.667,11.4,0.0
Lab A,1341,TRF,2026-06-25,0,23.833,11.0,0.0
Lab A,1341,TRF,2026-06-26,1,0.0,0.0,0.0
Lab A,1341,TRF,2026-06-26,1,0.167,0.0,0.0
Lab A,1341,TRF,2026-06-26,1,0.333,0.0,0.0
Lab A,1341,TRF,2026-06-26,1,0.5,0.0,0.0
Lab A,1341,TRF,2026-06-26,1,0.667,0.0,0.0
Lab A,1341,TRF,2026-06-26,1,0.833,0.4,0.0
Lab A,1341,TRF,2026-06-26,1,1.0,41.9,0.0
Lab A,1341,TRF,2026-06-26,1,1.167,0.1,0.0
Lab A,1341,TRF,2026-06-26,1,1.333,0.0,0.0
Lab A,1341,TRF,2026-06-26,1,1.5,0.2,0.0
Lab A,1341,TRF,2026-06-26,1,1.667,0.0,0.0
Lab A,1341,TRF,2026-06-26,1,1.833,0.0,0.0
Lab A,1341,TRF,2026-06-26,1,2.0,0.0,0.0
Lab A,1341,TRF,2026-06-26,1,2.167,23.7,0.0
Lab A,1341,TRF,2026-06-26,1,2.333,7.3,0.0
Lab A,1341,TRF,2026-06-26,1,2.5,0.0,0.0
Lab A,1341,TRF,2026-06-26,1,2.667,0.0,0.0
Lab A,1341,TRF,2026-06-26,1,2.833,0.0,0.0
Lab A,1341,TRF,2026-06-26,1,3.0,0.0,0.0
Lab A,1341,TRF,2026-06-26,1,3.167,0.0,0.0
Lab A,1341,TRF,2026-06-26,1,3.333,38.2,0.0
Lab A,1341,TRF,2026-06-26,1,3.5,44.0,0.0
Lab A,1341,TRF,2026-06-26,1,3.667,26.5,0.0
Lab A,1341,TRF,2026-06-26,1,3.833,7.2,0.0
Lab A,1341,TRF,2026-06-26,1,4.0,0.0,0.0
Lab A,1341,TRF,2026-06-26,1,4.167,0.0,0.0
Lab A,1341,TRF,2026-06-26,1,4.333,0.0,0.0
Lab A,1341,TRF,2026-06-26,1,4.5,0.0,0.0
Lab A,1341,TRF,2026-06-26,1,4.667,0.0,0.0
Lab A,1341,TRF,2026-06-26,1,4.833,0.0,0.0
Lab A,1341,TRF,2026-06-26,1,5.0,14.9,0.0
Lab A,1341,TRF,2026-06-26,1,5.167,28.8,632.9
Lab A,1341,TRF,2026-06-26,1,5.333,40.7,705.2
Lab A,1341,TRF,2026-06-26,1,5.5,11.2,710.2
Lab A,1341,TRF,2026-06-26,1,5.667,5.1,712.4
Lab A,1341,TRF,2026-06-26,1,5.833,10.5,713.5
Lab A,1341,TRF,2026-06-26,1,6.0,0.0,714.9
Lab A,1341,TRF,2026-06-26,1,6.167,0.0,715.0
Lab A,1341,TRF,2026-06-26,1,6.333,0.0,714.2
Lab A,1341,TRF,2026-06-26,1,6.5,0.0,714.4
Lab A,1341,TRF,2026-06-26,1,6.667,0.0,713.9
Lab A,1341,TRF,2026-06-26,1,6.833,0.0,714.0
Lab A,1341,TRF,2026-06-26,1,7.0,0.0,713.5
Lab A,1341,TRF,2026-06-26,1,7.167,0.0,712.8
Lab A,1341,TRF,2026-06-26,1,7.333,0.0,713.3
Lab A,1341,TRF,2026-06-26,1,7.5,0.0,713.2
Lab A,1341,TRF,2026-06-26,1,7.667,0.0,713.1
Lab A,1341,TRF,2026-06-26,1,7.833,0.0,712.9
Lab A,1341,TRF,2026-06-26,1,8.0,0.0,712.7
Lab A,1341,TRF,2026-06-26,1,8.167,0.0,712.3
Lab A,1341,TRF,2026-06-26,1,8.333,0.0,712.0
Lab A,1341,TRF,2026-06-26,1,8.5,0.0,711.7
Lab A,1341,TRF,2026-06-26,1,8.667,0.0,712.0
Lab A,1341,TRF,2026-06-26,1,8.833,0.0,712.3
Lab A,1341,TRF,2026-06-26,1,9.0,0.0,712.2
Lab A,1341,TRF,2026-06-26,1,9.167,0.0,712.6
Lab A,1341,TRF,2026-06-26,1,9.333,0.0,712.7
Lab A,1341,TRF,2026-06-26,1,9.5,0.0,712.4
Lab A,1341,TRF,2026-06-26,1,9.667,0.0,712.5
Lab A,1341,TRF,2026-06-26,1,9.833,0.0,712.5
Lab A,1341,TRF,2026-06-26,1,10.0,0.0,712.0
Lab A,1341,TRF,2026-06-26,1,10.167,0.0,705.6
Lab A,1341,TRF,2026-06-26,1,10.333,19.2,645.8
Lab A,1341,TRF,2026-06-26,1,10.5,17.3,673.8
Lab A,1341,TRF,2026-06-26,1,10.667,11.3,697.1
Lab A,1341,TRF,2026-06-26,1,10.833,8.6,701.0
Lab A,1341,TRF,2026-06-26,1,11.0,0.0,701.8
Lab A,1341,TRF,2026-06-26,1,11.167,0.0,701.3
Lab A,1341,TRF,2026-06-26,1,11.333,0.0,702.5
Lab A,1341,TRF,2026-06-26,1,11.5,0.0,701.9
Lab A,1341,TRF,2026-06-26,1,11.667,0.0,701.4
Lab A,1341,TRF,2026-06-26,1,11.833,0.0,701.9
Lab A,1341,TRF,2026-06-26,1,12.0,0.0,701.7
Lab A,1341,TRF,2026-06-26,1,12.167,0.0,702.2
Lab A,1341,TRF,2026-06-26,1,12.333,0.0,701.4
Lab A,1341,TRF,2026-06-26,1,12.5,0.0,701.3
Lab A,1341,TRF,2026-06-26,1,12.667,0.0,701.5
Lab A,1341,TRF,2026-06-26,1,12.833,0.0,701.3
Lab A,1341,TRF,2026-06-26,1,13.0,0.0,700.9
Lab A,1341,TRF,2026-06-26,1,13.167,0.0,701.0
Lab A,1341,TRF,2026-06-26,1,13.333,0.0,701.3
Lab A,1341,TRF,2026-06-26,1,13.5,0.0,701.8
Lab A,1341,TRF,2026-06-26,1,13.667,0.0,701.7
Lab A,1341,TRF,2026-06-26,1,13.833,0.0,701.6
Lab A,1341,TRF,2026-06-26,1,14.0,0.0,701.8
Lab A,1341,TRF,2026-06-26,1,14.167,6.9,700.6
Lab A,1341,TRF,2026-06-26,1,14.333,11.7,699.0
Lab A,1341,TRF,2026-06-26,1,14.5,2.2,701.4
Lab A,1341,TRF,2026-06-26,1,14.667,0.0,701.4
Lab A,1341,TRF,2026-06-26,1,14.833,0.0,701.9
Lab A,1341,TRF,2026-06-26,1,15.0,0.0,701.6
Lab A,1341,TRF,2026-06-26,1,15.167,0.0,702.0
Lab A,1341,TRF,2026-06-26,1,15.333,0.0,701.6
Lab A,1341,TRF,2026-06-26,1,15.5,0.0,700.8
Lab A,1341,TRF,2026-06-26,1,15.667,0.0,701.0
Lab A,1341,TRF,2026-06-26,1,15.833,0.0,701.6
Lab A,1341,TRF,2026-06-26,1,16.0,0.0,701.0
Lab A,1341,TRF,2026-06-26,1,16.167,0.0,701.2
Lab A,1341,TRF,2026-06-26,1,16.333,0.0,700.7
Lab A,1341,TRF,2026-06-26,1,16.5,0.0,701.5
Lab A,1341,TRF,2026-06-26,1,16.667,0.0,700.7
Lab A,1341,TRF,2026-06-26,1,16.833,0.0,701.3
Lab A,1341,TRF,2026-06-26,1,17.0,1.2,560.4
Lab A,1341,TRF,2026-06-26,1,17.167,0.0,0.0
Lab A,1341,TRF,2026-06-26,1,17.333,0.0,0.0
Lab A,1341,TRF,2026-06-26,1,17.5,38.0,0.0
Lab A,1341,TRF,2026-06-26,1,17.667,9.4,0.0
Lab A,1341,TRF,2026-06-26,1,17.833,22.6,0.0
Lab A,1341,TRF,2026-06-26,1,18.0,0.0,0.0
Lab A,1341,TRF,2026-06-26,1,18.167,0.0,0.0
Lab A,1341,TRF,2026-06-26,1,18.333,0.0,0.0
Lab A,1341,TRF,2026-06-26,1,18.5,14.7,0.0
Lab A,1341,TRF,2026-06-26,1,18.667,23.5,0.0
Lab A,1341,TRF,2026-06-26,1,18.833,5.1,0.0
Lab A,1341,TRF,2026-06-26,1,19.0,36.7,0.0
Lab A,1341,TRF,2026-06-26,1,19.167,24.5,0.0
Lab A,1341,TRF,2026-06-26,1,19.333,25.9,0.0
Lab A,1341,TRF,2026-06-26,1,19.5,21.1,0.0
Lab A,1341,TRF,2026-06-26,1,19.667,13.0,0.0
Lab A,1341,TRF,2026-06-26,1,19.833,0.0,0.0
Lab A,1341,TRF,2026-06-26,1,20.0,0.0,0.0
Lab A,1341,TRF,2026-06-26,1,20.167,4.9,0.0
Lab A,1341,TRF,2026-06-26,1,20.333,0.0,0.0
Lab A,1341,TRF,2026-06-26,1,20.5,0.0,0.0
Lab A,1341,TRF,2026-06-26,1,20.667,0.0,0.0
Lab A,1341,TRF,2026-06-26,1,20.833,0.0,0.0
Lab A,1341,TRF,2026-06-26,1,21.0,2.7,0.0
Lab A,1341,TRF,2026-06-26,1,21.167,1.5,0.0
Lab A,1341,TRF,2026-06-26,1,21.333,12.4,0.0
Lab A,1341,TRF,2026-06-26,1,21.5,0.0,0.0
Lab A,1341,TRF,2026-06-26,1,21.667,0.0,0.0
Lab A,1341,TRF,2026-06-26,1,21.833,6.8,0.0
Lab A,1341,TRF,2026-06-26,1,22.0,0.0,0.0
Lab A,1341,TRF,2026-06-26,1,22.167,1.6,0.0
Lab A,1341,TRF,2026-06-26,1,22.333,0.0,0.0
Lab A,1341,TRF,2026-06-26,1,22.5,6.5,0.0
Lab A,1341,TRF,2026-06-26,1,22.667,0.0,0.0
Lab A,1341,TRF,2026-06-26,1,22.833,0.0,0.0
Lab A,1341,TRF,2026-06-26,1,23.0,0.0,0.0
Lab A,1341,TRF,2026-06-26,1,23.167,4.6,0.0
Lab A,1341,TRF,2026-06-26,1,23.333,0.0,0.0
Lab A,1341,TRF,2026-06-26,1,23.5,0.0,0.0
Lab A,1341,TRF,2026-06-26,1,23.667,0.0,0.0
Lab A,1341,TRF,2026-06-26,1,23.833,2.7,0.0
Lab A,1341,TRF,2026-06-27,2,0.0,38.0,0.0
Lab A,1341,TRF,2026-06-27,2,0.167,45.8,0.0
Lab A,1341,TRF,2026-06-27,2,0.333,29.4,0.0
Lab A,1341,TRF,2026-06-27,2,0.5,9.1,0.0
Lab A,1341,TRF,2026-06-27,2,0.667,0.0,0.0
Lab A,1341,TRF,2026-06-27,2,0.833,0.0,0.0
Lab A,1341,TRF,2026-06-27,2,1.0,0.0,0.0
Lab A,1341,TRF,2026-06-27,2,1.167,0.0,0.0
Lab A,1341,TRF,2026-06-27,2,1.333,0.0,0.0
Lab A,1341,TRF,2026-06-27,2,1.5,0.0,0.0
Lab A,1341,TRF,2026-06-27,2,1.667,0.0,0.0
Lab A,1341,TRF,2026-06-27,2,1.833,0.2,0.0
Lab A,1341,TRF,2026-06-27,2,2.0,7.1,0.0
Lab A,1341,TRF,2026-06-27,2,2.167,0.0,0.0
Lab A,1341,TRF,2026-06-27,2,2.333,0.0,0.0
Lab A,1341,TRF,2026-06-27,2,2.5,0.0,0.0
Lab A,1341,TRF,2026-06-27,2,2.667,6.2,0.0
Lab A,1341,TRF,2026-06-27,2,2.833,55.3,0.0
Lab A,1341,TRF,2026-06-27,2,3.0,74.2,0.0
Lab A,1341,TRF,2026-06-27,2,3.167,57.8,0.0
Lab A,1341,TRF,2026-06-27,2,3.333,,
Lab A,1341,TRF,2026-06-27,2,3.5,0.0,0.0
Lab A,1341,TRF,2026-06-27,2,3.667,0.0,0.0
Lab A,1341,TRF,2026-06-27,2,3.833,0.0,0.0
Lab A,1341,TRF,2026-06-27,2,4.0,0.0,0.0
Lab A,1341,TRF,2026-06-27,2,4.167,0.0,0.0
Lab A,1341,TRF,2026-06-27,2,4.333,0.0,0.0
Lab A,1341,TRF,2026-06-27,2,4.5,0.0,0.0
Lab A,1341,TRF,2026-06-27,2,4.667,0.0,0.0
Lab A,1341,TRF,2026-06-27,2,4.833,0.0,0.0
Lab A,1341,TRF,2026-06-27,2,5.0,0.0,0.0
Lab A,1341,TRF,2026-06-27,2,5.167,0.0,641.8
Lab A,1341,TRF,2026-06-27,2,5.333,0.0,708.3
Lab A,1341,TRF,2026-06-27,2,5.5,0.0,707.1
Lab A,1341,TRF,2026-06-27,2,5.667,0.0,706.6
Lab A,1341,TRF,2026-06-27,2,5.833,0.0,706.1
Lab A,1341,TRF,2026-06-27,2,6.0,0.0,705.7
Lab A,1341,TRF,2026-06-27,2,6.167,0.0,705.4
Lab A,1341,TRF,2026-06-27,2,6.333,0.0,704.9
Lab A,1341,TRF,2026-06-27,2,6.5,10.8,703.8
Lab A,1341,TRF,2026-06-27,2,6.667,54.2,699.4
Lab A,1341,TRF,2026-06-27,2,6.833,55.6,695.6
Lab A,1341,TRF,2026-06-27,2,7.0,17.6,703.9
Lab A,1341,TRF,2026-06-27,2,7.167,8.2,705.3
Lab A,1341,TRF,2026-06-27,2,7.333,0.8,705.6
Lab A,1341,TRF,2026-06-27,2,7.5,0.0,705.1
Lab A,1341,TRF,2026-06-27,2,7.667,0.0,705.0
Lab A,1341,TRF,2026-06-27,2,7.833,0.0,705.1
Lab A,1341,TRF,2026-06-27,2,8.0,0.0,704.7
Lab A,1341,TRF,2026-06-27,2,8.167,0.0,704.0
Lab A,1341,TRF,2026-06-27,2,8.333,0.0,704.0
Lab A,1341,TRF,2026-06-27,2,8.5,0.0,704.2
Lab A,1341,TRF,2026-06-27,2,8.667,0.0,703.2
Lab A,1341,TRF,2026-06-27,2,8.833,0.0,703.7
Lab A,1341,TRF,2026-06-27,2,9.0,0.0,703.1
Lab A,1341,TRF,2026-06-27,2,9.167,0.0,703.7
Lab A,1341,TRF,2026-06-27,2,9.333,0.0,704.0
Lab A,1341,TRF,2026-06-27,2,9.5,0.0,704.2
Lab A,1341,TRF,2026-06-27,2,9.667,0.0,704.3
Lab A,1341,TRF,2026-06-27,2,9.833,0.0,703.5
Lab A,1341,TRF,2026-06-27,2,10.0,0.0,703.9
Lab A,1341,TRF,2026-06-27,2,10.167,0.0,703.4
Lab A,1341,TRF,2026-06-27,2,10.333,0.0,703.4
Lab A,1341,TRF,2026-06-27,2,10.5,0.0,703.1
Lab A,1341,TRF,2026-06-27,2,10.667,0.0,702.9
Lab A,1341,TRF,2026-06-27,2,10.833,0.0,702.8
Lab A,1341,TRF,2026-06-27,2,11.0,0.0,703.1
Lab A,1341,TRF,2026-06-27,2,11.167,1.7,703.3
Lab A,1341,TRF,2026-06-27,2,11.333,7.4,700.7
Lab A,1341,TRF,2026-06-27,2,11.5,0.2,693.3
Lab A,1341,TRF,2026-06-27,2,11.667,25.3,629.1
Lab A,1341,TRF,2026-06-27,2,11.833,1.3,685.0
Lab A,1341,TRF,2026-06-27,2,12.0,0.0,698.1
Lab A,1341,TRF,2026-06-27,2,12.167,0.0,697.4
Lab A,1341,TRF,2026-06-27,2,12.333,0.0,697.0
Lab A,1341,TRF,2026-06-27,2,12.5,0.0,697.4
Lab A,1341,TRF,2026-06-27,2,12.667,0.0,696.7
Lab A,1341,TRF,2026-06-27,2,12.833,0.0,696.4
Lab A,1341,TRF,2026-06-27,2,13.0,0.0,697.3
Lab A,1341,TRF,2026-06-27,2,13.167,0.0,696.6
Lab A,1341,TRF,2026-06-27,2,13.333,0.0,697.2
Lab A,1341,TRF,2026-06-27,2,13.5,0.0,696.7
Lab A,1341,TRF,2026-06-27,2,13.667,0.0,697.0
Lab A,1341,TRF,2026-06-27,2,13.833,0.0,696.9
Lab A,1341,TRF,2026-06-27,2,14.0,0.1,696.2
Lab A,1341,TRF,2026-06-27,2,14.167,2.9,696.3
Lab A,1341,TRF,2026-06-27,2,14.333,2.9,695.4
Lab A,1341,TRF,2026-06-27,2,14.5,24.8,694.1
Lab A,1341,TRF,2026-06-27,2,14.667,0.0,699.9
Lab A,1341,TRF,2026-06-27,2,14.833,0.0,699.7
Lab A,1341,TRF,2026-06-27,2,15.0,0.0,699.5
Lab A,1341,TRF,2026-06-27,2,15.167,0.0,699.1
Lab A,1341,TRF,2026-06-27,2,15.333,0.0,699.7
Lab A,1341,TRF,2026-06-27,2,15.5,0.0,699.3
Lab A,1341,TRF,2026-06-27,2,15.667,0.0,699.6
Lab A,1341,TRF,2026-06-27,2,15.833,0.0,699.8
Lab A,1341,TRF,2026-06-27,2,16.0,0.0,699.3
Lab A,1341,TRF,2026-06-27,2,16.167,0.0,699.3
Lab A,1341,TRF,2026-06-27,2,16.333,0.0,699.0
Lab A,1341,TRF,2026-06-27,2,16.5,0.0,699.9
Lab A,1341,TRF,2026-06-27,2,16.667,0.0,699.6
Lab A,1341,TRF,2026-06-27,2,16.833,5.1,698.7
Lab A,1341,TRF,2026-06-27,2,17.0,28.8,556.3
Lab A,1341,TRF,2026-06-27,2,17.167,1.6,0.0
Lab A,1341,TRF,2026-06-27,2,17.333,2.7,0.0
Lab A,1341,TRF,2026-06-27,2,17.5,0.0,0.0
Lab A,1341,TRF,2026-06-27,2,17.667,0.0,0.0
Lab A,1341,TRF,2026-06-27,2,17.833,6.1,0.0
Lab A,1341,TRF,2026-06-27,2,18.0,5.6,0.0
Lab A,1341,TRF,2026-06-27,2,18.167,0.1,0.0
Lab A,1341,TRF,2026-06-27,2,18.333,25.2,0.0
Lab A,1341,TRF,2026-06-27,2,18.5,35.4,0.0
Lab A,1341,TRF,2026-06-27,2,18.667,24.4,0.0
Lab A,1341,TRF,2026-06-27,2,18.833,7.3,0.0
Lab A,1341,TRF,2026-06-27,2,19.0,14.4,0.0
Lab A,1341,TRF,2026-06-27,2,19.167,10.1,0.0
Lab A,1341,TRF,2026-06-27,2,19.333,18.4,0.0
Lab A,1341,TRF,2026-06-27,2,19.5,6.6,0.0
Lab A,1341,TRF,2026-06-27,2,19.667,0.0,0.0
Lab A,1341,TRF,2026-06-27,2,19.833,0.0,0.0
Lab A,1341,TRF,2026-06-27,2,20.0,0.0,0.0
Lab A,1341,TRF,2026-06-27,2,20.167,8.4,0.0
Lab A,1341,TRF,2026-06-27,2,20.333,31.3,0.0
Lab A,1341,TRF,2026-06-27,2,20.5,0.0,0.0
Lab A,1341,TRF,2026-06-27,2,20.667,0.0,0.0
Lab A,1341,TRF,2026-06-27,2,20.833,1.9,0.0
Lab A,1341,TRF,2026-06-27,2,21.0,0.0,0.0
Lab A,1341,TRF,2026-06-27,2,21.167,1.4,0.0
Lab A,1341,TRF,2026-06-27,2,21.333,2.9,0.0
Lab A,1341,TRF,2026-06-27,2,21.5,0.0,0.0
Lab A,1341,TRF,2026-06-27,2,21.667,26.8,0.0
Lab A,1341,TRF,2026-06-27,2,21.833,19.9,0.0
Lab A,1341,TRF,2026-06-27,2,22.0,0.0,0.0
Lab A,1341,TRF,2026-06-27,2,22.167,0.0,0.0
Lab A,1341,TRF,2026-06-27,2,22.333,5.0,0.0
Lab A,1341,TRF,2026-06-27,2,22.5,0.0,0.0
Lab A,1341,TRF,2026-06-27,2,22.667,8.2,0.0
Lab A,1341,TRF,2026-06-27,2,22.833,52.2,0.0
Lab A,1341,TRF,2026-06-27,2,23.0,5.4,0.0
Lab A,1341,TRF,2026-06-27,2,23.167,0.0,0.0
Lab A,1341,TRF,2026-06-27,2,23.333,2.4,0.0
Lab A,1341,TRF,2026-06-27,2,23.5,21.0,0.0
Lab A,1341,TRF,2026-06-27,2,23.667,1.8,0.0
Lab A,1341,TRF,2026-06-27,2,23.833,2.7,0.0
Lab A,1341,TRF,2026-06-28,3,0.0,0.0,0.0
Lab A,1341,TRF,2026-06-28,3,0.167,0.0,0.0
Lab A,1341,TRF,2026-06-28,3,0.333,0.0,0.0
Lab A,1341,TRF,2026-06-28,3,0.5,35.9,0.0
Lab A,1341,TRF,2026-06-28,3,0.667,35.0,0.0
Lab A,1341,TRF,2026-06-28,3,0.833,43.4,0.0
Lab A,1341,TRF,2026-06-28,3,1.0,17.4,0.0
Lab A,1341,TRF,2026-06-28,3,1.167,13.7,0.0
Lab A,1341,TRF,2026-06-28,3,1.333,0.0,0.0
Lab A,1341,TRF,2026-06-28,3,1.5,0.0,0.0
Lab A,1341,TRF,2026-06-28,3,1.667,0.0,0.0
Lab A,1341,TRF,2026-06-28,3,1.833,0.0,0.0
Lab A,1341,TRF,2026-06-28,3,2.0,0.0,0.0
Lab A,1341,TRF,2026-06-28,3,2.167,0.0,0.0
Lab A,1341,TRF,2026-06-28,3,2.333,0.0,0.0
Lab A,1341,TRF,2026-06-28,3,2.5,0.0,0.0
Lab A,1341,TRF,2026-06-28,3,2.667,0.0,0.0
Lab A,1341,TRF,2026-06-28,3,2.833,0.0,0.0
Lab A,1341,TRF,2026-06-28,3,3.0,37.6,0.0
Lab A,1341,TRF,2026-06-28,3,3.167,57.6,0.0
Lab A,1341,TRF,2026-06-28,3,3.333,48.7,0.0
Lab A,1341,TRF,2026-06-28,3,3.5,39.7,0.0
Lab A,1341,TRF,2026-06-28,3,3.667,4.0,0.0
Lab A,1341,TRF,2026-06-28,3,3.833,0.0,0.0
Lab A,1341,TRF,2026-06-28,3,4.0,0.0,0.0
Lab A,1341,TRF,2026-06-28,3,4.167,0.0,0.0
Lab A,1341,TRF,2026-06-28,3,4.333,9.5,0.0
Lab A,1341,TRF,2026-06-28,3,4.5,24.5,0.0
Lab A,1341,TRF,2026-06-28,3,4.667,61.3,0.0
Lab A,1341,TRF,2026-06-28,3,4.833,41.4,0.0
Lab A,1341,TRF,2026-06-28,3,5.0,6.6,0.0
Lab A,1341,TRF,2026-06-28,3,5.167,0.0,639.1
Lab A,1341,TRF,2026-06-28,3,5.333,0.0,705.3
Lab A,1341,TRF,2026-06-28,3,5.5,,703.1
Lab A,1341,TRF,2026-06-28,3,5.667,0.0,703.7
Lab A,1341,TRF,2026-06-28,3,5.833,0.0,702.7
Lab A,1341,TRF,2026-06-28,3,6.0,0.0,702.7
Lab A,1341,TRF,2026-06-28,3,6.167,0.0,702.1
Lab A,1341,TRF,2026-06-28,3,6.333,0.0,702.0
Lab A,1341,TRF,2026-06-28,3,6.5,0.0,701.4
Lab A,1341,TRF,2026-06-28,3,6.667,0.0,701.5
Lab A,1341,TRF,2026-06-28,3,6.833,0.0,700.5
Lab A,1341,TRF,2026-06-28,3,7.0,0.0,700.9
Lab A,1341,TRF,2026-06-28,3,7.167,0.0,701.0
Lab A,1341,TRF,2026-06-28,3,7.333,0.0,700.4
Lab A,1341,TRF,2026-06-28,3,7.5,0.0,700.2
Lab A,1341,TRF,2026-06-28,3,7.667,0.0,699.9
Lab A,1341,TRF,2026-06-28,3,7.833,0.0,700.9
Lab A,1341,TRF,2026-06-28,3,8.0,0.0,700.4
Lab A,1341,TRF,2026-06-28,3,8.167,0.0,700.2
Lab A,1341,TRF,2026-06-28,3,8.333,1.1,700.2
Lab A,1341,TRF,2026-06-28,3,8.5,0.0,699.9
Lab A,1341,TRF,2026-06-28,3,8.667,0.0,699.2
Lab A,1341,TRF,2026-06-28,3,8.833,0.0,699.5
Lab A,1341,TRF,2026-06-28,3,9.0,0.0,699.4
Lab A,1341,TRF,2026-06-28,3,9.167,0.0,699.5
Lab A,1341,TRF,2026-06-28,3,9.333,0.0,699.8
Lab A,1341,TRF,2026-06-28,3,9.5,0.0,699.4
Lab A,1341,TRF,2026-06-28,3,9.667,0.0,699.7
Lab A,1341,TRF,2026-06-28,3,9.833,0.0,699.7
Lab A,1341,TRF,2026-06-28,3,10.0,0.0,699.1
Lab A,1341,TRF,2026-06-28,3,10.167,0.0,700.3
Lab A,1341,TRF,2026-06-28,3,10.333,0.0,700.2
Lab A,1341,TRF,2026-06-28,3,10.5,0.0,699.5
Lab A,1341,TRF,2026-06-28,3,10.667,4.6,698.1
Lab A,1341,TRF,2026-06-28,3,10.833,0.0,699.7
Lab A,1341,TRF,2026-06-28,3,11.0,0.0,699.0
Lab A,1341,TRF,2026-06-28,3,11.167,0.0,698.8
Lab A,1341,TRF,2026-06-28,3,11.333,0.0,698.6
Lab A,1341,TRF,2026-06-28,3,11.5,0.0,698.6
Lab A,1341,TRF,2026-06-28,3,11.667,0.0,698.5
Lab A,1341,TRF,2026-06-28,3,11.833,0.0,699.1
Lab A,1341,TRF,2026-06-28,3,12.0,0.0,698.4
Lab A,1341,TRF,2026-06-28,3,12.167,0.0,698.8
Lab A,1341,TRF,2026-06-28,3,12.333,0.0,699.5
Lab A,1341,TRF,2026-06-28,3,12.5,0.0,699.3
Lab A,1341,TRF,2026-06-28,3,12.667,0.0,688.3
Lab A,1341,TRF,2026-06-28,3,12.833,16.8,649.5
Lab A,1341,TRF,2026-06-28,3,13.0,9.3,692.6
Lab A,1341,TRF,2026-06-28,3,13.167,0.0,708.1
Lab A,1341,TRF,2026-06-28,3,13.333,0.0,707.7
Lab A,1341,TRF,2026-06-28,3,13.5,0.0,707.7
Lab A,1341,TRF,2026-06-28,3,13.667,0.0,707.6
Lab A,1341,TRF,2026-06-28,3,13.833,0.0,707.3
Lab A,1341,TRF,2026-06-28,3,14.0,0.0,707.4
Lab A,1341,TRF,2026-06-28,3,14.167,0.0,707.5
Lab A,1341,TRF,2026-06-28,3,14.333,0.0,707.1
Lab A,1341,TRF,2026-06-28,3,14.5,0.0,706.9
Lab A,1341,TRF,2026-06-28,3,14.667,0.0,706.6
Lab A,1341,TRF,2026-06-28,3,14.833,0.0,706.8
Lab A,1341,TRF,2026-06-28,3,15.0,0.0,706.6
Lab A,1341,TRF,2026-06-28,3,15.167,0.0,706.7
Lab A,1341,TRF,2026-06-28,3,15.333,0.0,706.6
Lab A,1341,TRF,2026-06-28,3,15.5,0.0,706.1
Lab A,1341,TRF,2026-06-28,3,15.667,0.0,706.7
Lab A,1341,TRF,2026-06-28,3,15.833,0.0,706.7
Lab A,1341,TRF,2026-06-28,3,16.0,0.0,706.0
Lab A,1341,TRF,2026-06-28,3,16.167,0.0,706.4
Lab A,1341,TRF,2026-06-28,3,16.333,0.1,706.8
Lab A,1341,TRF,2026-06-28,3,16.5,0.0,706.7
Lab A,1341,TRF,2026-06-28,3,16.667,0.0,706.2
Lab A,1341,TRF,2026-06-28,3,16.833,0.0,706.4
Lab A,1341,TRF,2026-06-28,3,17.0,9.6,565.0
Lab A,1341,TRF,2026-06-28,3,17.167,26.2,0.0
Lab A,1341,TRF,2026-06-28,3,17.333,2.5,0.0
Lab A,1341,TRF,2026-06-28,3,17.5,0.0,0.0
Lab A,1341,TRF,2026-06-28,3,17.667,0.1,0.0
Lab A,1341,TRF,2026-06-28,3,17.833,0.0,0.0
Lab A,1341,TRF,2026-06-28,3,18.0,2.4,0.0
Lab A,1341,TRF,2026-06-28,3,18.167,0.0,0.0
Lab A,1341,TRF,2026-06-28,3,18.333,15.7,0.0
Lab A,1341,TRF,2026-06-28,3,18.5,2.8,0.0
Lab A,1341,TRF,2026-06-28,3,18.667,3.7,0.0
Lab A,1341,TRF,2026-06-28,3,18.833,5.2,0.0
Lab A,1341,TRF,2026-06-28,3,19.0,6.2,0.0
Lab A,1341,TRF,2026-06-28,3,19.167,1.3,0.0
Lab A,1341,TRF,2026-06-28,3,19.333,11.0,0.0
Lab A,1341,TRF,2026-06-28,3,19.5,0.0,0.0
Lab A,1341,TRF,2026-06-28,3,19.667,3.7,0.0
Lab A,1341,TRF,2026-06-28,3,19.833,0.0,0.0
Lab A,1341,TRF,2026-06-28,3,20.0,0.0,0.0
Lab A,1341,TRF,2026-06-28,3,20.167,0.0,0.0
Lab A,1341,TRF,2026-06-28,3,20.333,1.6,0.0
Lab A,1341,TRF,2026-06-28,3,20.5,0.0,0.0
Lab A,1341,TRF,2026-06-28,3,20.667,1.6,0.0
Lab A,1341,TRF,2026-06-28,3,20.833,0.0,0.0
Lab A,1341,TRF,2026-06-28,3,21.0,29.5,0.0
Lab A,1341,TRF,2026-06-28,3,21.167,0.5,0.0
Lab A,1341,TRF,2026-06-28,3,21.333,0.0,0.0
Lab A,1341,TRF,2026-06-28,3,21.5,8.1,0.0
Lab A,1341,TRF,2026-06-28,3,21.667,0.0,0.0
Lab A,1341,TRF,2026-06-28,3,21.833,0.0,0.0
Lab A,1341,TRF,2026-06-28,3,22.0,1.6,0.0
Lab A,1341,TRF,2026-06-28,3,22.167,3.4,0.0
Lab A,1341,TRF,2026-06-28,3,22.333,0.0,0.0
Lab A,1341,TRF,2026-06-28,3,22.5,0.0,0.0
Lab A,1341,TRF,2026-06-28,3,22.667,11.6,0.0
Lab A,1341,TRF,2026-06-28,3,22.833,32.4,0.0
Lab A,1341,TRF,2026-06-28,3,23.0,7.0,0.0
Lab A,1341,TRF,2026-06-28,3,23.167,0.0,0.0
Lab A,1341,TRF,2026-06-28,3,23.333,6.2,0.0
Lab A,1341,TRF,2026-06-28,3,23.5,8.5,0.0
Lab A,1341,TRF,2026-06-28,3,23.667,0.0,0.0
Lab A,1341,TRF,2026-06-28,3,23.833,0.0,0.0
Lab A,1341,TRF,2026-06-29,4,0.0,0.0,0.0
Lab A,1341,TRF,2026-06-29,4,0.167,0.4,0.0
Lab A,1341,TRF,2026-06-29,4,0.333,2.4,0.0
Lab A,1341,TRF,2026-06-29,4,0.5,0.0,0.0
Lab A,1341,TRF,2026-06-29,4,0.667,13.0,0.0
Lab A,1341,TRF,2026-06-29,4,0.833,20.7,0.0
Lab A,1341,TRF,2026-06-29,4,1.0,29.5,0.0
Lab A,1341,TRF,2026-06-29,4,1.167,26.6,0.0
Lab A,1341,TRF,2026-06-29,4,1.333,10.9,0.0
Lab A,1341,TRF,2026-06-29,4,1.5,0.0,0.0
Lab A,1341,TRF,2026-06-29,4,1.667,0.0,0.0
Lab A,1341,TRF,2026-06-29,4,1.833,0.0,0.0
Lab A,1341,TRF,2026-06-29,4,2.0,0.0,0.0
Lab A,1341,TRF,2026-06-29,4,2.167,1.9,0.0
Lab A,1341,TRF,2026-06-29,4,2.333,14.9,0.0
Lab A,1341,TRF,2026-06-29,4,2.5,0.0,0.0
Lab A,1341,TRF,2026-06-29,4,2.667,0.0,0.0
Lab A,1341,TRF,2026-06-29,4,2.833,0.0,0.0
Lab A,1341,TRF,2026-06-29,4,3.0,0.0,0.0
Lab A,1341,TRF,2026-06-29,4,3.167,2.1,0.0
Lab A,1341,TRF,2026-06-29,4,3.333,0.0,0.0
Lab A,1341,TRF,2026-06-29,4,3.5,0.0,0.0
Lab A,1341,TRF,2026-06-29,4,3.667,53.5,0.0
Lab A,1341,TRF,2026-06-29,4,3.833,38.9,0.0
Lab A,1341,TRF,2026-06-29,4,4.0,33.3,0.0
Lab A,1341,TRF,2026-06-29,4,4.167,14.2,0.0
Lab A,1341,TRF,2026-06-29,4,4.333,7.5,0.0
Lab A,1341,TRF,2026-06-29,4,4.5,0.0,0.0
Lab A,1341,TRF,2026-06-29,4,4.667,0.0,0.0
Lab A,1341,TRF,2026-06-29,4,4.833,0.0,0.0
Lab A,1341,TRF,2026-06-29,4,5.0,0.0,0.0
Lab A,1341,TRF,2026-06-29,4,5.167,0.0,649.2
Lab A,1341,TRF,2026-06-29,4,5.333,0.0,716.9
Lab A,1341,TRF,2026-06-29,4,5.5,0.0,715.3
Lab A,1341,TRF,2026-06-29,4,5.667,1.4,714.5
Lab A,1341,TRF,2026-06-29,4,5.833,0.0,714.4
Lab A,1341,TRF,2026-06-29,4,6.0,0.0,713.9
Lab A,1341,TRF,2026-06-29,4,6.167,0.0,713.9
Lab A,1341,TRF,2026-06-29,4,6.333,0.0,713.7
Lab A,1341,TRF,2026-06-29,4,6.5,0.0,713.1
Lab A,1341,TRF,2026-06-29,4,6.667,0.0,713.5
Lab A,1341,TRF,2026-06-29,4,6.833,0.0,713.3
Lab A,1341,TRF,2026-06-29,4,7.0,0.0,713.1
Lab A,1341,TRF,2026-06-29,4,7.167,0.0,712.9
Lab A,1341,TRF,2026-06-29,4,7.333,3.8,712.5
Lab A,1341,TRF,2026-06-29,4,7.5,12.0,710.4
Lab A,1341,TRF,2026-06-29,4,7.667,0.0,712.8
Lab A,1341,TRF,2026-06-29,4,7.833,0.0,712.8
Lab A,1341,TRF,2026-06-29,4,8.0,0.0,712.5
Lab A,1341,TRF,2026-06-29,4,8.167,0.0,712.2
Lab A,1341,TRF,2026-06-29,4,8.333,0.0,712.8
Lab A,1341,TRF,2026-06-29,4,8.5,0.0,712.5
Lab A,1341,TRF,2026-06-29,4,8.667,0.0,712.0
Lab A,1341,TRF,2026-06-29,4,8.833,0.0,711.6
Lab A,1341,TRF,2026-06-29,4,9.0,0.0,712.0
Lab A,1341,TRF,2026-06-29,4,9.167,0.0,712.5
Lab A,1341,TRF,2026-06-29,4,9.333,0.0,711.8
Lab A,1341,TRF,2026-06-29,4,9.5,0.0,711.7
Lab A,1341,TRF,2026-06-29,4,9.667,0.0,711.6
Lab A,1341,TRF,2026-06-29,4,9.833,0.0,711.5
Lab A,1341,TRF,2026-06-29,4,10.0,0.0,711.4
Lab A,1341,TRF,2026-06-29,4,10.167,0.0,711.6
Lab A,1341,TRF,2026-06-29,4,10.333,0.0,711.2
Lab A,1341,TRF,2026-06-29,4,10.5,0.0,711.3
Lab A,1341,TRF,2026-06-29,4,10.667,0.0,710.9
Lab A,1341,TRF,2026-06-29,4,10.833,0.0,707.6
Lab A,1341,TRF,2026-06-29,4,11.0,5.3,656.1
Lab A,1341,TRF,2026-06-29,4,11.167,22.3,640.7
Lab A,1341,TRF,2026-06-29,4,11.333,19.2,683.5
Lab A,1341,TRF,2026-06-29,4,11.5,4.0,698.6
Lab A,1341,TRF,2026-06-29,4,11.667,0.0,699.1
Lab A,1341,TRF,2026-06-29,4,11.833,0.0,698.6
Lab A,1341,TRF,2026-06-29,4,12.0,0.0,699.4
Lab A,1341,TRF,2026-06-29,4,12.167,0.0,698.7
Lab A,1341,TRF,2026-06-29,4,12.333,0.0,698.5
Lab A,1341,TRF,2026-06-29,4,12.5,0.0,699.8
Lab A,1341,TRF,2026-06-29,4,12.667,0.0,700.0
Lab A,1341,TRF,2026-06-29,4,12.833,0.0,700.0
Lab A,1341,TRF,2026-06-29,4,13.0,0.0,700.0
Lab A,1341,TRF,2026-06-29,4,13.167,0.0,700.0
Lab A,1341,TRF,2026-06-29,4,13.333,0.0,700.0
Lab A,1341,TRF,2026-06-29,4,13.5,0.0,699.9
Lab A,1341,TRF,2026-06-29,4,13.667,0.0,699.8
Lab A,1341,TRF,2026-06-29,4,13.833,0.0,699.6
Lab A,1341,TRF,2026-06-29,4,14.0,0.0,699.8
Lab A,1341,TRF,2026-06-29,4,14.167,0.0,699.7
Lab A,1341,TRF,2026-06-29,4,14.333,0.0,699.3
Lab A,1341,TRF,2026-06-29,4,14.5,0.0,699.5
Lab A,1341,TRF,2026-06-29,4,14.667,0.0,699.4
Lab A,1341,TRF,2026-06-29,4,14.833,0.0,699.1
Lab A,1341,TRF,2026-06-29,4,15.0,0.0,699.3
Lab A,1341,TRF,2026-06-29,4,15.167,0.0,699.2
Lab A,1341,TRF,2026-06-29,4,15.333,0.0,699.0
Lab A,1341,TRF,2026-06-29,4,15.5,7.3,695.2
Lab A,1341,TRF,2026-06-29,4,15.667,0.0,699.0
Lab A,1341,TRF,2026-06-29,4,15.833,0.0,699.1
Lab A,1341,TRF,2026-06-29,4,16.0,0.0,699.0
Lab A,1341,TRF,2026-06-29,4,16.167,0.0,699.0
Lab A,1341,TRF,2026-06-29,4,16.333,0.0,699.4
Lab A,1341,TRF,2026-06-29,4,16.5,0.0,699.1
Lab A,1341,TRF,2026-06-29,4,16.667,0.0,699.0
Lab A,1341,TRF,2026-06-29,4,16.833,0.0,699.0
Lab A,1341,TRF,2026-06-29,4,17.0,0.0,559.3
Lab A,1341,TRF,2026-06-29,4,17.167,0.0,0.0
Lab A,1341,TRF,2026-06-29,4,17.333,0.0,0.0
Lab A,1341,TRF,2026-06-29,4,17.5,5.7,0.0
Lab A,1341,TRF,2026-06-29,4,17.667,51.3,0.0
Lab A,1341,TRF,2026-06-29,4,17.833,6.9,0.0
Lab A,1341,TRF,2026-06-29,4,18.0,0.0,0.0
Lab A,1341,TRF,2026-06-29,4,18.167,0.9,0.0
Lab A,1341,TRF,2026-06-29,4,18.333,2.5,0.0
Lab A,1341,TRF,2026-06-29,4,18.5,1.2,0.0
Lab A,1341,TRF,2026-06-29,4,18.667,6.4,0.0
Lab A,1341,TRF,2026-06-29,4,18.833,1.3,0.0
Lab A,1341,TRF,2026-06-29,4,19.0,14.8,0.0
Lab A,1341,TRF,2026-06-29,4,19.167,7.4,0.0
Lab A,1341,TRF,2026-06-29,4,19.333,35.5,0.0
Lab A,1341,TRF,2026-06-29,4,19.5,16.4,0.0
Lab A,1341,TRF,2026-06-29,4,19.667,0.0,0.0
Lab A,1341,TRF,2026-06-29,4,19.833,0.0,0.0
Lab A,1341,TRF,2026-06-29,4,20.0,0.0,0.0
Lab A,1341,TRF,2026-06-29,4,20.167,2.0,0.0
Lab A,1341,TRF,2026-06-29,4,20.333,7.6,0.0
Lab A,1341,TRF,2026-06-29,4,20.5,0.0,0.0
Lab A,1341,TRF,2026-06-29,4,20.667,0.0,0.0
Lab A,1341,TRF,2026-06-29,4,20.833,0.0,0.0
Lab A,1341,TRF,2026-06-29,4,21.0,2.0,0.0
Lab A,1341,TRF,2026-06-29,4,21.167,0.0,0.0
Lab A,1341,TRF,2026-06-29,4,21.333,0.0,0.0
Lab A,1341,TRF,2026-06-29,4,21.5,10.2,0.0
Lab A,1341,TRF,2026-06-29,4,21.667,11.3,0.0
Lab A,1341,TRF,2026-06-29,4,21.833,42.4,0.0
Lab A,1341,TRF,2026-06-29,4,22.0,2.7,0.0
Lab A,1341,TRF,2026-06-29,4,22.167,0.0,0.0
Lab A,1341,TRF,2026-06-29,4,22.333,0.0,0.0
Lab A,1341,TRF,2026-06-29,4,22.5,0.0,0.0
Lab A,1341,TRF,2026-06-29,4,22.667,25.3,0.0
Lab A,1341,TRF,2026-06-29,4,22.833,30.8,0.0
Lab A,1341,TRF,2026-06-29,4,23.0,0.0,0.0
Lab A,1341,TRF,2026-06-29,4,23.167,0.0,0.0
Lab A,1341,TRF,2026-06-29,4,23.333,0.0,0.0
Lab A,1341,TRF,2026-06-29,4,23.5,2.2,0.0
Lab A,1341,TRF,2026-06-29,4,23.667,15.2,0.0
Lab A,1341,TRF,2026-06-29,4,23.833,65.8,0.0
Lab A,1341,TRF,2026-06-30,5,0.0,40.6,0.0
Lab A,1341,TRF,2026-06-30,5,0.167,34.2,0.0
Lab A,1341,TRF,2026-06-30,5,0.333,67.3,0.0
Lab A,1341,TRF,2026-06-30,5,0.5,13.0,0.0
Lab A,1341,TRF,2026-06-30,5,0.667,0.0,0.0
Lab A,1341,TRF,2026-06-30,5,0.833,0.0,0.0
Lab A,1341,TRF,2026-06-30,5,1.0,1.6,0.0
Lab A,1341,TRF,2026-06-30,5,1.167,0.0,0.0
Lab A,1341,TRF,2026-06-30,5,1.333,0.0,0.0
Lab A,1341,TRF,2026-06-30,5,1.5,0.0,0.0
Lab A,1341,TRF,2026-06-30,5,1.667,0.0,0.0
Lab A,1341,TRF,2026-06-30,5,1.833,5.6,0.0
Lab A,1341,TRF,2026-06-30,5,2.0,0.0,0.0
Lab A,1341,TRF,2026-06-30,5,2.167,0.0,0.0
Lab A,1341,TRF,2026-06-30,5,2.333,8.3,0.0
Lab A,1341,TRF,2026-06-30,5,2.5,0.0,0.0
Lab A,1341,TRF,2026-06-30,5,2.667,0.0,0.0
Lab A,1341,TRF,2026-06-30,5,2.833,2.4,0.0
Lab A,1341,TRF,2026-06-30,5,3.0,30.6,0.0
Lab A,1341,TRF,2026-06-30,5,3.167,60.7,0.0
Lab A,1341,TRF,2026-06-30,5,3.333,42.4,0.0
Lab A,1341,TRF,2026-06-30,5,3.5,41.4,0.0
Lab A,1341,TRF,2026-06-30,5,3.667,0.0,0.0
Lab A,1341,TRF,2026-06-30,5,3.833,0.0,0.0
Lab A,1341,TRF,2026-06-30,5,4.0,0.0,0.0
Lab A,1341,TRF,2026-06-30,5,4.167,0.0,0.0
Lab A,1341,TRF,2026-06-30,5,4.333,0.0,0.0
Lab A,1341,TRF,2026-06-30,5,4.5,3.7,0.0
Lab A,1341,TRF,2026-06-30,5,4.667,46.6,0.0
Lab A,1341,TRF,2026-06-30,5,4.833,57.7,0.0
Lab A,1341,TRF,2026-06-30,5,5.0,26.2,0.0
Lab A,1341,TRF,2026-06-30,5,5.167,18.8,644.4
Lab A,1341,TRF,2026-06-30,5,5.333,29.8,708.8
Lab A,1341,TRF,2026-06-30,5,5.5,0.0,714.5
Lab A,1341,TRF,2026-06-30,5,5.667,0.0,714.6
Lab A,1341,TRF,2026-06-30,5,5.833,0.0,713.4
Lab A,1341,TRF,2026-06-30,5,6.0,0.0,713.5
Lab A,1341,TRF,2026-06-30,5,6.167,0.0,713.0
Lab A,1341,TRF,2026-06-30,5,6.333,0.0,712.9
Lab A,1341,TRF,2026-06-30,5,6.5,0.0,712.4
Lab A,1341,TRF,2026-06-30,5,6.667,0.0,712.0
Lab A,1341,TRF,2026-06-30,5,6.833,0.0,712.0
Lab A,1341,TRF,2026-06-30,5,7.0,0.0,711.9
Lab A,1341,TRF,2026-06-30,5,7.167,0.0,712.0
Lab A,1341,TRF,2026-06-30,5,7.333,0.0,712.4
Lab A,1341,TRF,2026-06-30,5,7.5,0.0,712.4
Lab A,1341,TRF,2026-06-30,5,7.667,0.0,712.3
Lab A,1341,TRF,2026-06-30,5,7.833,0.0,712.0
Lab A,1341,TRF,2026-06-30,5,8.0,0.0,711.8
Lab A,1341,TRF,2026-06-30,5,8.167,0.0,711.8
Lab A,1341,TRF,2026-06-30,5,8.333,0.0,711.3
Lab A,1341,TRF,2026-06-30,5,8.5,0.0,711.1
Lab A,1341,TRF,2026-06-30,5,8.667,0.0,710.8
Lab A,1341,TRF,2026-06-30,5,8.833,0.0,710.7
Lab A,1341,TRF,2026-06-30,5,9.0,0.0,710.6
Lab A,1341,TRF,2026-06-30,5,9.167,0.0,710.3
Lab A,1341,TRF,2026-06-30,5,9.333,0.0,711.3
Lab A,1341,TRF,2026-06-30,5,9.5,0.0,710.2
Lab A,1341,TRF,2026-06-30,5,9.667,0.0,710.8
Lab A,1341,TRF,2026-06-30,5,9.833,0.0,710.2
Lab A,1341,TRF,2026-06-30,5,10.0,0.0,710.5
Lab A,1341,TRF,2026-06-30,5,10.167,0.0,710.8
Lab A,1341,TRF,2026-06-30,5,10.333,0.0,710.3
Lab A,1341,TRF,2026-06-30,5,10.5,0.0,710.3
Lab A,1341,TRF,2026-06-30,5,10.667,0.0,710.2
Lab A,1341,TRF,2026-06-30,5,10.833,0.0,710.6
Lab A,1341,TRF,2026-06-30,5,11.0,0.0,710.5
Lab A,1341,TRF,2026-06-30,5,11.167,0.0,710.5
Lab A,1341,TRF,2026-06-30,5,11.333,0.0,709.9
Lab A,1341,TRF,2026-06-30,5,11.5,0.0,710.4
Lab A,1341,TRF,2026-06-30,5,11.667,0.0,697.7
Lab A,1341,TRF,2026-06-30,5,11.833,6.2,673.4
Lab A,1341,TRF,2026-06-30,5,12.0,14.1,630.0
Lab A,1341,TRF,2026-06-30,5,12.167,13.0,671.4
Lab A,1341,TRF,2026-06-30,5,12.333,7.9,691.6
Lab A,1341,TRF,2026-06-30,5,12.5,0.0,692.8
Lab A,1341,TRF,2026-06-30,5,12.667,0.0,693.4
Lab A,1341,TRF,2026-06-30,5,12.833,0.0,694.5
Lab A,1341,TRF,2026-06-30,5,13.0,0.0,694.6
Lab A,1341,TRF,2026-06-30,5,13.167,0.0,694.5
Lab A,1341,TRF,2026-06-30,5,13.333,0.0,694.2
Lab A,1341,TRF,2026-06-30,5,13.5,0.0,694.1
Lab A,1341,TRF,2026-06-30,5,13.667,0.0,694.2
Lab A,1341,TRF,2026-06-30,5,13.833,0.0,694.0
Lab A,1341,TRF,2026-06-30,5,14.0,0.0,694.0
Lab A,1341,TRF,2026-06-30,5,14.167,0.0,694.0
Lab A,1341,TRF,2026-06-30,5,14.333,0.0,694.0
Lab A,1341,TRF,2026-06-30,5,14.5,0.0,693.8
Lab A,1341,TRF,2026-06-30,5,14.667,0.0,693.8
Lab A,1341,TRF,2026-06-30,5,14.833,0.0,693.8
Lab A,1341,TRF,2026-06-30,5,15.0,3.1,693.5
Lab A,1341,TRF,2026-06-30,5,15.167,3.8,694.0
Lab A,1341,TRF,2026-06-30,5,15.333,3.9,701.8
Lab A,1341,TRF,2026-06-30,5,15.5,0.0,702.8
Lab A,1341,TRF,2026-06-30,5,15.667,0.0,702.6
Lab A,1341,TRF,2026-06-30,5,15.833,0.0,702.8
Lab A,1341,TRF,2026-06-30,5,16.0,0.0,702.8
Lab A,1341,TRF,2026-06-30,5,16.167,0.0,702.8
Lab A,1341,TRF,2026-06-30,5,16.333,0.0,702.6
Lab A,1341,TRF,2026-06-30,5,16.5,0.0,702.8
Lab A,1341,TRF,2026-06-30,5,16.667,0.0,702.6
Lab A,1341,TRF,2026-06-30,5,16.833,0.0,702.4
Lab A,1341,TRF,2026-06-30,5,17.0,0.0,562.1
Lab A,1341,TRF,2026-06-30,5,17.167,,
Lab A,1341,TRF,2026-06-30,5,17.333,0.0,0.0
Lab A,1341,TRF,2026-06-30,5,17.5,50.5,0.0
Lab A,1341,TRF,2026-06-30,5,17.667,32.0,0.0
Lab A,1341,TRF,2026-06-30,5,17.833,14.4,0.0
Lab A,1341,TRF,2026-06-30,5,18.0,0.0,0.0
Lab A,1341,TRF,2026-06-30,5,18.167,0.0,0.0
Lab A,1341,TRF,2026-06-30,5,18.333,0.0,0.0
Lab A,1341,TRF,2026-06-30,5,18.5,1.9,0.0
Lab A,1341,TRF,2026-06-30,5,18.667,0.0,0.0
Lab A,1341,TRF,2026-06-30,5,18.833,14.3,0.0
Lab A,1341,TRF,2026-06-30,5,19.0,,
Lab A,1341,TRF,2026-06-30,5,19.167,5.8,0.0
Lab A,1341,TRF,2026-06-30,5,19.333,11.8,0.0
Lab A,1341,TRF,2026-06-30,5,19.5,1.3,0.0
Lab A,1341,TRF,2026-06-30,5,19.667,0.0,0.0
Lab A,1341,TRF,2026-06-30,5,19.833,0.0,0.0
Lab A,1341,TRF,2026-06-30,5,20.0,1.5,0.0
Lab A,1341,TRF,2026-06-30,5,20.167,0.0,0.0
Lab A,1341,TRF,2026-06-30,5,20.333,0.9,0.0
Lab A,1341,TRF,2026-06-30,5,20.5,0.0,0.0
Lab A,1341,TRF,2026-06-30,5,20.667,1.9,0.0
Lab A,1341,TRF,2026-06-30,5,20.833,0.0,0.0
Lab A,1341,TRF,2026-06-30,5,21.0,,
Lab A,1341,TRF,2026-06-30,5,21.167,,
Lab A,1341,TRF,2026-06-30,5,21.333,39.4,0.0
Lab A,1341,TRF,2026-06-30,5,21.5,11.2,0.0
Lab A,1341,TRF,2026-06-30,5,21.667,3.7,0.0
Lab A,1341,TRF,2026-06-30,5,21.833,0.0,0.0
Lab A,1341,TRF,2026-06-30,5,22.0,0.4,0.0
Lab A,1341,TRF,2026-06-30,5,22.167,0.0,0.0
Lab A,1341,TRF,2026-06-30,5,22.333,0.0,0.0
Lab A,1341,TRF,2026-06-30,5,22.5,2.0,0.0
Lab A,1341,TRF,2026-06-30,5,22.667,2.5,0.0
Lab A,1341,TRF,2026-06-30,5,22.833,5.1,0.0
Lab A,1341,TRF,2026-06-30,5,23.0,,
Lab A,1341,TRF,2026-06-30,5,23.167,0.2,0.0
Lab A,1341,TRF,2026-06-30,5,23.333,3.5,0.0
Lab A,1341,TRF,2026-06-30,5,23.5,0.0,0.0
Lab A,1341,TRF,2026-06-30,5,23.667,0.0,0.0
Lab A,1341,TRF,2026-06-30,5,23.833,43.0,0.0
Lab A,1341,TRF,2026-07-01,6,0.0,5.2,0.0
Lab A,1341,TRF,2026-07-01,6,0.167,0.0,0.0
Lab A,1341,TRF,2026-07-01,6,0.333,0.0,0.0
Lab A,1341,TRF,2026-07-01,6,0.5,2.6,0.0
Lab A,1341,TRF,2026-07-01,6,0.667,0.0,0.0
Lab A,1341,TRF,2026-07-01,6,0.833,4.6,0.0
Lab A,1341,TRF,2026-07-01,6,1.0,,
Lab A,1341,TRF,2026-07-01,6,1.167,10.5,0.0
Lab A,1341,TRF,2026-07-01,6,1.333,18.2,0.0
Lab A,1341,TRF,2026-07-01,6,1.5,0.0,0.0
Lab A,1341,TRF,2026-07-01,6,1.667,0.0,0.0
Lab A,1341,TRF,2026-07-01,6,1.833,0.0,0.0
Lab A,1341,TRF,2026-07-01,6,2.0,0.0,0.0
Lab A,1341,TRF,2026-07-01,6,2.167,7.0,0.0
Lab A,1341,TRF,2026-07-01,6,2.333,28.7,0.0
Lab A,1341,TRF,2026-07-01,6,2.5,25.3,0.0
Lab A,1341,TRF,2026-07-01,6,2.667,0.0,0.0
Lab A,1341,TRF,2026-07-01,6,2.833,0.0,0.0
Lab A,1341,TRF,2026-07-01,6,3.0,,
Lab A,1341,TRF,2026-07-01,6,3.167,0.1,0.0
Lab A,1341,TRF,2026-07-01,6,3.333,0.0,0.0
Lab A,1341,TRF,2026-07-01,6,3.5,0.0,0.0
Lab A,1341,TRF,2026-07-01,6,3.667,5.7,0.0
Lab A,1341,TRF,2026-07-01,6,3.833,27.9,0.0
Lab A,1341,TRF,2026-07-01,6,4.0,52.5,0.0
Lab A,1341,TRF,2026-07-01,6,4.167,10.1,0.0
Lab A,1341,TRF,2026-07-01,6,4.333,16.2,0.0
Lab A,1341,TRF,2026-07-01,6,4.5,5.4,0.0
Lab A,1341,TRF,2026-07-01,6,4.667,2.2,0.0
Lab A,1341,TRF,2026-07-01,6,4.833,0.0,0.0
Lab A,1342,TRF,2026-06-24,-1,5.0,23.6,0.0
Lab A,1342,TRF,2026-06-24,-1,5.167,45.0,648.6
Lab A,1342,TRF,2026-06-24,-1,5.333,11.6,718.3
Lab A,1342,TRF,2026-06-24,-1,5.5,44.8,713.6
Lab A,1342,TRF,2026-06-24,-1,5.667,26.5,710.3
Lab A,1342,TRF,2026-06-24,-1,5.833,1.9,709.4
Lab A,1342,TRF,2026-06-24,-1,6.0,0.9,708.5
Lab A,1342,TRF,2026-06-24,-1,6.167,0.0,708.4
Lab A,1342,TRF,2026-06-24,-1,6.333,1.3,708.1
Lab A,1342,TRF,2026-06-24,-1,6.5,1.6,708.5
Lab A,1342,TRF,2026-06-24,-1,6.667,15.8,706.4
Lab A,1342,TRF,2026-06-24,-1,6.833,15.2,706.0
Lab A,1342,TRF,2026-06-24,-1,7.0,1.5,707.3
Lab A,1342,TRF,2026-06-24,-1,7.167,4.6,706.3
Lab A,1342,TRF,2026-06-24,-1,7.333,25.7,709.6
Lab A,1342,TRF,2026-06-24,-1,7.5,11.8,713.3
Lab A,1342,TRF,2026-06-24,-1,7.667,36.1,709.9
Lab A,1342,TRF,2026-06-24,-1,7.833,43.7,702.2
Lab A,1342,TRF,2026-06-24,-1,8.0,15.2,706.4
Lab A,1342,TRF,2026-06-24,-1,8.167,1.3,706.8
Lab A,1342,TRF,2026-06-24,-1,8.333,0.7,706.4
Lab A,1342,TRF,2026-06-24,-1,8.5,2.2,706.1
Lab A,1342,TRF,2026-06-24,-1,8.667,1.4,704.7
Lab A,1342,TRF,2026-06-24,-1,8.833,1.0,705.8
Lab A,1342,TRF,2026-06-24,-1,9.0,8.9,704.4
Lab A,1342,TRF,2026-06-24,-1,9.167,1.5,705.0
Lab A,1342,TRF,2026-06-24,-1,9.333,1.4,704.6
Lab A,1342,TRF,2026-06-24,-1,9.5,3.2,705.0
Lab A,1342,TRF,2026-06-24,-1,9.667,0.0,705.6
Lab A,1342,TRF,2026-06-24,-1,9.833,27.2,704.4
Lab A,1342,TRF,2026-06-24,-1,10.0,1.9,704.9
Lab A,1342,TRF,2026-06-24,-1,10.167,4.3,704.3
Lab A,1342,TRF,2026-06-24,-1,10.333,3.6,704.3
Lab A,1342,TRF,2026-06-24,-1,10.5,1.2,705.5
Lab A,1342,TRF,2026-06-24,-1,10.667,1.1,705.0
Lab A,1342,TRF,2026-06-24,-1,10.833,1.9,704.5
Lab A,1342,TRF,2026-06-24,-1,11.0,2.6,704.9
Lab A,1342,TRF,2026-06-24,-1,11.167,16.9,703.9
Lab A,1342,TRF,2026-06-24,-1,11.333,26.7,706.9
Lab A,1342,TRF,2026-06-24,-1,11.5,29.0,706.8
Lab A,1342,TRF,2026-06-24,-1,11.667,1.4,707.2
Lab A,1342,TRF,2026-06-24,-1,11.833,15.0,674.8
Lab A,1342,TRF,2026-06-24,-1,12.0,36.6,604.4
Lab A,1342,TRF,2026-06-24,-1,12.167,42.1,672.7
Lab A,1342,TRF,2026-06-24,-1,12.333,7.3,697.9
Lab A,1342,TRF,2026-06-24,-1,12.5,1.1,698.4
Lab A,1342,TRF,2026-06-24,-1,12.667,1.4,698.3
Lab A,1342,TRF,2026-06-24,-1,12.833,0.3,697.7
Lab A,1342,TRF,2026-06-24,-1,13.0,0.0,697.2
Lab A,1342,TRF,2026-06-24,-1,13.167,5.9,696.6
Lab A,1342,TRF,2026-06-24,-1,13.333,0.7,697.1
Lab A,1342,TRF,2026-06-24,-1,13.5,1.1,697.4
Lab A,1342,TRF,2026-06-24,-1,13.667,4.6,697.0
Lab A,1342,TRF,2026-06-24,-1,13.833,0.9,696.0
Lab A,1342,TRF,2026-06-24,-1,14.0,29.6,696.1
Lab A,1342,TRF,2026-06-24,-1,14.167,24.0,698.5
Lab A,1342,TRF,2026-06-24,-1,14.333,1.4,698.3
Lab A,1342,TRF,2026-06-24,-1,14.5,0.2,697.9
Lab A,1342,TRF,2026-06-24,-1,14.667,1.3,697.0
Lab A,1342,TRF,2026-06-24,-1,14.833,3.6,697.9
Lab A,1342,TRF,2026-06-24,-1,15.0,16.0,697.3
Lab A,1342,TRF,2026-06-24,-1,15.167,26.2,697.1
Lab A,1342,TRF,2026-06-24,-1,15.333,7.6,700.8
Lab A,1342,TRF,2026-06-24,-1,15.5,23.4,698.4
Lab A,1342,TRF,2026-06-24,-1,15.667,0.0,698.4
Lab A,1342,TRF,2026-06-24,-1,15.833,2.3,699.3
Lab A,1342,TRF,2026-06-24,-1,16.0,0.0,700.7
Lab A,1342,TRF,2026-06-24,-1,16.167,7.0,702.2
Lab A,1342,TRF,2026-06-24,-1,16.333,16.3,700.3
Lab A,1342,TRF,2026-06-24,-1,16.5,9.2,700.5
Lab A,1342,TRF,2026-06-24,-1,16.667,1.2,700.9
Lab A,1342,TRF,2026-06-24,-1,16.833,0.5,701.3
Lab A,1342,TRF,2026-06-24,-1,17.0,10.4,560.4
Lab A,1342,TRF,2026-06-24,-1,17.167,22.5,0.0
Lab A,1342,TRF,2026-06-24,-1,17.333,14.9,0.0
Lab A,1342,TRF,2026-06-24,-1,17.5,4.2,0.0
Lab A,1342,TRF,2026-06-24,-1,17.667,31.4,0.0
Lab A,1342,TRF,2026-06-24,-1,17.833,5.7,0.0
Lab A,1342,TRF,2026-06-24,-1,18.0,40.7,0.0
Lab A,1342,TRF,2026-06-24,-1,18.167,3.5,0.0
Lab A,1342,TRF,2026-06-24,-1,18.333,1.7,0.0
Lab A,1342,TRF,2026-06-24,-1,18.5,25.3,0.0
Lab A,1342,TRF,2026-06-24,-1,18.667,11.2,0.0
Lab A,1342,TRF,2026-06-24,-1,18.833,41.6,0.0
Lab A,1342,TRF,2026-06-24,-1,19.0,20.5,0.0
Lab A,1342,TRF,2026-06-24,-1,19.167,0.3,0.0
Lab A,1342,TRF,2026-06-24,-1,19.333,31.2,0.0
Lab A,1342,TRF,2026-06-24,-1,19.5,28.1,0.0
Lab A,1342,TRF,2026-06-24,-1,19.667,24.3,0.0
Lab A,1342,TRF,2026-06-24,-1,19.833,3.7,0.0
Lab A,1342,TRF,2026-06-24,-1,20.0,1.8,0.0
Lab A,1342,TRF,2026-06-24,-1,20.167,3.7,0.0
Lab A,1342,TRF,2026-06-24,-1,20.333,24.6,0.0
Lab A,1342,TRF,2026-06-24,-1,20.5,32.7,0.0
Lab A,1342,TRF,2026-06-24,-1,20.667,1.0,0.0
Lab A,1342,TRF,2026-06-24,-1,20.833,2.8,0.0
Lab A,1342,TRF,2026-06-24,-1,21.0,23.0,0.0
Lab A,1342,TRF,2026-06-24,-1,21.167,23.1,0.0
Lab A,1342,TRF,2026-06-24,-1,21.333,1.0,0.0
Lab A,1342,TRF,2026-06-24,-1,21.5,1.5,0.0
Lab A,1342,TRF,2026-06-24,-1,21.667,1.6,0.0
Lab A,1342,TRF,2026-06-24,-1,21.833,6.6,0.0
Lab A,1342,TRF,2026-06-24,-1,22.0,10.7,0.0
Lab A,1342,TRF,2026-06-24,-1,22.167,17.2,0.0
Lab A,1342,TRF,2026-06-24,-1,22.333,3.2,0.0
Lab A,1342,TRF,2026-06-24,-1,22.5,1.1,0.0
Lab A,1342,TRF,2026-06-24,-1,22.667,10.2,0.0
Lab A,1342,TRF,2026-06-24,-1,22.833,4.1,0.0
Lab A,1342,TRF,2026-06-24,-1,23.0,8.8,0.0
Lab A,1342,TRF,2026-06-24,-1,23.167,34.4,0.0
Lab A,1342,TRF,2026-06-24,-1,23.333,22.5,0.0
Lab A,1342,TRF,2026-06-24,-1,23.5,4.6,0.0
Lab A,1342,TRF,2026-06-24,-1,23.667,1.2,0.0
Lab A,1342,TRF,2026-06-24,-1,23.833,33.2,0.0
Lab A,1342,TRF,2026-06-25,0,0.0,5.1,0.0
Lab A,1342,TRF,2026-06-25,0,0.167,1.5,0.0
Lab A,1342,TRF,2026-06-25,0,0.333,5.0,0.0
Lab A,1342,TRF,2026-06-25,0,0.5,4.0,0.0
Lab A,1342,TRF,2026-06-25,0,0.667,2.4,0.0
Lab A,1342,TRF,2026-06-25,0,0.833,5.8,0.0
Lab A,1342,TRF,2026-06-25,0,1.0,23.6,0.0
Lab A,1342,TRF,2026-06-25,0,1.167,1.9,0.0
Lab A,1342,TRF,2026-06-25,0,1.333,1.0,0.0
Lab A,1342,TRF,2026-06-25,0,1.5,5.1,0.0
Lab A,1342,TRF,2026-06-25,0,1.667,1.9,0.0
Lab A,1342,TRF,2026-06-25,0,1.833,6.3,0.0
Lab A,1342,TRF,2026-06-25,0,2.0,2.5,0.0
Lab A,1342,TRF,2026-06-25,0,2.167,26.2,0.0
Lab A,1342,TRF,2026-06-25,0,2.333,4.2,0.0
Lab A,1342,TRF,2026-06-25,0,2.5,11.1,0.0
Lab A,1342,TRF,2026-06-25,0,2.667,2.7,0.0
Lab A,1342,TRF,2026-06-25,0,2.833,14.3,0.0
Lab A,1342,TRF,2026-06-25,0,3.0,7.5,0.0
Lab A,1342,TRF,2026-06-25,0,3.167,41.7,0.0
Lab A,1342,TRF,2026-06-25,0,3.333,30.3,0.0
Lab A,1342,TRF,2026-06-25,0,3.5,27.1,0.0
Lab A,1342,TRF,2026-06-25,0,3.667,10.1,0.0
Lab A,1342,TRF,2026-06-25,0,3.833,42.2,0.0
Lab A,1342,TRF,2026-06-25,0,4.0,26.3,0.0
Lab A,1342,TRF,2026-06-25,0,4.167,8.7,0.0
Lab A,1342,TRF,2026-06-25,0,4.333,1.2,0.0
Lab A,1342,TRF,2026-06-25,0,4.5,3.2,0.0
Lab A,1342,TRF,2026-06-25,0,4.667,1.7,0.0
Lab A,1342,TRF,2026-06-25,0,4.833,0.6,0.0
Lab A,1342,TRF,2026-06-25,0,5.0,17.1,0.0
Lab A,1342,TRF,2026-06-25,0,5.167,16.4,645.9
Lab A,1342,TRF,2026-06-25,0,5.333,4.9,714.0
Lab A,1342,TRF,2026-06-25,0,5.5,0.0,715.0
Lab A,1342,TRF,2026-06-25,0,5.667,46.6,703.3
Lab A,1342,TRF,2026-06-25,0,5.833,46.6,698.4
Lab A,1342,TRF,2026-06-25,0,6.0,45.2,708.2
Lab A,1342,TRF,2026-06-25,0,6.167,31.1,709.0
Lab A,1342,TRF,2026-06-25,0,6.333,1.3,710.4
Lab A,1342,TRF,2026-06-25,0,6.5,1.8,710.2
Lab A,1342,TRF,2026-06-25,0,6.667,0.6,710.3
Lab A,1342,TRF,2026-06-25,0,6.833,0.5,710.1
Lab A,1342,TRF,2026-06-25,0,7.0,1.4,710.1
Lab A,1342,TRF,2026-06-25,0,7.167,0.3,709.7
Lab A,1342,TRF,2026-06-25,0,7.333,1.5,710.1
Lab A,1342,TRF,2026-06-25,0,7.5,0.0,709.4
Lab A,1342,TRF,2026-06-25,0,7.667,5.2,709.8
Lab A,1342,TRF,2026-06-25,0,7.833,23.1,708.7
Lab A,1342,TRF,2026-06-25,0,8.0,1.0,708.9
Lab A,1342,TRF,2026-06-25,0,8.167,0.8,708.7
Lab A,1342,TRF,2026-06-25,0,8.333,0.2,708.8
Lab A,1342,TRF,2026-06-25,0,8.5,0.1,708.4
Lab A,1342,TRF,2026-06-25,0,8.667,1.5,708.5
Lab A,1342,TRF,2026-06-25,0,8.833,0.0,708.2
Lab A,1342,TRF,2026-06-25,0,9.0,0.5,708.5
Lab A,1342,TRF,2026-06-25,0,9.167,0.4,708.2
Lab A,1342,TRF,2026-06-25,0,9.333,3.6,707.8
Lab A,1342,TRF,2026-06-25,0,9.5,3.0,707.8
Lab A,1342,TRF,2026-06-25,0,9.667,9.6,707.1
Lab A,1342,TRF,2026-06-25,0,9.833,1.7,707.8
Lab A,1342,TRF,2026-06-25,0,10.0,2.1,707.8
Lab A,1342,TRF,2026-06-25,0,10.167,0.6,707.7
Lab A,1342,TRF,2026-06-25,0,10.333,15.9,706.3
Lab A,1342,TRF,2026-06-25,0,10.5,0.9,707.3
Lab A,1342,TRF,2026-06-25,0,10.667,1.3,707.3
Lab A,1342,TRF,2026-06-25,0,10.833,1.1,707.1
Lab A,1342,TRF,2026-06-25,0,11.0,1.3,707.5
Lab A,1342,TRF,2026-06-25,0,11.167,7.2,675.4
Lab A,1342,TRF,2026-06-25,0,11.333,22.9,658.2
Lab A,1342,TRF,2026-06-25,0,11.5,23.1,672.1
Lab A,1342,TRF,2026-06-25,0,11.667,42.9,650.1
Lab A,1342,TRF,2026-06-25,0,11.833,41.8,653.6
Lab A,1342,TRF,2026-06-25,0,12.0,24.0,662.1
Lab A,1342,TRF,2026-06-25,0,12.167,25.2,700.5
Lab A,1342,TRF,2026-06-25,0,12.333,0.6,701.5
Lab A,1342,TRF,2026-06-25,0,12.5,0.9,701.5
Lab A,1342,TRF,2026-06-25,0,12.667,0.8,700.8
Lab A,1342,TRF,2026-06-25,0,12.833,13.2,700.0
Lab A,1342,TRF,2026-06-25,0,13.0,2.0,700.3
Lab A,1342,TRF,2026-06-25,0,13.167,0.3,700.3
Lab A,1342,TRF,2026-06-25,0,13.333,2.4,699.7
Lab A,1342,TRF,2026-06-25,0,13.5,2.9,700.1
Lab A,1342,TRF,2026-06-25,0,13.667,5.8,700.1
Lab A,1342,TRF,2026-06-25,0,13.833,2.3,704.9
Lab A,1342,TRF,2026-06-25,0,14.0,11.4,701.1
Lab A,1342,TRF,2026-06-25,0,14.167,17.5,696.8
Lab A,1342,TRF,2026-06-25,0,14.333,4.3,699.1
Lab A,1342,TRF,2026-06-25,0,14.5,0.2,698.6
Lab A,1342,TRF,2026-06-25,0,14.667,0.5,698.9
Lab A,1342,TRF,2026-06-25,0,14.833,2.7,699.0
Lab A,1342,TRF,2026-06-25,0,15.0,1.2,698.8
Lab A,1342,TRF,2026-06-25,0,15.167,2.5,699.3
Lab A,1342,TRF,2026-06-25,0,15.333,0.9,699.6
Lab A,1342,TRF,2026-06-25,0,15.5,1.4,699.7
Lab A,1342,TRF,2026-06-25,0,15.667,19.1,698.2
Lab A,1342,TRF,2026-06-25,0,15.833,6.2,700.1
Lab A,1342,TRF,2026-06-25,0,16.0,0.9,698.5
Lab A,1342,TRF,2026-06-25,0,16.167,0.6,698.6
Lab A,1342,TRF,2026-06-25,0,16.333,2.5,698.5
Lab A,1342,TRF,2026-06-25,0,16.5,5.9,702.3
Lab A,1342,TRF,2026-06-25,0,16.667,10.1,703.2
Lab A,1342,TRF,2026-06-25,0,16.833,17.1,699.9
Lab A,1342,TRF,2026-06-25,0,17.0,0.4,560.8
Lab A,1342,TRF,2026-06-25,0,17.167,5.1,0.0
Lab A,1342,TRF,2026-06-25,0,17.333,28.6,0.0
Lab A,1342,TRF,2026-06-25,0,17.5,18.6,0.0
Lab A,1342,TRF,2026-06-25,0,17.667,22.2,0.0
Lab A,1342,TRF,2026-06-25,0,17.833,15.4,0.0
Lab A,1342,TRF,2026-06-25,0,18.0,13.9,0.0
Lab A,1342,TRF,2026-06-25,0,18.167,53.4,0.0
Lab A,1342,TRF,2026-06-25,0,18.333,33.6,0.0
Lab A,1342,TRF,2026-06-25,0,18.5,26.5,0.0
Lab A,1342,TRF,2026-06-25,0,18.667,22.0,0.0
Lab A,1342,TRF,2026-06-25,0,18.833,8.5,0.0
Lab A,1342,TRF,2026-06-25,0,19.0,11.0,0.0
Lab A,1342,TRF,2026-06-25,0,19.167,2.5,0.0
Lab A,1342,TRF,2026-06-25,0,19.333,23.7,0.0
Lab A,1342,TRF,2026-06-25,0,19.5,20.6,0.0
Lab A,1342,TRF,2026-06-25,0,19.667,2.6,0.0
Lab A,1342,TRF,2026-06-25,0,19.833,4.4,0.0
Lab A,1342,TRF,2026-06-25,0,20.0,19.0,0.0
Lab A,1342,TRF,2026-06-25,0,20.167,35.5,0.0
Lab A,1342,TRF,2026-06-25,0,20.333,33.7,0.0
Lab A,1342,TRF,2026-06-25,0,20.5,2.0,0.0
Lab A,1342,TRF,2026-06-25,0,20.667,0.8,0.0
Lab A,1342,TRF,2026-06-25,0,20.833,2.0,0.0
Lab A,1342,TRF,2026-06-25,0,21.0,15.3,0.0
Lab A,1342,TRF,2026-06-25,0,21.167,1.5,0.0
Lab A,1342,TRF,2026-06-25,0,21.333,7.3,0.0
Lab A,1342,TRF,2026-06-25,0,21.5,29.5,0.0
Lab A,1342,TRF,2026-06-25,0,21.667,16.5,0.0
Lab A,1342,TRF,2026-06-25,0,21.833,22.7,0.0
Lab A,1342,TRF,2026-06-25,0,22.0,22.1,0.0
Lab A,1342,TRF,2026-06-25,0,22.167,0.2,0.0
Lab A,1342,TRF,2026-06-25,0,22.333,3.4,0.0
Lab A,1342,TRF,2026-06-25,0,22.5,31.8,0.0
Lab A,1342,TRF,2026-06-25,0,22.667,0.6,0.0
Lab A,1342,TRF,2026-06-25,0,22.833,2.0,0.0
Lab A,1342,TRF,2026-06-25,0,23.0,7.0,0.0
Lab A,1342,TRF,2026-06-25,0,23.167,16.1,0.0
Lab A,1342,TRF,2026-06-25,0,23.333,6.8,0.0
Lab A,1342,TRF,2026-06-25,0,23.5,2.7,0.0
Lab A,1342,TRF,2026-06-25,0,23.667,3.0,0.0
Lab A,1342,TRF,2026-06-25,0,23.833,11.1,0.0
Lab A,1342,TRF,2026-06-26,1,0.0,2.8,0.0
Lab A,1342,TRF,2026-06-26,1,0.167,2.0,0.0
Lab A,1342,TRF,2026-06-26,1,0.333,13.4,0.0
Lab A,1342,TRF,2026-06-26,1,0.5,35.8,0.0
Lab A,1342,TRF,2026-06-26,1,0.667,44.8,0.0
Lab A,1342,TRF,2026-06-26,1,0.833,14.8,0.0
Lab A,1342,TRF,2026-06-26,1,1.0,2.0,0.0
Lab A,1342,TRF,2026-06-26,1,1.167,0.6,0.0
Lab A,1342,TRF,2026-06-26,1,1.333,7.1,0.0
Lab A,1342,TRF,2026-06-26,1,1.5,9.8,0.0
Lab A,1342,TRF,2026-06-26,1,1.667,1.7,0.0
Lab A,1342,TRF,2026-06-26,1,1.833,2.7,0.0
Lab A,1342,TRF,2026-06-26,1,2.0,0.6,0.0
Lab A,1342,TRF,2026-06-26,1,2.167,4.2,0.0
Lab A,1342,TRF,2026-06-26,1,2.333,35.3,0.0
Lab A,1342,TRF,2026-06-26,1,2.5,5.9,0.0
Lab A,1342,TRF,2026-06-26,1,2.667,0.3,0.0
Lab A,1342,TRF,2026-06-26,1,2.833,5.7,0.0
Lab A,1342,TRF,2026-06-26,1,3.0,6.4,0.0
Lab A,1342,TRF,2026-06-26,1,3.167,1.4,0.0
Lab A,1342,TRF,2026-06-26,1,3.333,24.7,0.0
Lab A,1342,TRF,2026-06-26,1,3.5,17.2,0.0
Lab A,1342,TRF,2026-06-26,1,3.667,16.9,0.0
Lab A,1342,TRF,2026-06-26,1,3.833,33.0,0.0
Lab A,1342,TRF,2026-06-26,1,4.0,2.7,0.0
Lab A,1342,TRF,2026-06-26,1,4.167,42.2,0.0
Lab A,1342,TRF,2026-06-26,1,4.333,38.8,0.0
Lab A,1342,TRF,2026-06-26,1,4.5,42.7,0.0
Lab A,1342,TRF,2026-06-26,1,4.667,2.4,0.0
Lab A,1342,TRF,2026-06-26,1,4.833,0.4,0.0
Lab A,1342,TRF,2026-06-26,1,5.0,0.9,0.0
Lab A,1342,TRF,2026-06-26,1,5.167,0.5,643.1
Lab A,1342,TRF,2026-06-26,1,5.333,2.0,709.9
Lab A,1342,TRF,2026-06-26,1,5.5,0.4,708.9
Lab A,1342,TRF,2026-06-26,1,5.667,0.7,708.2
Lab A,1342,TRF,2026-06-26,1,5.833,20.3,707.8
Lab A,1342,TRF,2026-06-26,1,6.0,4.3,712.1
Lab A,1342,TRF,2026-06-26,1,6.167,27.7,708.3
Lab A,1342,TRF,2026-06-26,1,6.333,0.6,707.6
Lab A,1342,TRF,2026-06-26,1,6.5,0.8,707.9
Lab A,1342,TRF,2026-06-26,1,6.667,0.3,707.3
Lab A,1342,TRF,2026-06-26,1,6.833,1.0,707.6
Lab A,1342,TRF,2026-06-26,1,7.0,0.6,707.3
Lab A,1342,TRF,2026-06-26,1,7.167,0.3,706.1
Lab A,1342,TRF,2026-06-26,1,7.333,0.2,707.4
Lab A,1342,TRF,2026-06-26,1,7.5,1.7,706.4
Lab A,1342,TRF,2026-06-26,1,7.667,0.0,707.2
Lab A,1342,TRF,2026-06-26,1,7.833,7.2,706.0
Lab A,1342,TRF,2026-06-26,1,8.0,5.0,705.2
Lab A,1342,TRF,2026-06-26,1,8.167,1.0,704.5
Lab A,1342,TRF,2026-06-26,1,8.333,0.7,704.5
Lab A,1342,TRF,2026-06-26,1,8.5,3.1,704.2
Lab A,1342,TRF,2026-06-26,1,8.667,0.9,705.3
Lab A,1342,TRF,2026-06-26,1,8.833,1.0,705.5
Lab A,1342,TRF,2026-06-26,1,9.0,0.2,705.3
Lab A,1342,TRF,2026-06-26,1,9.167,0.2,704.8
Lab A,1342,TRF,2026-06-26,1,9.333,23.6,707.5
Lab A,1342,TRF,2026-06-26,1,9.5,20.2,709.7
Lab A,1342,TRF,2026-06-26,1,9.667,50.8,703.7
Lab A,1342,TRF,2026-06-26,1,9.833,6.3,705.6
Lab A,1342,TRF,2026-06-26,1,10.0,1.0,705.4
Lab A,1342,TRF,2026-06-26,1,10.167,2.5,695.8
Lab A,1342,TRF,2026-06-26,1,10.333,19.7,635.0
Lab A,1342,TRF,2026-06-26,1,10.5,19.9,686.1
Lab A,1342,TRF,2026-06-26,1,10.667,19.2,714.5
Lab A,1342,TRF,2026-06-26,1,10.833,32.5,710.6
Lab A,1342,TRF,2026-06-26,1,11.0,1.9,709.8
Lab A,1342,TRF,2026-06-26,1,11.167,0.7,710.5
Lab A,1342,TRF,2026-06-26,1,11.333,0.3,710.0
Lab A,1342,TRF,2026-06-26,1,11.5,0.7,710.3
Lab A,1342,TRF,2026-06-26,1,11.667,0.6,710.1
Lab A,1342,TRF,2026-06-26,1,11.833,4.0,710.8
Lab A,1342,TRF,2026-06-26,1,12.0,0.9,710.6
Lab A,1342,TRF,2026-06-26,1,12.167,0.3,711.3
Lab A,1342,TRF,2026-06-26,1,12.333,1.1,711.1
Lab A,1342,TRF,2026-06-26,1,12.5,0.9,711.3
Lab A,1342,TRF,2026-06-26,1,12.667,7.9,711.1
Lab A,1342,TRF,2026-06-26,1,12.833,16.3,707.5
Lab A,1342,TRF,2026-06-26,1,13.0,4.8,705.6
Lab A,1342,TRF,2026-06-26,1,13.167,1.1,706.0
Lab A,1342,TRF,2026-06-26,1,13.333,0.6,706.5
Lab A,1342,TRF,2026-06-26,1,13.5,1.2,706.4
Lab A,1342,TRF,2026-06-26,1,13.667,0.9,705.6
Lab A,1342,TRF,2026-06-26,1,13.833,0.3,706.2
Lab A,1342,TRF,2026-06-26,1,14.0,1.9,706.4
Lab A,1342,TRF,2026-06-26,1,14.167,0.0,707.3
Lab A,1342,TRF,2026-06-26,1,14.333,0.2,707.2
Lab A,1342,TRF,2026-06-26,1,14.5,7.5,706.6
Lab A,1342,TRF,2026-06-26,1,14.667,23.0,706.7
Lab A,1342,TRF,2026-06-26,1,14.833,3.2,706.3
Lab A,1342,TRF,2026-06-26,1,15.0,0.3,707.0
Lab A,1342,TRF,2026-06-26,1,15.167,1.2,706.7
Lab A,1342,TRF,2026-06-26,1,15.333,0.5,707.1
Lab A,1342,TRF,2026-06-26,1,15.5,1.9,706.6
Lab A,1342,TRF,2026-06-26,1,15.667,3.7,706.7
Lab A,1342,TRF,2026-06-26,1,15.833,20.3,708.5
Lab A,1342,TRF,2026-06-26,1,16.0,19.4,707.3
Lab A,1342,TRF,2026-06-26,1,16.167,2.4,707.7
Lab A,1342,TRF,2026-06-26,1,16.333,1.2,707.7
Lab A,1342,TRF,2026-06-26,1,16.5,1.8,708.3
Lab A,1342,TRF,2026-06-26,1,16.667,12.6,708.0
Lab A,1342,TRF,2026-06-26,1,16.833,26.2,707.5
Lab A,1342,TRF,2026-06-26,1,17.0,1.3,566.6
Lab A,1342,TRF,2026-06-26,1,17.167,9.0,0.0
Lab A,1342,TRF,2026-06-26,1,17.333,15.0,0.0
Lab A,1342,TRF,2026-06-26,1,17.5,19.7,0.0
Lab A,1342,TRF,2026-06-26,1,17.667,39.9,0.0
Lab A,1342,TRF,2026-06-26,1,17.833,19.9,0.0
Lab A,1342,TRF,2026-06-26,1,18.0,31.1,0.0
Lab A,1342,TRF,2026-06-26,1,18.167,12.4,0.0
Lab A,1342,TRF,2026-06-26,1,18.333,24.9,0.0
Lab A,1342,TRF,2026-06-26,1,18.5,12.7,0.0
Lab A,1342,TRF,2026-06-26,1,18.667,10.1,0.0
Lab A,1342,TRF,2026-06-26,1,18.833,27.4,0.0
Lab A,1342,TRF,2026-06-26,1,19.0,36.9,0.0
Lab A,1342,TRF,2026-06-26,1,19.167,5.8,0.0
Lab A,1342,TRF,2026-06-26,1,19.333,20.1,0.0
Lab A,1342,TRF,2026-06-26,1,19.5,31.4,0.0
Lab A,1342,TRF,2026-06-26,1,19.667,14.7,0.0
Lab A,1342,TRF,2026-06-26,1,19.833,16.6,0.0
Lab A,1342,TRF,2026-06-26,1,20.0,4.7,0.0
Lab A,1342,TRF,2026-06-26,1,20.167,24.9,0.0
Lab A,1342,TRF,2026-06-26,1,20.333,10.3,0.0
Lab A,1342,TRF,2026-06-26,1,20.5,5.1,0.0
Lab A,1342,TRF,2026-06-26,1,20.667,24.4,0.0
Lab A,1342,TRF,2026-06-26,1,20.833,3.2,0.0
Lab A,1342,TRF,2026-06-26,1,21.0,0.3,0.0
Lab A,1342,TRF,2026-06-26,1,21.167,5.1,0.0
Lab A,1342,TRF,2026-06-26,1,21.333,28.9,0.0
Lab A,1342,TRF,2026-06-26,1,21.5,1.2,0.0
Lab A,1342,TRF,2026-06-26,1,21.667,20.6,0.0
Lab A,1342,TRF,2026-06-26,1,21.833,34.0,0.0
Lab A,1342,TRF,2026-06-26,1,22.0,15.3,0.0
Lab A,1342,TRF,2026-06-26,1,22.167,36.0,0.0
Lab A,1342,TRF,2026-06-26,1,22.333,11.9,0.0
Lab A,1342,TRF,2026-06-26,1,22.5,12.3,0.0
Lab A,1342,TRF,2026-06-26,1,22.667,3.7,0.0
Lab A,1342,TRF,2026-06-26,1,22.833,3.3,0.0
Lab A,1342,TRF,2026-06-26,1,23.0,29.6,0.0
Lab A,1342,TRF,2026-06-26,1,23.167,14.5,0.0
Lab A,1342,TRF,2026-06-26,1,23.333,2.1,0.0
Lab A,1342,TRF,2026-06-26,1,23.5,14.6,0.0
Lab A,1342,TRF,2026-06-26,1,23.667,16.4,0.0
Lab A,1342,TRF,2026-06-26,1,23.833,5.0,0.0
Lab A,1342,TRF,2026-06-27,2,0.0,8.7,0.0
Lab A,1342,TRF,2026-06-27,2,0.167,2.5,0.0
Lab A,1342,TRF,2026-06-27,2,0.333,23.2,0.0
Lab A,1342,TRF,2026-06-27,2,0.5,16.4,0.0
Lab A,1342,TRF,2026-06-27,2,0.667,59.4,0.0
Lab A,1342,TRF,2026-06-27,2,0.833,33.7,0.0
Lab A,1342,TRF,2026-06-27,2,1.0,5.2,0.0
Lab A,1342,TRF,2026-06-27,2,1.167,10.3,0.0
Lab A,1342,TRF,2026-06-27,2,1.333,10.7,0.0
Lab A,1342,TRF,2026-06-27,2,1.5,2.2,0.0
Lab A,1342,TRF,2026-06-27,2,1.667,0.5,0.0
Lab A,1342,TRF,2026-06-27,2,1.833,10.6,0.0
Lab A,1342,TRF,2026-06-27,2,2.0,4.4,0.0
Lab A,1342,TRF,2026-06-27,2,2.167,1.9,0.0
Lab A,1342,TRF,2026-06-27,2,2.333,31.8,0.0
Lab A,1342,TRF,2026-06-27,2,2.5,44.4,0.0
Lab A,1342,TRF,2026-06-27,2,2.667,39.3,0.0
Lab A,1342,TRF,2026-06-27,2,2.833,3.1,0.0
Lab A,1342,TRF,2026-06-27,2,3.0,1.4,0.0
Lab A,1342,TRF,2026-06-27,2,3.167,2.7,0.0
Lab A,1342,TRF,2026-06-27,2,3.333,,
Lab A,1342,TRF,2026-06-27,2,3.5,44.8,0.0
Lab A,1342,TRF,2026-06-27,2,3.667,51.6,0.0
Lab A,1342,TRF,2026-06-27,2,3.833,39.4,0.0
Lab A,1342,TRF,2026-06-27,2,4.0,1.5,0.0
Lab A,1342,TRF,2026-06-27,2,4.167,1.7,0.0
Lab A,1342,TRF,2026-06-27,2,4.333,0.4,0.0
Lab A,1342,TRF,2026-06-27,2,4.5,0.1,0.0
Lab A,1342,TRF,2026-06-27,2,4.667,1.3,0.0
Lab A,1342,TRF,2026-06-27,2,4.833,3.3,0.0
Lab A,1342,TRF,2026-06-27,2,5.0,7.1,0.0
Lab A,1342,TRF,2026-06-27,2,5.167,0.4,646.1
Lab A,1342,TRF,2026-06-27,2,5.333,1.2,712.4
Lab A,1342,TRF,2026-06-27,2,5.5,0.8,712.4
Lab A,1342,TRF,2026-06-27,2,5.667,2.2,711.5
Lab A,1342,TRF,2026-06-27,2,5.833,8.3,710.5
Lab A,1342,TRF,2026-06-27,2,6.0,3.8,710.5
Lab A,1342,TRF,2026-06-27,2,6.167,3.3,710.8
Lab A,1342,TRF,2026-06-27,2,6.333,0.5,710.8
Lab A,1342,TRF,2026-06-27,2,6.5,0.7,710.4
Lab A,1342,TRF,2026-06-27,2,6.667,2.7,712.7
Lab A,1342,TRF,2026-06-27,2,6.833,19.1,709.7
Lab A,1342,TRF,2026-06-27,2,7.0,7.5,709.9
Lab A,1342,TRF,2026-06-27,2,7.167,0.5,710.0
Lab A,1342,TRF,2026-06-27,2,7.333,2.4,709.7
Lab A,1342,TRF,2026-06-27,2,7.5,1.3,709.7
Lab A,1342,TRF,2026-06-27,2,7.667,3.5,709.0
Lab A,1342,TRF,2026-06-27,2,7.833,3.3,709.3
Lab A,1342,TRF,2026-06-27,2,8.0,0.8,709.6
Lab A,1342,TRF,2026-06-27,2,8.167,0.8,709.5
Lab A,1342,TRF,2026-06-27,2,8.333,2.6,708.5
Lab A,1342,TRF,2026-06-27,2,8.5,1.8,708.7
Lab A,1342,TRF,2026-06-27,2,8.667,1.1,707.7
Lab A,1342,TRF,2026-06-27,2,8.833,14.3,707.5
Lab A,1342,TRF,2026-06-27,2,9.0,18.9,709.2
Lab A,1342,TRF,2026-06-27,2,9.167,27.2,707.2
Lab A,1342,TRF,2026-06-27,2,9.333,2.0,708.5
Lab A,1342,TRF,2026-06-27,2,9.5,0.3,708.5
Lab A,1342,TRF,2026-06-27,2,9.667,0.6,707.5
Lab A,1342,TRF,2026-06-27,2,9.833,0.2,708.3
Lab A,1342,TRF,2026-06-27,2,10.0,0.3,708.0
Lab A,1342,TRF,2026-06-27,2,10.167,9.8,706.9
Lab A,1342,TRF,2026-06-27,2,10.333,10.7,707.1
Lab A,1342,TRF,2026-06-27,2,10.5,4.5,707.6
Lab A,1342,TRF,2026-06-27,2,10.667,0.2,708.2
Lab A,1342,TRF,2026-06-27,2,10.833,0.4,707.8
Lab A,1342,TRF,2026-06-27,2,11.0,1.1,707.3
Lab A,1342,TRF,2026-06-27,2,11.167,1.1,707.2
Lab A,1342,TRF,2026-06-27,2,11.333,0.2,707.7
Lab A,1342,TRF,2026-06-27,2,11.5,5.7,689.3
Lab A,1342,TRF,2026-06-27,2,11.667,19.9,633.7
Lab A,1342,TRF,2026-06-27,2,11.833,31.0,684.9
Lab A,1342,TRF,2026-06-27,2,12.0,13.6,702.0
Lab A,1342,TRF,2026-06-27,2,12.167,0.2,702.5
Lab A,1342,TRF,2026-06-27,2,12.333,0.2,701.3
Lab A,1342,TRF,2026-06-27,2,12.5,0.0,701.8
Lab A,1342,TRF,2026-06-27,2,12.667,1.5,700.8
Lab A,1342,TRF,2026-06-27,2,12.833,0.0,700.7
Lab A,1342,TRF,2026-06-27,2,13.0,1.2,701.6
Lab A,1342,TRF,2026-06-27,2,13.167,1.6,701.6
Lab A,1342,TRF,2026-06-27,2,13.333,0.2,700.9
Lab A,1342,TRF,2026-06-27,2,13.5,0.4,701.1
Lab A,1342,TRF,2026-06-27,2,13.667,8.2,700.2
Lab A,1342,TRF,2026-06-27,2,13.833,11.9,700.8
Lab A,1342,TRF,2026-06-27,2,14.0,1.3,700.0
Lab A,1342,TRF,2026-06-27,2,14.167,0.6,700.3
Lab A,1342,TRF,2026-06-27,2,14.333,0.2,699.3
Lab A,1342,TRF,2026-06-27,2,14.5,1.7,700.1
Lab A,1342,TRF,2026-06-27,2,14.667,1.8,700.2
Lab A,1342,TRF,2026-06-27,2,14.833,9.8,700.4
Lab A,1342,TRF,2026-06-27,2,15.0,0.4,699.7
Lab A,1342,TRF,2026-06-27,2,15.167,0.3,700.5
Lab A,1342,TRF,2026-06-27,2,15.333,1.0,699.5
Lab A,1342,TRF,2026-06-27,2,15.5,0.3,700.3
Lab A,1342,TRF,2026-06-27,2,15.667,2.4,700.0
Lab A,1342,TRF,2026-06-27,2,15.833,14.8,699.3
Lab A,1342,TRF,2026-06-27,2,16.0,16.3,699.3
Lab A,1342,TRF,2026-06-27,2,16.167,1.1,699.5
Lab A,1342,TRF,2026-06-27,2,16.333,2.7,699.3
Lab A,1342,TRF,2026-06-27,2,16.5,0.7,698.7
Lab A,1342,TRF,2026-06-27,2,16.667,0.3,699.2
Lab A,1342,TRF,2026-06-27,2,16.833,7.2,698.5
Lab A,1342,TRF,2026-06-27,2,17.0,24.4,558.6
Lab A,1342,TRF,2026-06-27,2,17.167,6.1,0.0
Lab A,1342,TRF,2026-06-27,2,17.333,12.6,0.0
Lab A,1342,TRF,2026-06-27,2,17.5,0.9,0.0
Lab A,1342,TRF,2026-06-27,2,17.667,23.5,0.0
Lab A,1342,TRF,2026-06-27,2,17.833,6.7,0.0
Lab A,1342,TRF,2026-06-27,2,18.0,31.7,0.0
Lab A,1342,TRF,2026-06-27,2,18.167,15.8,0.0
Lab A,1342,TRF,2026-06-27,2,18.333,14.8,0.0
Lab A,1342,TRF,2026-06-27,2,18.5,7.9,0.0
Lab A,1342,TRF,2026-06-27,2,18.667,25.7,0.0
Lab A,1342,TRF,2026-06-27,2,18.833,4.5,0.0
Lab A,1342,TRF,2026-06-27,2,19.0,14.0,0.0
Lab A,1342,TRF,2026-06-27,2,19.167,0.4,0.0
Lab A,1342,TRF,2026-06-27,2,19.333,40.2,0.0
Lab A,1342,TRF,2026-06-27,2,19.5,26.1,0.0
Lab A,1342,TRF,2026-06-27,2,19.667,18.8,0.0
Lab A,1342,TRF,2026-06-27,2,19.833,14.5,0.0
Lab A,1342,TRF,2026-06-27,2,20.0,15.8,0.0
Lab A,1342,TRF,2026-06-27,2,20.167,5.6,0.0
Lab A,1342,TRF,2026-06-27,2,20.333,3.5,0.0
Lab A,1342,TRF,2026-06-27,2,20.5,3.1,0.0
Lab A,1342,TRF,2026-06-27,2,20.667,25.3,0.0
Lab A,1342,TRF,2026-06-27,2,20.833,9.9,0.0
Lab A,1342,TRF,2026-06-27,2,21.0,8.7,0.0
Lab A,1342,TRF,2026-06-27,2,21.167,7.7,0.0
Lab A,1342,TRF,2026-06-27,2,21.333,5.9,0.0
Lab A,1342,TRF,2026-06-27,2,21.5,30.3,0.0
Lab A,1342,TRF,2026-06-27,2,21.667,0.6,0.0
Lab A,1342,TRF,2026-06-27,2,21.833,9.8,0.0
Lab A,1342,TRF,2026-06-27,2,22.0,5.9,0.0
Lab A,1342,TRF,2026-06-27,2,22.167,27.3,0.0
Lab A,1342,TRF,2026-06-27,2,22.333,46.7,0.0
Lab A,1342,TRF,2026-06-27,2,22.5,8.2,0.0
Lab A,1342,TRF,2026-06-27,2,22.667,1.7,0.0
Lab A,1342,TRF,2026-06-27,2,22.833,1.5,0.0
Lab A,1342,TRF,2026-06-27,2,23.0,7.1,0.0
Lab A,1342,TRF,2026-06-27,2,23.167,26.9,0.0
Lab A,1342,TRF,2026-06-27,2,23.333,16.0,0.0
Lab A,1342,TRF,2026-06-27,2,23.5,0.7,0.0
Lab A,1342,TRF,2026-06-27,2,23.667,19.4,0.0
Lab A,1342,TRF,2026-06-27,2,23.833,14.1,0.0
Lab A,1342,TRF,2026-06-28,3,0.0,10.5,0.0
Lab A,1342,TRF,2026-06-28,3,0.167,3.0,0.0
Lab A,1342,TRF,2026-06-28,3,0.333,7.2,0.0
Lab A,1342,TRF,2026-06-28,3,0.5,7.9,0.0
Lab A,1342,TRF,2026-06-28,3,0.667,27.8,0.0
Lab A,1342,TRF,2026-06-28,3,0.833,19.3,0.0
Lab A,1342,TRF,2026-06-28,3,1.0,4.4,0.0
Lab A,1342,TRF,2026-06-28,3,1.167,2.2,0.0
Lab A,1342,TRF,2026-06-28,3,1.333,5.3,0.0
Lab A,1342,TRF,2026-06-28,3,1.5,2.6,0.0
Lab A,1342,TRF,2026-06-28,3,1.667,5.1,0.0
Lab A,1342,TRF,2026-06-28,3,1.833,27.9,0.0
Lab A,1342,TRF,2026-06-28,3,2.0,26.0,0.0
Lab A,1342,TRF,2026-06-28,3,2.167,17.1,0.0
Lab A,1342,TRF,2026-06-28,3,2.333,1.0,0.0
Lab A,1342,TRF,2026-06-28,3,2.5,27.9,0.0
Lab A,1342,TRF,2026-06-28,3,2.667,23.7,0.0
Lab A,1342,TRF,2026-06-28,3,2.833,37.2,0.0
Lab A,1342,TRF,2026-06-28,3,3.0,55.8,0.0
Lab A,1342,TRF,2026-06-28,3,3.167,36.9,0.0
Lab A,1342,TRF,2026-06-28,3,3.333,14.1,0.0
Lab A,1342,TRF,2026-06-28,3,3.5,2.2,0.0
Lab A,1342,TRF,2026-06-28,3,3.667,1.5,0.0
Lab A,1342,TRF,2026-06-28,3,3.833,1.3,0.0
Lab A,1342,TRF,2026-06-28,3,4.0,2.0,0.0
Lab A,1342,TRF,2026-06-28,3,4.167,5.1,0.0
Lab A,1342,TRF,2026-06-28,3,4.333,32.7,0.0
Lab A,1342,TRF,2026-06-28,3,4.5,0.5,0.0
Lab A,1342,TRF,2026-06-28,3,4.667,0.0,0.0
Lab A,1342,TRF,2026-06-28,3,4.833,2.8,0.0
Lab A,1342,TRF,2026-06-28,3,5.0,1.5,0.0
Lab A,1342,TRF,2026-06-28,3,5.167,22.7,640.5
Lab A,1342,TRF,2026-06-28,3,5.333,18.5,712.8
Lab A,1342,TRF,2026-06-28,3,5.5,38.3,699.8
Lab A,1342,TRF,2026-06-28,3,5.667,46.4,704.8
Lab A,1342,TRF,2026-06-28,3,5.833,22.4,709.2
Lab A,1342,TRF,2026-06-28,3,6.0,0.0,709.4
Lab A,1342,TRF,2026-06-28,3,6.167,0.3,708.7
Lab A,1342,TRF,2026-06-28,3,6.333,2.3,708.5
Lab A,1342,TRF,2026-06-28,3,6.5,0.3,708.6
Lab A,1342,TRF,2026-06-28,3,6.667,3.4,708.3
Lab A,1342,TRF,2026-06-28,3,6.833,0.3,707.9
Lab A,1342,TRF,2026-06-28,3,7.0,14.6,707.5
Lab A,1342,TRF,2026-06-28,3,7.167,4.8,708.1
Lab A,1342,TRF,2026-06-28,3,7.333,0.0,706.8
Lab A,1342,TRF,2026-06-28,3,7.5,0.3,707.4
Lab A,1342,TRF,2026-06-28,3,7.667,2.6,707.5
Lab A,1342,TRF,2026-06-28,3,7.833,0.4,707.3
Lab A,1342,TRF,2026-06-28,3,8.0,0.4,707.1
Lab A,1342,TRF,2026-06-28,3,8.167,0.2,707.6
Lab A,1342,TRF,2026-06-28,3,8.333,22.2,705.5
Lab A,1342,TRF,2026-06-28,3,8.5,2.1,704.6
Lab A,1342,TRF,2026-06-28,3,8.667,0.4,704.2
Lab A,1342,TRF,2026-06-28,3,8.833,1.8,704.3
Lab A,1342,TRF,2026-06-28,3,9.0,0.7,704.9
Lab A,1342,TRF,2026-06-28,3,9.167,0.6,704.3
Lab A,1342,TRF,2026-06-28,3,9.333,11.8,703.3
Lab A,1342,TRF,2026-06-28,3,9.5,8.5,703.7
Lab A,1342,TRF,2026-06-28,3,9.667,0.2,704.3
Lab A,1342,TRF,2026-06-28,3,9.833,7.7,703.4
Lab A,1342,TRF,2026-06-28,3,10.0,12.9,703.5
Lab A,1342,TRF,2026-06-28,3,10.167,4.0,704.3
Lab A,1342,TRF,2026-06-28,3,10.333,0.7,703.9
Lab A,1342,TRF,2026-06-28,3,10.5,1.9,704.3
Lab A,1342,TRF,2026-06-28,3,10.667,0.2,703.5
Lab A,1342,TRF,2026-06-28,3,10.833,0.9,703.6
Lab A,1342,TRF,2026-06-28,3,11.0,5.9,705.7
Lab A,1342,TRF,2026-06-28,3,11.167,36.2,704.7
Lab A,1342,TRF,2026-06-28,3,11.333,16.9,704.0
Lab A,1342,TRF,2026-06-28,3,11.5,0.2,704.7
Lab A,1342,TRF,2026-06-28,3,11.667,0.5,704.9
Lab A,1342,TRF,2026-06-28,3,11.833,0.2,705.1
Lab A,1342,TRF,2026-06-28,3,12.0,0.5,704.6
Lab A,1342,TRF,2026-06-28,3,12.167,1.1,704.6
Lab A,1342,TRF,2026-06-28,3,12.333,1.3,705.9
Lab A,1342,TRF,2026-06-28,3,12.5,1.2,706.0
Lab A,1342,TRF,2026-06-28,3,12.667,3.6,682.9
Lab A,1342,TRF,2026-06-28,3,12.833,13.4,634.2
Lab A,1342,TRF,2026-06-28,3,13.0,8.3,685.9
Lab A,1342,TRF,2026-06-28,3,13.167,36.6,703.0
Lab A,1342,TRF,2026-06-28,3,13.333,12.2,701.6
Lab A,1342,TRF,2026-06-28,3,13.5,0.5,702.5
Lab A,1342,TRF,2026-06-28,3,13.667,1.0,701.9
Lab A,1342,TRF,2026-06-28,3,13.833,0.0,701.5
Lab A,1342,TRF,2026-06-28,3,14.0,1.5,701.4
Lab A,1342,TRF,2026-06-28,3,14.167,0.2,701.5
Lab A,1342,TRF,2026-06-28,3,14.333,0.9,700.8
Lab A,1342,TRF,2026-06-28,3,14.5,0.4,700.9
Lab A,1342,TRF,2026-06-28,3,14.667,0.4,700.8
Lab A,1342,TRF,2026-06-28,3,14.833,0.3,701.5
Lab A,1342,TRF,2026-06-28,3,15.0,0.6,701.4
Lab A,1342,TRF,2026-06-28,3,15.167,16.6,700.5
Lab A,1342,TRF,2026-06-28,3,15.333,7.5,699.7
Lab A,1342,TRF,2026-06-28,3,15.5,10.9,702.9
Lab A,1342,TRF,2026-06-28,3,15.667,2.7,700.5
Lab A,1342,TRF,2026-06-28,3,15.833,0.8,699.9
Lab A,1342,TRF,2026-06-28,3,16.0,0.3,699.2
Lab A,1342,TRF,2026-06-28,3,16.167,2.3,699.6
Lab A,1342,TRF,2026-06-28,3,16.333,0.7,699.9
Lab A,1342,TRF,2026-06-28,3,16.5,0.6,700.0
Lab A,1342,TRF,2026-06-28,3,16.667,12.8,700.0
Lab A,1342,TRF,2026-06-28,3,16.833,22.6,699.0
Lab A,1342,TRF,2026-06-28,3,17.0,1.0,560.7
Lab A,1342,TRF,2026-06-28,3,17.167,2.4,0.0
Lab A,1342,TRF,2026-06-28,3,17.333,21.6,0.0
Lab A,1342,TRF,2026-06-28,3,17.5,33.0,0.0
Lab A,1342,TRF,2026-06-28,3,17.667,36.4,0.0
Lab A,1342,TRF,2026-06-28,3,17.833,11.4,0.0
Lab A,1342,TRF,2026-06-28,3,18.0,12.4,0.0
Lab A,1342,TRF,2026-06-28,3,18.167,18.6,0.0
Lab A,1342,TRF,2026-06-28,3,18.333,13.7,0.0
Lab A,1342,TRF,2026-06-28,3,18.5,24.7,0.0
Lab A,1342,TRF,2026-06-28,3,18.667,18.4,0.0
Lab A,1342,TRF,2026-06-28,3,18.833,5.0,0.0
Lab A,1342,TRF,2026-06-28,3,19.0,6.6,0.0
Lab A,1342,TRF,2026-06-28,3,19.167,4.1,0.0
Lab A,1342,TRF,2026-06-28,3,19.333,23.6,0.0
Lab A,1342,TRF,2026-06-28,3,19.5,34.4,0.0
Lab A,1342,TRF,2026-06-28,3,19.667,14.1,0.0
Lab A,1342,TRF,2026-06-28,3,19.833,14.6,0.0
Lab A,1342,TRF,2026-06-28,3,20.0,6.6,0.0
Lab A,1342,TRF,2026-06-28,3,20.167,7.3,0.0
Lab A,1342,TRF,2026-06-28,3,20.333,8.3,0.0
Lab A,1342,TRF,2026-06-28,3,20.5,26.6,0.0
Lab A,1342,TRF,2026-06-28,3,20.667,14.6,0.0
Lab A,1342,TRF,2026-06-28,3,20.833,15.0,0.0
Lab A,1342,TRF,2026-06-28,3,21.0,13.6,0.0
Lab A,1342,TRF,2026-06-28,3,21.167,38.4,0.0
Lab A,1342,TRF,2026-06-28,3,21.333,20.7,0.0
Lab A,1342,TRF,2026-06-28,3,21.5,0.8,0.0
Lab A,1342,TRF,2026-06-28,3,21.667,14.8,0.0
Lab A,1342,TRF,2026-06-28,3,21.833,5.4,0.0
Lab A,1342,TRF,2026-06-28,3,22.0,11.5,0.0
Lab A,1342,TRF,2026-06-28,3,22.167,4.4,0.0
Lab A,1342,TRF,2026-06-28,3,22.333,22.0,0.0
Lab A,1342,TRF,2026-06-28,3,22.5,15.8,0.0
Lab A,1342,TRF,2026-06-28,3,22.667,15.8,0.0
Lab A,1342,TRF,2026-06-28,3,22.833,16.7,0.0
Lab A,1342,TRF,2026-06-28,3,23.0,31.9,0.0
Lab A,1342,TRF,2026-06-28,3,23.167,2.6,0.0
Lab A,1342,TRF,2026-06-28,3,23.333,5.0,0.0
Lab A,1342,TRF,2026-06-28,3,23.5,29.1,0.0
Lab A,1342,TRF,2026-06-28,3,23.667,3.8,0.0
Lab A,1342,TRF,2026-06-28,3,23.833,3.8,0.0
Lab A,1342,TRF,2026-06-29,4,0.0,10.6,0.0
Lab A,1342,TRF,2026-06-29,4,0.167,21.3,0.0
Lab A,1342,TRF,2026-06-29,4,0.333,2.2,0.0
Lab A,1342,TRF,2026-06-29,4,0.5,4.2,0.0
Lab A,1342,TRF,2026-06-29,4,0.667,1.9,0.0
Lab A,1342,TRF,2026-06-29,4,0.833,11.9,0.0
Lab A,1342,TRF,2026-06-29,4,1.0,40.4,0.0
Lab A,1342,TRF,2026-06-29,4,1.167,60.4,0.0
Lab A,1342,TRF,2026-06-29,4,1.333,40.9,0.0
Lab A,1342,TRF,2026-06-29,4,1.5,21.8,0.0
Lab A,1342,TRF,2026-06-29,4,1.667,56.9,0.0
Lab A,1342,TRF,2026-06-29,4,1.833,37.7,0.0
Lab A,1342,TRF,2026-06-29,4,2.0,3.0,0.0
Lab A,1342,TRF,2026-06-29,4,2.167,1.5,0.0
Lab A,1342,TRF,2026-06-29,4,2.333,0.5,0.0
Lab A,1342,TRF,2026-06-29,4,2.5,2.3,0.0
Lab A,1342,TRF,2026-06-29,4,2.667,13.0,0.0
Lab A,1342,TRF,2026-06-29,4,2.833,2.4,0.0
Lab A,1342,TRF,2026-06-29,4,3.0,6.9,0.0
Lab A,1342,TRF,2026-06-29,4,3.167,37.3,0.0
Lab A,1342,TRF,2026-06-29,4,3.333,29.7,0.0
Lab A,1342,TRF,2026-06-29,4,3.5,14.2,0.0
Lab A,1342,TRF,2026-06-29,4,3.667,1.0,0.0
Lab A,1342,TRF,2026-06-29,4,3.833,0.3,0.0
Lab A,1342,TRF,2026-06-29,4,4.0,12.6,0.0
Lab A,1342,TRF,2026-06-29,4,4.167,8.6,0.0
Lab A,1342,TRF,2026-06-29,4,4.333,6.3,0.0
Lab A,1342,TRF,2026-06-29,4,4.5,10.6,0.0
Lab A,1342,TRF,2026-06-29,4,4.667,40.8,0.0
Lab A,1342,TRF,2026-06-29,4,4.833,44.0,0.0
Lab A,1342,TRF,2026-06-29,4,5.0,32.6,0.0
Lab A,1342,TRF,2026-06-29,4,5.167,1.0,639.0
Lab A,1342,TRF,2026-06-29,4,5.333,1.0,704.7
Lab A,1342,TRF,2026-06-29,4,5.5,0.7,704.0
Lab A,1342,TRF,2026-06-29,4,5.667,0.2,703.1
Lab A,1342,TRF,2026-06-29,4,5.833,0.1,702.6
Lab A,1342,TRF,2026-06-29,4,6.0,0.5,702.4
Lab A,1342,TRF,2026-06-29,4,6.167,0.2,701.7
Lab A,1342,TRF,2026-06-29,4,6.333,0.6,702.0
Lab A,1342,TRF,2026-06-29,4,6.5,8.6,701.1
Lab A,1342,TRF,2026-06-29,4,6.667,2.6,701.7
Lab A,1342,TRF,2026-06-29,4,6.833,0.8,702.2
Lab A,1342,TRF,2026-06-29,4,7.0,1.7,701.1
Lab A,1342,TRF,2026-06-29,4,7.167,1.0,701.0
Lab A,1342,TRF,2026-06-29,4,7.333,0.4,700.8
Lab A,1342,TRF,2026-06-29,4,7.5,0.7,701.3
Lab A,1342,TRF,2026-06-29,4,7.667,0.5,701.6
Lab A,1342,TRF,2026-06-29,4,7.833,0.9,700.8
Lab A,1342,TRF,2026-06-29,4,8.0,4.1,700.9
Lab A,1342,TRF,2026-06-29,4,8.167,19.3,700.5
Lab A,1342,TRF,2026-06-29,4,8.333,0.7,700.0
Lab A,1342,TRF,2026-06-29,4,8.5,0.2,700.3
Lab A,1342,TRF,2026-06-29,4,8.667,16.5,699.9
Lab A,1342,TRF,2026-06-29,4,8.833,3.0,699.0
Lab A,1342,TRF,2026-06-29,4,9.0,0.0,699.8
Lab A,1342,TRF,2026-06-29,4,9.167,0.0,699.9
Lab A,1342,TRF,2026-06-29,4,9.333,0.9,698.9
Lab A,1342,TRF,2026-06-29,4,9.5,1.0,699.8
Lab A,1342,TRF,2026-06-29,4,9.667,1.0,699.1
Lab A,1342,TRF,2026-06-29,4,9.833,0.0,698.0
Lab A,1342,TRF,2026-06-29,4,10.0,2.2,699.0
Lab A,1342,TRF,2026-06-29,4,10.167,0.4,699.7
Lab A,1342,TRF,2026-06-29,4,10.333,0.0,699.8
Lab A,1342,TRF,2026-06-29,4,10.5,0.5,698.9
Lab A,1342,TRF,2026-06-29,4,10.667,1.3,697.8
Lab A,1342,TRF,2026-06-29,4,10.833,3.2,694.0
Lab A,1342,TRF,2026-06-29,4,11.0,12.9,653.8
Lab A,1342,TRF,2026-06-29,4,11.167,18.6,627.5
Lab A,1342,TRF,2026-06-29,4,11.333,21.6,686.2
Lab A,1342,TRF,2026-06-29,4,11.5,20.8,700.8
Lab A,1342,TRF,2026-06-29,4,11.667,13.9,702.0
Lab A,1342,TRF,2026-06-29,4,11.833,0.2,702.2
Lab A,1342,TRF,2026-06-29,4,12.0,0.0,701.8
Lab A,1342,TRF,2026-06-29,4,12.167,1.2,702.0
Lab A,1342,TRF,2026-06-29,4,12.333,0.7,702.7
Lab A,1342,TRF,2026-06-29,4,12.5,0.2,704.7
Lab A,1342,TRF,2026-06-29,4,12.667,1.9,704.6
Lab A,1342,TRF,2026-06-29,4,12.833,1.5,704.2
Lab A,1342,TRF,2026-06-29,4,13.0,0.0,704.6
Lab A,1342,TRF,2026-06-29,4,13.167,0.0,704.7
Lab A,1342,TRF,2026-06-29,4,13.333,1.3,704.2
Lab A,1342,TRF,2026-06-29,4,13.5,0.3,703.8
Lab A,1342,TRF,2026-06-29,4,13.667,17.6,702.5
Lab A,1342,TRF,2026-06-29,4,13.833,15.0,702.9
Lab A,1342,TRF,2026-06-29,4,14.0,0.3,703.0
Lab A,1342,TRF,2026-06-29,4,14.167,0.7,703.0
Lab A,1342,TRF,2026-06-29,4,14.333,1.1,703.3
Lab A,1342,TRF,2026-06-29,4,14.5,0.2,703.8
Lab A,1342,TRF,2026-06-29,4,14.667,0.7,703.5
Lab A,1342,TRF,2026-06-29,4,14.833,0.2,703.2
Lab A,1342,TRF,2026-06-29,4,15.0,8.0,702.5
Lab A,1342,TRF,2026-06-29,4,15.167,0.8,702.6
Lab A,1342,TRF,2026-06-29,4,15.333,0.6,702.6
Lab A,1342,TRF,2026-06-29,4,15.5,0.2,702.0
Lab A,1342,TRF,2026-06-29,4,15.667,0.1,702.1
Lab A,1342,TRF,2026-06-29,4,15.833,0.9,702.0
Lab A,1342,TRF,2026-06-29,4,16.0,13.2,701.0
Lab A,1342,TRF,2026-06-29,4,16.167,26.4,700.7
Lab A,1342,TRF,2026-06-29,4,16.333,1.4,702.1
Lab A,1342,TRF,2026-06-29,4,16.5,0.9,701.8
Lab A,1342,TRF,2026-06-29,4,16.667,1.4,701.5
Lab A,1342,TRF,2026-06-29,4,16.833,9.6,701.2
Lab A,1342,TRF,2026-06-29,4,17.0,27.2,561.0
Lab A,1342,TRF,2026-06-29,4,17.167,36.8,0.0
Lab A,1342,TRF,2026-06-29,4,17.333,44.6,0.0
Lab A,1342,TRF,2026-06-29,4,17.5,0.6,0.0
Lab A,1342,TRF,2026-06-29,4,17.667,12.5,0.0
Lab A,1342,TRF,2026-06-29,4,17.833,5.9,0.0
Lab A,1342,TRF,2026-06-29,4,18.0,15.5,0.0
Lab A,1342,TRF,2026-06-29,4,18.167,39.2,0.0
Lab A,1342,TRF,2026-06-29,4,18.333,36.3,0.0
Lab A,1342,TRF,2026-06-29,4,18.5,40.8,0.0
Lab A,1342,TRF,2026-06-29,4,18.667,30.3,0.0
Lab A,1342,TRF,2026-06-29,4,18.833,36.5,0.0
Lab A,1342,TRF,2026-06-29,4,19.0,23.3,0.0
Lab A,1342,TRF,2026-06-29,4,19.167,9.1,0.0
Lab A,1342,TRF,2026-06-29,4,19.333,45.5,0.0
Lab A,1342,TRF,2026-06-29,4,19.5,45.6,0.0
Lab A,1342,TRF,2026-06-29,4,19.667,5.9,0.0
Lab A,1342,TRF,2026-06-29,4,19.833,11.4,0.0
Lab A,1342,TRF,2026-06-29,4,20.0,20.4,0.0
Lab A,1342,TRF,2026-06-29,4,20.167,6.2,0.0
Lab A,1342,TRF,2026-06-29,4,20.333,22.0,0.0
Lab A,1342,TRF,2026-06-29,4,20.5,27.8,0.0
Lab A,1342,TRF,2026-06-29,4,20.667,7.9,0.0
Lab A,1342,TRF,2026-06-29,4,20.833,17.9,0.0
Lab A,1342,TRF,2026-06-29,4,21.0,31.3,0.0
Lab A,1342,TRF,2026-06-29,4,21.167,11.9,0.0
Lab A,1342,TRF,2026-06-29,4,21.333,7.8,0.0
Lab A,1342,TRF,2026-06-29,4,21.5,20.3,0.0
Lab A,1342,TRF,2026-06-29,4,21.667,2.5,0.0
Lab A,1342,TRF,2026-06-29,4,21.833,12.4,0.0
Lab A,1342,TRF,2026-06-29,4,22.0,25.4,0.0
Lab A,1342,TRF,2026-06-29,4,22.167,8.2,0.0
Lab A,1342,TRF,2026-06-29,4,22.333,4.0,0.0
Lab A,1342,TRF,2026-06-29,4,22.5,1.7,0.0
Lab A,1342,TRF,2026-06-29,4,22.667,36.1,0.0
Lab A,1342,TRF,2026-06-29,4,22.833,14.6,0.0
Lab A,1342,TRF,2026-06-29,4,23.0,14.8,0.0
Lab A,1342,TRF,2026-06-29,4,23.167,1.8,0.0
Lab A,1342,TRF,2026-06-29,4,23.333,9.8,0.0
Lab A,1342,TRF,2026-06-29,4,23.5,16.5,0.0
Lab A,1342,TRF,2026-06-29,4,23.667,15.8,0.0
Lab A,1342,TRF,2026-06-29,4,23.833,25.7,0.0
Lab A,1342,TRF,2026-06-30,5,0.0,47.1,0.0
Lab A,1342,TRF,2026-06-30,5,0.167,29.6,0.0
Lab A,1342,TRF,2026-06-30,5,0.333,2.3,0.0
Lab A,1342,TRF,2026-06-30,5,0.5,5.8,0.0
Lab A,1342,TRF,2026-06-30,5,0.667,19.5,0.0
Lab A,1342,TRF,2026-06-30,5,0.833,51.7,0.0
Lab A,1342,TRF,2026-06-30,5,1.0,50.8,0.0
Lab A,1342,TRF,2026-06-30,5,1.167,30.3,0.0
Lab A,1342,TRF,2026-06-30,5,1.333,12.9,0.0
Lab A,1342,TRF,2026-06-30,5,1.5,0.4,0.0
Lab A,1342,TRF,2026-06-30,5,1.667,2.8,0.0
Lab A,1342,TRF,2026-06-30,5,1.833,1.9,0.0
Lab A,1342,TRF,2026-06-30,5,2.0,13.8,0.0
Lab A,1342,TRF,2026-06-30,5,2.167,20.6,0.0
Lab A,1342,TRF,2026-06-30,5,2.333,0.8,0.0
Lab A,1342,TRF,2026-06-30,5,2.5,2.0,0.0
Lab A,1342,TRF,2026-06-30,5,2.667,11.9,0.0
Lab A,1342,TRF,2026-06-30,5,2.833,24.3,0.0
Lab A,1342,TRF,2026-06-30,5,3.0,18.8,0.0
Lab A,1342,TRF,2026-06-30,5,3.167,43.0,0.0
Lab A,1342,TRF,2026-06-30,5,3.333,58.9,0.0
Lab A,1342,TRF,2026-06-30,5,3.5,55.2,0.0
Lab A,1342,TRF,2026-06-30,5,3.667,42.1,0.0
Lab A,1342,TRF,2026-06-30,5,3.833,44.3,0.0
Lab A,1342,TRF,2026-06-30,5,4.0,35.4,0.0
Lab A,1342,TRF,2026-06-30,5,4.167,1.8,0.0
Lab A,1342,TRF,2026-06-30,5,4.333,2.3,0.0
Lab A,1342,TRF,2026-06-30,5,4.5,0.9,0.0
Lab A,1342,TRF,2026-06-30,5,4.667,0.2,0.0
Lab A,1342,TRF,2026-06-30,5,4.833,1.1,0.0
Lab A,1342,TRF,2026-06-30,5,5.0,3.8,0.0
Lab A,1342,TRF,2026-06-30,5,5.167,9.0,641.9
Lab A,1342,TRF,2026-06-30,5,5.333,26.7,705.8
Lab A,1342,TRF,2026-06-30,5,5.5,38.7,708.4
Lab A,1342,TRF,2026-06-30,5,5.667,51.7,706.1
Lab A,1342,TRF,2026-06-30,5,5.833,23.4,707.7
Lab A,1342,TRF,2026-06-30,5,6.0,0.1,708.4
Lab A,1342,TRF,2026-06-30,5,6.167,0.0,708.4
Lab A,1342,TRF,2026-06-30,5,6.333,1.3,708.2
Lab A,1342,TRF,2026-06-30,5,6.5,1.0,707.8
Lab A,1342,TRF,2026-06-30,5,6.667,1.2,707.4
Lab A,1342,TRF,2026-06-30,5,6.833,1.6,706.8
Lab A,1342,TRF,2026-06-30,5,7.0,8.9,706.9
Lab A,1342,TRF,2026-06-30,5,7.167,6.1,709.0
Lab A,1342,TRF,2026-06-30,5,7.333,1.5,708.7
Lab A,1342,TRF,2026-06-30,5,7.5,0.6,709.1
Lab A,1342,TRF,2026-06-30,5,7.667,1.8,708.4
Lab A,1342,TRF,2026-06-30,5,7.833,7.4,708.3
Lab A,1342,TRF,2026-06-30,5,8.0,19.1,707.6
Lab A,1342,TRF,2026-06-30,5,8.167,5.2,708.7
Lab A,1342,TRF,2026-06-30,5,8.333,0.3,708.6
Lab A,1342,TRF,2026-06-30,5,8.5,0.0,708.7
Lab A,1342,TRF,2026-06-30,5,8.667,0.0,708.5
Lab A,1342,TRF,2026-06-30,5,8.833,3.0,708.1
Lab A,1342,TRF,2026-06-30,5,9.0,1.7,708.8
Lab A,1342,TRF,2026-06-30,5,9.167,12.7,708.7
Lab A,1342,TRF,2026-06-30,5,9.333,2.0,711.1
Lab A,1342,TRF,2026-06-30,5,9.5,53.2,696.6
Lab A,1342,TRF,2026-06-30,5,9.667,43.1,704.2
Lab A,1342,TRF,2026-06-30,5,9.833,15.5,706.1
Lab A,1342,TRF,2026-06-30,5,10.0,1.1,707.1
Lab A,1342,TRF,2026-06-30,5,10.167,0.2,707.5
Lab A,1342,TRF,2026-06-30,5,10.333,0.2,707.3
Lab A,1342,TRF,2026-06-30,5,10.5,0.0,707.3
Lab A,1342,TRF,2026-06-30,5,10.667,3.5,705.9
Lab A,1342,TRF,2026-06-30,5,10.833,0.3,705.4
Lab A,1342,TRF,2026-06-30,5,11.0,0.7,706.1
Lab A,1342,TRF,2026-06-30,5,11.167,0.8,705.7
Lab A,1342,TRF,2026-06-30,5,11.333,2.1,705.5
Lab A,1342,TRF,2026-06-30,5,11.5,9.2,705.3
Lab A,1342,TRF,2026-06-30,5,11.667,12.6,680.2
Lab A,1342,TRF,2026-06-30,5,11.833,52.9,633.6
Lab A,1342,TRF,2026-06-30,5,12.0,39.2,600.3
Lab A,1342,TRF,2026-06-30,5,12.167,10.0,681.3
Lab A,1342,TRF,2026-06-30,5,12.333,55.1,695.3
Lab A,1342,TRF,2026-06-30,5,12.5,44.0,690.8
Lab A,1342,TRF,2026-06-30,5,12.667,5.1,693.7
Lab A,1342,TRF,2026-06-30,5,12.833,1.0,694.2
Lab A,1342,TRF,2026-06-30,5,13.0,0.0,694.9
Lab A,1342,TRF,2026-06-30,5,13.167,0.6,694.6
Lab A,1342,TRF,2026-06-30,5,13.333,0.4,694.8
Lab A,1342,TRF,2026-06-30,5,13.5,2.6,694.3
Lab A,1342,TRF,2026-06-30,5,13.667,2.2,694.8
Lab A,1342,TRF,2026-06-30,5,13.833,1.8,694.7
Lab A,1342,TRF,2026-06-30,5,14.0,1.7,694.1
Lab A,1342,TRF,2026-06-30,5,14.167,1.1,694.0
Lab A,1342,TRF,2026-06-30,5,14.333,2.2,693.8
Lab A,1342,TRF,2026-06-30,5,14.5,12.6,694.0
Lab A,1342,TRF,2026-06-30,5,14.667,15.4,693.7
Lab A,1342,TRF,2026-06-30,5,14.833,0.4,694.9
Lab A,1342,TRF,2026-06-30,5,15.0,0.0,694.9
Lab A,1342,TRF,2026-06-30,5,15.167,17.7,681.0
Lab A,1342,TRF,2026-06-30,5,15.333,33.6,696.1
Lab A,1342,TRF,2026-06-30,5,15.5,17.3,695.5
Lab A,1342,TRF,2026-06-30,5,15.667,0.7,696.9
Lab A,1342,TRF,2026-06-30,5,15.833,0.3,696.8
Lab A,1342,TRF,2026-06-30,5,16.0,1.6,696.7
Lab A,1342,TRF,2026-06-30,5,16.167,0.6,696.7
Lab A,1342,TRF,2026-06-30,5,16.333,6.2,696.9
Lab A,1342,TRF,2026-06-30,5,16.5,1.4,697.6
Lab A,1342,TRF,2026-06-30,5,16.667,3.7,697.3
Lab A,1342,TRF,2026-06-30,5,16.833,1.2,697.7
Lab A,1342,TRF,2026-06-30,5,17.0,11.8,558.1
Lab A,1342,TRF,2026-06-30,5,17.167,,
Lab A,1342,TRF,2026-06-30,5,17.333,26.6,0.0
Lab A,1342,TRF,2026-06-30,5,17.5,15.1,0.0
Lab A,1342,TRF,2026-06-30,5,17.667,3.1,0.0
Lab A,1342,TRF,2026-06-30,5,17.833,18.8,0.0
Lab A,1342,TRF,2026-06-30,5,18.0,24.5,0.0
Lab A,1342,TRF,2026-06-30,5,18.167,28.0,0.0
Lab A,1342,TRF,2026-06-30,5,18.333,13.9,0.0
Lab A,1342,TRF,2026-06-30,5,18.5,26.1,0.0
Lab A,1342,TRF,2026-06-30,5,18.667,35.7,0.0
Lab A,1342,TRF,2026-06-30,5,18.833,25.6,0.0
Lab A,1342,TRF,2026-06-30,5,19.0,,
Lab A,1342,TRF,2026-06-30,5,19.167,11.7,0.0
Lab A,1342,TRF,2026-06-30,5,19.333,24.4,0.0
Lab A,1342,TRF,2026-06-30,5,19.5,37.4,0.0
Lab A,1342,TRF,2026-06-30,5,19.667,3.8,0.0
Lab A,1342,TRF,2026-06-30,5,19.833,6.4,0.0
Lab A,1342,TRF,2026-06-30,5,20.0,8.8,0.0
Lab A,1342,TRF,2026-06-30,5,20.167,10.7,0.0
Lab A,1342,TRF,2026-06-30,5,20.333,42.1,0.0
Lab A,1342,TRF,2026-06-30,5,20.5,10.2,0.0
Lab A,1342,TRF,2026-06-30,5,20.667,13.6,0.0
Lab A,1342,TRF,2026-06-30,5,20.833,21.5,0.0
Lab A,1342,TRF,2026-06-30,5,21.0,,
Lab A,1342,TRF,2026-06-30,5,21.167,,
Lab A,1342,TRF,2026-06-30,5,21.333,41.7,0.0
Lab A,1342,TRF,2026-06-30,5,21.5,22.4,0.0
Lab A,1342,TRF,2026-06-30,5,21.667,10.4,0.0
Lab A,1342,TRF,2026-06-30,5,21.833,18.5,0.0
Lab A,1342,TRF,2026-06-30,5,22.0,39.5,0.0
Lab A,1342,TRF,2026-06-30,5,22.167,15.1,0.0
Lab A,1342,TRF,2026-06-30,5,22.333,4.5,0.0
Lab A,1342,TRF,2026-06-30,5,22.5,23.0,0.0
Lab A,1342,TRF,2026-06-30,5,22.667,10.9,0.0
Lab A,1342,TRF,2026-06-30,5,22.833,2.5,0.0
Lab A,1342,TRF,2026-06-30,5,23.0,,
Lab A,1342,TRF,2026-06-30,5,23.167,12.8,0.0
Lab A,1342,TRF,2026-06-30,5,23.333,7.9,0.0
Lab A,1342,TRF,2026-06-30,5,23.5,2.4,0.0
Lab A,1342,TRF,2026-06-30,5,23.667,21.2,0.0
Lab A,1342,TRF,2026-06-30,5,23.833,3.5,0.0
Lab A,1342,TRF,2026-07-01,6,0.0,30.8,0.0
Lab A,1342,TRF,2026-07-01,6,0.167,5.4,0.0
Lab A,1342,TRF,2026-07-01,6,0.333,7.0,0.0
Lab A,1342,TRF,2026-07-01,6,0.5,28.4,0.0
Lab A,1342,TRF,2026-07-01,6,0.667,4.0,0.0
Lab A,1342,TRF,2026-07-01,6,0.833,12.7,0.0
Lab A,1342,TRF,2026-07-01,6,1.0,,
Lab A,1342,TRF,2026-07-01,6,1.167,8.7,0.0
Lab A,1342,TRF,2026-07-01,6,1.333,2.0,0.0
Lab A,1342,TRF,2026-07-01,6,1.5,11.0,0.0
Lab A,1342,TRF,2026-07-01,6,1.667,15.2,0.0
Lab A,1342,TRF,2026-07-01,6,1.833,9.7,0.0
Lab A,1342,TRF,2026-07-01,6,2.0,8.8,0.0
Lab A,1342,TRF,2026-07-01,6,2.167,24.2,0.0
Lab A,1342,TRF,2026-07-01,6,2.333,59.6,0.0
Lab A,1342,TRF,2026-07-01,6,2.5,23.3,0.0
Lab A,1342,TRF,2026-07-01,6,2.667,50.3,0.0
Lab A,1342,TRF,2026-07-01,6,2.833,34.6,0.0
Lab A,1342,TRF,2026-07-01,6,3.0,,
Lab A,1342,TRF,2026-07-01,6,3.167,5.7,0.0
Lab A,1342,TRF,2026-07-01,6,3.333,0.9,0.0
Lab A,1342,TRF,2026-07-01,6,3.5,2.7,0.0
Lab A,1342,TRF,2026-07-01,6,3.667,0.6,0.0
Lab A,1342,TRF,2026-07-01,6,3.833,5.6,0.0
Lab A,1342,TRF,2026-07-01,6,4.0,18.0,0.0
Lab A,1342,TRF,2026-07-01,6,4.167,33.5,0.0
Lab A,1342,TRF,2026-07-01,6,4.333,0.3,0.0
Lab A,1342,TRF,2026-07-01,6,4.5,2.4,0.0
Lab A,1342,TRF,2026-07-01,6,4.667,7.7,0.0
Lab A,1342,TRF,2026-07-01,6,4.833,1.3,0.0
